user_id,signup_date,plan_type,monthly_fee,avg_weekly_usage_hours,support_tickets,payment_failures,tenure_months,last_login_days_ago,churn,churn_probability,estimated_remaining_months,revenue_at_risk,expected_revenue_at_risk,expected_remaining_ltv,risk_level,risk_category,recovery_probability,estimated_recoverable_revenue,recommended_action,intervention_cost,net_recoverable_value,roi_multiple,is_profitable_intervention
1,2023-04-15,Premium,699,1.1,4,1,8,14,Yes,0.736,6,3086.78,3086.78,1107.22,High Risk,High Risk,0.47,1450.79,Payment reminder & Priority billing assistance,35.0,1415.79,41.5,True
2,2023-08-27,Premium,699,2.6,6,0,35,1,Yes,0.5695,8,3184.64,3184.64,2407.36,Medium Risk,Medium Risk,0.59,1878.94,Customer support follow-up,120.0,1758.94,15.7,True
3,2023-10-12,Premium,699,14.3,8,3,2,14,Yes,0.7357,4,2057.02,2057.02,738.98,High Risk,High Risk,0.24,493.68,Payment retry & Concierge billing call,65.0,428.68,7.6,True
4,2023-12-11,Basic,199,17.6,5,2,11,9,Yes,0.5384,6,642.85,642.85,551.15,Medium Risk,Medium Risk,0.5,321.42,Payment retry & Concierge billing call,65.0,256.42,4.9,True
5,2023-02-14,Basic,199,9.8,5,2,6,38,Yes,0.7792,6,930.36,930.36,263.64,High Risk,High Risk,0.1,93.04,Payment retry & Concierge billing call,65.0,28.04,1.4,True
6,2024-10-05,Premium,699,13.6,6,0,30,35,Yes,0.5375,8,3005.7,3005.7,2586.3,Medium Risk,Medium Risk,0.5,1502.85,Customer support follow-up,120.0,1382.85,12.5,True
7,2023-10-24,Premium,699,14.6,1,0,24,42,Yes,0.2847,8,1592.04,1592.04,3999.96,Low Risk,Low Risk,0.71,1130.35,No action,0.0,1130.35,1130.4,False
8,2024-01-09,Basic,199,21.7,6,2,15,29,Yes,0.7891,6,942.19,942.19,251.81,High Risk,High Risk,0.34,320.34,Payment retry & Concierge billing call,65.0,255.34,4.9,True
9,2023-03-15,Basic,199,9.2,4,5,24,59,Yes,0.7935,8,1263.25,1263.25,328.75,High Risk,High Risk,0.05,63.16,Payment retry & Concierge billing call,65.0,-1.84,1.0,False
10,2024-10-17,Premium,699,13.6,3,1,11,29,No,0.3013,6,1263.65,1263.65,2930.35,Low Risk,Low Risk,0.52,657.1,No action,0.0,657.1,657.1,False
11,2023-11-20,Premium,699,5.9,5,0,36,14,No,0.1564,8,874.59,874.59,4717.41,Low Risk,Low Risk,0.66,577.23,No action,0.0,577.23,577.2,False
12,2024-10-20,Standard,399,2.1,5,1,18,41,Yes,0.9114,6,2181.89,2181.89,212.11,Critical Risk,Critical Risk,0.2,436.38,Payment reminder & Priority billing assistance,35.0,401.38,12.5,True
13,2024-08-21,Standard,399,7.0,3,5,10,35,Yes,0.5699,6,1364.34,1364.34,1029.66,Medium Risk,Medium Risk,0.05,68.22,Payment retry & Concierge billing call,65.0,3.22,1.0,True
14,2023-02-18,Standard,399,9.4,2,4,26,31,Yes,0.7123,8,2273.66,2273.66,918.34,High Risk,High Risk,0.21,477.47,Payment retry & Concierge billing call,65.0,412.47,7.3,True
15,2024-09-02,Basic,199,15.9,6,4,10,4,Yes,0.5231,6,624.58,624.58,569.42,Medium Risk,Medium Risk,0.24,149.9,Payment retry & Concierge billing call,65.0,84.9,2.3,True
16,2024-11-29,Standard,399,6.7,8,0,34,43,No,0.4847,8,1547.16,1547.16,1644.84,Medium Risk,Medium Risk,0.35,541.51,Customer support follow-up,120.0,421.51,4.5,True
17,2024-04-09,Premium,699,19.3,5,0,18,18,No,0.2218,6,930.23,930.23,3263.77,Low Risk,Low Risk,0.67,623.25,No action,0.0,623.25,623.2,False
18,2024-10-02,Basic,199,24.3,2,4,17,58,Yes,0.6391,6,763.09,763.09,430.91,High Risk,High Risk,0.36,274.71,Payment retry & Concierge billing call,65.0,209.71,4.2,True
19,2024-06-27,Standard,399,15.4,2,2,33,48,Yes,0.5979,8,1908.5,1908.5,1283.5,Medium Risk,Medium Risk,0.47,897.0,Payment retry & Concierge billing call,65.0,832.0,13.8,True
20,2023-11-11,Basic,199,12.5,1,2,21,56,No,0.4841,8,770.69,770.69,821.31,Medium Risk,Medium Risk,0.49,377.64,Payment retry & Concierge billing call,65.0,312.64,5.8,True
21,2023-03-12,Basic,199,6.4,1,0,4,46,No,0.3514,4,279.71,279.71,516.29,Medium Risk,Medium Risk,0.54,151.04,Engagement campaign,10.0,141.04,15.1,True
22,2024-09-13,Premium,699,3.6,7,4,9,10,Yes,0.9063,6,3801.02,3801.02,392.98,Critical Risk,Critical Risk,0.05,190.05,Payment retry & Concierge billing call,65.0,125.05,2.9,True
23,2024-11-18,Standard,399,23.3,3,5,14,19,No,0.4968,6,1189.34,1189.34,1204.66,Medium Risk,Medium Risk,0.29,344.91,Payment retry & Concierge billing call,65.0,279.91,5.3,True
24,2023-03-07,Premium,699,11.2,8,3,24,7,Yes,0.6155,8,3441.88,3441.88,2150.12,High Risk,High Risk,0.29,998.15,Payment retry & Concierge billing call,65.0,933.15,15.4,True
25,2024-12-25,Standard,399,14.9,3,4,2,14,Yes,0.5935,4,947.23,947.23,648.77,Medium Risk,Medium Risk,0.35,331.53,Payment retry & Concierge billing call,65.0,266.53,5.1,True
26,2023-10-13,Premium,699,6.1,0,2,4,4,No,0.2524,4,705.71,705.71,2090.29,Low Risk,Low Risk,0.58,409.31,No action,0.0,409.31,409.3,False
27,2024-08-13,Premium,699,5.7,2,5,32,59,No,0.5631,8,3148.86,3148.86,2443.14,Medium Risk,Medium Risk,0.08,251.91,Payment retry & Concierge billing call,65.0,186.91,3.9,True
28,2024-03-17,Standard,399,19.7,6,1,16,6,Yes,0.3341,6,799.84,799.84,1594.16,Low Risk,Low Risk,0.66,527.89,No action,0.0,527.89,527.9,False
29,2023-04-11,Standard,399,10.6,0,5,28,41,No,0.4931,8,1573.98,1573.98,1618.02,Medium Risk,Medium Risk,0.21,330.54,Payment retry & Concierge billing call,65.0,265.54,5.1,True
30,2024-04-04,Basic,199,18.3,1,1,26,12,No,0.1343,8,213.81,213.81,1378.19,Low Risk,Low Risk,0.84,179.6,No action,0.0,179.6,179.6,False
31,2024-03-29,Basic,199,5.0,7,1,28,55,No,0.3849,8,612.76,612.76,979.24,Medium Risk,Medium Risk,0.27,165.45,Payment reminder,15.0,150.45,11.0,True
32,2023-08-31,Premium,699,1.7,8,0,7,5,No,0.2021,6,847.61,847.61,3346.39,Low Risk,Low Risk,0.42,356.0,No action,0.0,356.0,356.0,False
33,2024-01-24,Basic,199,12.4,3,3,27,57,Yes,0.6599,8,1050.56,1050.56,541.44,High Risk,High Risk,0.3,315.17,Payment retry & Concierge billing call,65.0,250.17,4.8,True
34,2024-07-23,Basic,199,7.0,7,2,25,27,Yes,0.784,8,1248.13,1248.13,343.87,High Risk,High Risk,0.15,187.22,Payment retry & Concierge billing call,65.0,122.22,2.9,True
35,2024-07-09,Premium,699,4.3,4,1,32,3,No,0.5421,8,3031.42,3031.42,2560.58,Medium Risk,Medium Risk,0.58,1758.22,Payment reminder & Priority billing assistance,35.0,1723.22,50.2,True
36,2023-06-11,Basic,199,1.9,7,4,21,58,Yes,0.9834,8,1565.57,1565.57,26.43,Critical Risk,Critical Risk,0.05,78.28,Payment retry & Concierge billing call,65.0,13.28,1.2,True
37,2023-08-29,Basic,199,2.5,2,0,33,38,Yes,0.794,8,1264.05,1264.05,327.95,High Risk,High Risk,0.43,543.54,Engagement campaign,10.0,533.54,54.4,True
38,2023-03-25,Standard,399,23.6,3,4,8,38,Yes,0.6284,6,1504.39,1504.39,889.61,High Risk,High Risk,0.24,361.05,Payment retry & Concierge billing call,65.0,296.05,5.6,True
39,2023-09-02,Standard,399,8.3,4,1,34,42,No,0.4516,8,1441.51,1441.51,1750.49,Medium Risk,Medium Risk,0.42,605.43,Payment reminder & Priority billing assistance,35.0,570.43,17.3,True
40,2023-03-16,Standard,399,3.7,4,3,26,20,No,0.6518,8,2080.55,2080.55,1111.45,High Risk,High Risk,0.26,540.94,Payment retry & Concierge billing call,65.0,475.94,8.3,True
41,2023-09-29,Basic,199,15.7,1,0,30,34,Yes,0.3074,8,489.38,489.38,1102.62,Low Risk,Low Risk,0.72,352.35,No action,0.0,352.35,352.4,False
42,2024-07-10,Basic,199,22.1,3,2,23,18,Yes,0.4716,8,750.79,750.79,841.21,Medium Risk,Medium Risk,0.58,435.46,Payment retry & Concierge billing call,65.0,370.46,6.7,True
43,2023-11-03,Premium,699,15.5,8,0,20,42,No,0.4588,8,2565.61,2565.61,3026.39,Medium Risk,Medium Risk,0.44,1128.87,Customer support follow-up,120.0,1008.87,9.4,True
44,2024-07-20,Premium,699,23.5,2,2,7,7,No,0.3276,6,1373.95,1373.95,2820.05,Low Risk,Low Risk,0.68,934.29,No action,0.0,934.29,934.3,False
45,2024-10-11,Basic,199,7.4,3,5,18,21,Yes,0.6091,6,727.27,727.27,466.73,High Risk,High Risk,0.13,94.55,Payment retry & Concierge billing call,65.0,29.55,1.5,True
46,2023-10-11,Standard,399,12.5,0,0,33,40,No,0.3432,8,1095.49,1095.49,2096.51,Low Risk,Low Risk,0.72,788.75,No action,0.0,788.75,788.8,False
47,2024-03-28,Basic,199,8.7,2,5,1,16,Yes,0.6084,4,484.29,484.29,311.71,High Risk,High Risk,0.11,53.27,Payment retry & Concierge billing call,65.0,-11.73,0.8,False
48,2023-06-02,Premium,699,14.2,1,0,28,60,No,0.3095,8,1730.72,1730.72,3861.28,Low Risk,Low Risk,0.7,1211.5,No action,0.0,1211.5,1211.5,False
49,2023-11-12,Premium,699,20.9,8,1,3,27,Yes,0.6895,4,1927.84,1927.84,868.16,High Risk,High Risk,0.39,751.86,Payment reminder & Priority billing assistance,35.0,716.86,21.5,True
50,2023-12-29,Standard,399,22.5,3,5,3,15,No,0.5514,4,880.03,880.03,715.97,Medium Risk,Medium Risk,0.2,176.01,Payment retry & Concierge billing call,65.0,111.01,2.7,True
51,2023-07-01,Premium,699,24.4,2,1,27,55,Yes,0.4701,8,2628.8,2628.8,2963.2,Medium Risk,Medium Risk,0.66,1735.01,Payment reminder & Priority billing assistance,35.0,1700.01,49.6,True
52,2023-09-12,Standard,399,4.9,5,3,2,51,Yes,0.8627,4,1376.87,1376.87,219.13,Critical Risk,Critical Risk,0.05,68.84,Payment retry & Concierge billing call,65.0,3.84,1.1,True
53,2024-04-26,Standard,399,19.8,1,3,11,55,Yes,0.6158,6,1474.23,1474.23,919.77,High Risk,High Risk,0.38,560.21,Payment retry & Concierge billing call,65.0,495.21,8.6,True
54,2023-08-22,Basic,199,20.5,7,2,13,19,No,0.6593,6,787.2,787.2,406.8,High Risk,High Risk,0.4,314.88,Payment retry & Concierge billing call,65.0,249.88,4.8,True
55,2023-10-13,Basic,199,16.7,6,2,2,17,No,0.5418,4,431.27,431.27,364.73,Medium Risk,Medium Risk,0.33,142.32,Payment retry & Concierge billing call,65.0,77.32,2.2,True
56,2023-09-25,Standard,399,10.3,8,2,33,60,Yes,0.7782,8,2484.01,2484.01,707.99,High Risk,High Risk,0.06,149.04,Payment retry & Concierge billing call,65.0,84.04,2.3,True
57,2024-03-22,Basic,199,1.4,6,2,17,46,Yes,0.9761,6,1165.46,1165.46,28.54,Critical Risk,Critical Risk,0.05,58.27,Payment retry & Concierge billing call,65.0,-6.73,0.9,False
58,2023-01-02,Premium,699,3.3,3,2,33,2,No,0.2451,8,1370.6,1370.6,4221.4,Low Risk,Low Risk,0.51,699.01,No action,0.0,699.01,699.0,False
59,2024-11-11,Premium,699,17.3,3,2,35,27,Yes,0.4903,8,2741.76,2741.76,2850.24,Medium Risk,Medium Risk,0.53,1453.13,Payment retry & Concierge billing call,65.0,1388.13,22.4,True
60,2023-11-13,Standard,399,16.8,1,5,21,57,Yes,0.6921,8,2209.18,2209.18,982.82,High Risk,High Risk,0.23,508.11,Payment retry & Concierge billing call,65.0,443.11,7.8,True
61,2024-11-11,Premium,699,8.5,4,4,27,8,Yes,0.4424,8,2473.9,2473.9,3118.1,Medium Risk,Medium Risk,0.32,791.65,Payment retry & Concierge billing call,65.0,726.65,12.2,True
62,2023-11-08,Standard,399,15.6,4,3,12,35,No,0.6955,6,1665.03,1665.03,728.97,High Risk,High Risk,0.22,366.31,Payment retry & Concierge billing call,65.0,301.31,5.6,True
63,2023-08-07,Standard,399,11.0,5,3,14,28,Yes,0.7921,6,1896.29,1896.29,497.71,High Risk,High Risk,0.17,322.37,Payment retry & Concierge billing call,65.0,257.37,5.0,True
64,2024-11-10,Premium,699,19.9,2,5,31,5,Yes,0.4391,8,2455.45,2455.45,3136.55,Medium Risk,Medium Risk,0.42,1031.29,Payment retry & Concierge billing call,65.0,966.29,15.9,True
65,2023-07-23,Premium,699,2.8,3,5,22,19,Yes,0.8298,8,4640.24,4640.24,951.76,Critical Risk,Critical Risk,0.05,232.01,Payment retry & Concierge billing call,65.0,167.01,3.6,True
66,2024-04-11,Basic,199,1.6,7,4,2,54,Yes,0.9449,4,752.14,752.14,43.86,Critical Risk,Critical Risk,0.05,37.61,Payment retry & Concierge billing call,65.0,-27.39,0.6,False
67,2024-11-02,Standard,399,18.1,6,3,13,25,Yes,0.7899,6,1891.02,1891.02,502.98,High Risk,High Risk,0.2,378.2,Payment retry & Concierge billing call,65.0,313.2,5.8,True
68,2024-12-13,Premium,699,22.4,1,3,1,14,Yes,0.6128,4,1713.39,1713.39,1082.61,High Risk,High Risk,0.6,1028.03,Payment retry & Concierge billing call,65.0,963.03,15.8,True
69,2024-04-20,Premium,699,1.7,3,0,30,29,Yes,0.7103,8,3972.0,3972.0,1620.0,High Risk,High Risk,0.58,2303.76,Customer support follow-up,120.0,2183.76,19.2,True
70,2024-05-31,Premium,699,24.7,5,3,34,39,No,0.7276,8,4068.74,4068.74,1523.26,High Risk,High Risk,0.35,1424.06,Payment retry & Concierge billing call,65.0,1359.06,21.9,True
71,2023-09-23,Standard,399,11.4,2,5,36,55,Yes,0.7064,8,2254.83,2254.83,937.17,High Risk,High Risk,0.13,293.13,Payment retry & Concierge billing call,65.0,228.13,4.5,True
72,2024-03-26,Basic,199,19.3,8,3,18,40,Yes,0.8635,6,1031.02,1031.02,162.98,Critical Risk,Critical Risk,0.05,51.55,Payment retry & Concierge billing call,65.0,-13.45,0.8,False
73,2023-05-22,Basic,199,6.2,5,2,19,57,Yes,0.7415,8,1180.47,1180.47,411.53,High Risk,High Risk,0.26,306.92,Payment retry & Concierge billing call,65.0,241.92,4.7,True
74,2024-02-22,Basic,199,9.9,2,5,15,13,Yes,0.4541,6,542.2,542.2,651.8,Medium Risk,Medium Risk,0.32,173.5,Payment retry & Concierge billing call,65.0,108.5,2.7,True
75,2024-08-21,Standard,399,11.9,0,1,35,53,No,0.2987,8,953.45,953.45,2238.55,Low Risk,Low Risk,0.62,591.14,No action,0.0,591.14,591.1,False
76,2023-11-02,Premium,699,21.5,6,3,2,0,No,0.3873,4,1082.89,1082.89,1713.11,Medium Risk,Medium Risk,0.39,422.33,Payment retry & Concierge billing call,65.0,357.33,6.5,True
77,2023-08-13,Standard,399,13.7,8,4,27,57,Yes,0.8399,8,2680.96,2680.96,511.04,Critical Risk,Critical Risk,0.05,134.05,Payment retry & Concierge billing call,65.0,69.05,2.1,True
78,2024-02-19,Standard,399,12.4,6,2,28,42,Yes,0.7998,8,2552.96,2552.96,639.04,High Risk,High Risk,0.16,408.47,Payment retry & Concierge billing call,65.0,343.47,6.3,True
79,2024-02-08,Premium,699,21.1,2,4,11,34,Yes,0.6685,6,2803.69,2803.69,1390.31,High Risk,High Risk,0.25,700.92,Payment retry & Concierge billing call,65.0,635.92,10.8,True
80,2023-02-21,Premium,699,2.6,6,1,2,55,Yes,0.9165,4,2562.53,2562.53,233.47,Critical Risk,Critical Risk,0.09,230.63,Payment reminder & Priority billing assistance,35.0,195.63,6.6,True
81,2024-01-24,Standard,399,8.5,7,2,25,21,No,0.653,8,2084.38,2084.38,1107.62,High Risk,High Risk,0.29,604.47,Payment retry & Concierge billing call,65.0,539.47,9.3,True
82,2023-02-23,Standard,399,6.7,1,3,27,1,No,0.3282,8,1047.61,1047.61,2144.39,Low Risk,Low Risk,0.53,555.23,No action,0.0,555.23,555.2,False
83,2023-01-21,Standard,399,16.4,0,0,15,60,Yes,0.4575,6,1095.26,1095.26,1298.74,Medium Risk,Medium Risk,0.76,832.4,Engagement campaign,10.0,822.4,83.2,True
84,2023-08-12,Premium,699,6.3,7,5,10,7,No,0.3676,6,1541.71,1541.71,2652.29,Medium Risk,Medium Risk,0.05,77.09,Payment retry & Concierge billing call,65.0,12.09,1.2,True
85,2023-04-28,Standard,399,19.3,2,4,17,38,No,0.6454,6,1545.09,1545.09,848.91,High Risk,High Risk,0.31,478.98,Payment retry & Concierge billing call,65.0,413.98,7.4,True
86,2024-01-20,Basic,199,3.1,0,2,20,36,Yes,0.7686,8,1223.61,1223.61,368.39,High Risk,High Risk,0.31,379.32,Payment retry & Concierge billing call,65.0,314.32,5.8,True
87,2024-12-01,Standard,399,2.4,3,0,13,44,No,0.5701,6,1364.82,1364.82,1029.18,Medium Risk,Medium Risk,0.5,682.41,Customer support follow-up,120.0,562.41,5.7,True
88,2024-01-15,Premium,699,20.0,0,2,8,34,Yes,0.6348,6,2662.35,2662.35,1531.65,High Risk,High Risk,0.52,1384.42,Payment retry & Concierge billing call,65.0,1319.42,21.3,True
89,2024-03-19,Basic,199,16.4,0,3,33,52,Yes,0.4573,8,728.02,728.02,863.98,Medium Risk,Medium Risk,0.46,334.89,Payment retry & Concierge billing call,65.0,269.89,5.2,True
90,2024-10-28,Standard,399,17.8,6,1,30,46,No,0.3465,8,1106.03,1106.03,2085.97,Low Risk,Low Risk,0.44,486.65,No action,0.0,486.65,486.6,False
91,2023-10-02,Standard,399,19.5,7,3,35,52,Yes,0.7611,8,2429.43,2429.43,762.57,High Risk,High Risk,0.09,218.65,Payment retry & Concierge billing call,65.0,153.65,3.4,True
92,2024-04-20,Standard,399,20.9,1,2,16,56,Yes,0.5833,6,1396.42,1396.42,997.58,Medium Risk,Medium Risk,0.57,795.96,Payment retry & Concierge billing call,65.0,730.96,12.2,True
93,2023-12-30,Premium,699,8.7,7,2,25,11,Yes,0.4323,8,2417.42,2417.42,3174.58,Medium Risk,Medium Risk,0.41,991.14,Payment retry & Concierge billing call,65.0,926.14,15.2,True
94,2023-07-15,Standard,399,7.4,4,4,22,0,No,0.4571,8,1459.06,1459.06,1732.94,Medium Risk,Medium Risk,0.31,452.31,Payment retry & Concierge billing call,65.0,387.31,7.0,True
95,2024-05-02,Basic,199,18.1,7,4,16,48,Yes,0.7668,6,915.56,915.56,278.44,High Risk,High Risk,0.05,45.78,Payment retry & Concierge billing call,65.0,-19.22,0.7,False
96,2024-12-09,Premium,699,11.5,0,0,32,18,No,0.1373,8,767.78,767.78,4824.22,Low Risk,Low Risk,0.8,614.22,No action,0.0,614.22,614.2,False
97,2024-03-11,Basic,199,16.8,5,3,20,35,Yes,0.7595,8,1209.12,1209.12,382.88,High Risk,High Risk,0.15,181.37,Payment retry & Concierge billing call,65.0,116.37,2.8,True
98,2023-05-04,Premium,699,8.6,7,2,36,19,Yes,0.4061,8,2270.91,2270.91,3321.09,Medium Risk,Medium Risk,0.29,658.56,Payment retry & Concierge billing call,65.0,593.56,10.1,True
99,2024-05-10,Premium,699,8.2,8,5,13,11,Yes,0.6848,6,2872.05,2872.05,1321.95,High Risk,High Risk,0.06,172.32,Payment retry & Concierge billing call,65.0,107.32,2.7,True
100,2023-07-03,Standard,399,15.1,1,1,34,18,No,0.2389,8,762.57,762.57,2429.43,Low Risk,Low Risk,0.69,526.17,No action,0.0,526.17,526.2,False
101,2024-07-20,Standard,399,17.8,2,2,1,2,No,0.4509,4,719.64,719.64,876.36,Medium Risk,Medium Risk,0.62,446.18,Payment retry & Concierge billing call,65.0,381.18,6.9,True
102,2023-10-19,Standard,399,16.1,7,0,9,55,Yes,0.463,6,1108.42,1108.42,1285.58,Medium Risk,Medium Risk,0.4,443.37,Customer support follow-up,120.0,323.37,3.7,True
103,2024-05-04,Standard,399,11.3,2,0,31,16,No,0.2082,8,664.57,664.57,2527.43,Low Risk,Low Risk,0.71,471.84,No action,0.0,471.84,471.8,False
104,2023-06-05,Basic,199,10.3,1,4,5,40,No,0.6302,6,752.46,752.46,441.54,High Risk,High Risk,0.18,135.44,Payment retry & Concierge billing call,65.0,70.44,2.1,True
105,2024-09-12,Basic,199,2.6,3,0,20,35,No,0.6856,8,1091.48,1091.48,500.52,High Risk,High Risk,0.51,556.65,Customer support follow-up,120.0,436.65,4.6,True
106,2024-08-25,Premium,699,19.5,6,3,15,58,Yes,0.8344,6,3499.47,3499.47,694.53,Critical Risk,Critical Risk,0.13,454.93,Payment retry & Concierge billing call,65.0,389.93,7.0,True
107,2023-08-01,Standard,399,14.4,0,4,20,47,Yes,0.5203,8,1660.8,1660.8,1531.2,Medium Risk,Medium Risk,0.34,564.67,Payment retry & Concierge billing call,65.0,499.67,8.7,True
108,2023-03-18,Premium,699,7.0,1,1,14,15,No,0.1415,6,593.45,593.45,3600.55,Low Risk,Low Risk,0.61,362.0,No action,0.0,362.0,362.0,False
109,2024-12-24,Basic,199,10.5,7,2,1,2,Yes,0.6941,4,552.5,552.5,243.5,High Risk,High Risk,0.34,187.85,Payment retry & Concierge billing call,65.0,122.85,2.9,True
110,2024-08-26,Standard,399,2.2,3,2,30,50,Yes,0.9409,8,3003.35,3003.35,188.65,Critical Risk,Critical Risk,0.18,540.6,Payment retry & Concierge billing call,65.0,475.6,8.3,True
111,2023-09-30,Premium,699,10.9,8,1,13,41,Yes,0.4333,6,1817.26,1817.26,2376.74,Medium Risk,Medium Risk,0.29,527.01,Payment reminder & Priority billing assistance,35.0,492.01,15.1,True
112,2023-10-23,Basic,199,2.0,4,4,5,47,Yes,0.9699,6,1158.06,1158.06,35.94,Critical Risk,Critical Risk,0.05,57.9,Payment retry & Concierge billing call,65.0,-7.1,0.9,False
113,2024-05-27,Standard,399,12.0,4,5,8,25,No,0.6691,6,1601.83,1601.83,792.17,High Risk,High Risk,0.06,96.11,Payment retry & Concierge billing call,65.0,31.11,1.5,True
114,2023-09-14,Premium,699,11.2,0,3,32,47,Yes,0.6097,8,3409.44,3409.44,2182.56,High Risk,High Risk,0.41,1397.87,Payment retry & Concierge billing call,65.0,1332.87,21.5,True
115,2023-02-11,Basic,199,6.1,0,5,6,52,Yes,0.5881,6,702.19,702.19,491.81,Medium Risk,Medium Risk,0.08,56.18,Payment retry & Concierge billing call,65.0,-8.82,0.9,False
116,2024-03-22,Basic,199,13.2,7,2,31,11,No,0.4694,8,747.28,747.28,844.72,Medium Risk,Medium Risk,0.45,336.28,Payment retry & Concierge billing call,65.0,271.28,5.2,True
117,2024-11-17,Premium,699,24.2,7,2,32,26,Yes,0.7189,8,4020.09,4020.09,1571.91,High Risk,High Risk,0.44,1768.84,Payment retry & Concierge billing call,65.0,1703.84,27.2,True
118,2024-07-17,Basic,199,8.6,7,2,11,42,No,0.6794,6,811.2,811.2,382.8,High Risk,High Risk,0.13,105.46,Payment retry & Concierge billing call,65.0,40.46,1.6,True
119,2024-02-18,Basic,199,2.7,4,2,30,7,No,0.6759,8,1076.03,1076.03,515.97,High Risk,High Risk,0.47,505.73,Payment retry & Concierge billing call,65.0,440.73,7.8,True
120,2024-06-14,Premium,699,16.6,8,3,1,26,Yes,0.9096,4,2543.24,2543.24,252.76,Critical Risk,Critical Risk,0.05,127.16,Payment retry & Concierge billing call,65.0,62.16,2.0,True
121,2023-10-22,Standard,399,15.8,0,1,32,17,No,0.1437,8,458.69,458.69,2733.31,Low Risk,Low Risk,0.74,339.43,No action,0.0,339.43,339.4,False
122,2023-01-15,Standard,399,3.5,3,5,32,10,Yes,0.6872,8,2193.54,2193.54,998.46,High Risk,High Risk,0.21,460.64,Payment retry & Concierge billing call,65.0,395.64,7.1,True
123,2023-06-07,Premium,699,2.8,1,3,27,60,Yes,0.9217,8,5154.15,5154.15,437.85,Critical Risk,Critical Risk,0.17,876.21,Payment retry & Concierge billing call,65.0,811.21,13.5,True
124,2024-04-28,Standard,399,13.0,4,3,19,53,Yes,0.7217,8,2303.67,2303.67,888.33,High Risk,High Risk,0.27,621.99,Payment retry & Concierge billing call,65.0,556.99,9.6,True
125,2023-05-20,Basic,199,14.0,6,1,30,58,No,0.4722,8,751.74,751.74,840.26,Medium Risk,Medium Risk,0.4,300.7,Payment reminder,15.0,285.7,20.0,True
126,2023-10-01,Basic,199,19.4,6,2,18,59,No,0.7334,6,875.68,875.68,318.32,High Risk,High Risk,0.35,306.49,Payment retry & Concierge billing call,65.0,241.49,4.7,True
127,2023-12-20,Basic,199,18.3,7,1,19,28,No,0.3138,8,499.57,499.57,1092.43,Low Risk,Low Risk,0.48,239.79,No action,0.0,239.79,239.8,False
128,2023-07-13,Standard,399,19.2,6,3,36,59,Yes,0.7453,8,2379.0,2379.0,813.0,High Risk,High Risk,0.25,594.75,Payment retry & Concierge billing call,65.0,529.75,9.2,True
129,2024-04-29,Premium,699,14.5,3,3,16,2,Yes,0.4641,6,1946.44,1946.44,2247.56,Medium Risk,Medium Risk,0.52,1012.15,Payment retry & Concierge billing call,65.0,947.15,15.6,True
130,2024-08-27,Premium,699,10.0,2,3,25,2,Yes,0.4105,8,2295.52,2295.52,3296.48,Medium Risk,Medium Risk,0.52,1193.67,Payment retry & Concierge billing call,65.0,1128.67,18.4,True
131,2023-01-16,Standard,399,21.9,7,0,7,33,No,0.3861,6,924.32,924.32,1469.68,Medium Risk,Medium Risk,0.46,425.19,Customer support follow-up,120.0,305.19,3.5,True
132,2023-09-29,Premium,699,10.5,2,0,10,30,No,0.2886,6,1210.39,1210.39,2983.61,Low Risk,Low Risk,0.62,750.44,No action,0.0,750.44,750.4,False
133,2023-11-21,Standard,399,16.4,5,5,26,54,Yes,0.7545,8,2408.36,2408.36,783.64,High Risk,High Risk,0.05,120.42,Payment retry & Concierge billing call,65.0,55.42,1.9,True
134,2024-12-01,Premium,699,21.9,0,4,32,4,Yes,0.3303,8,1847.04,1847.04,3744.96,Low Risk,Low Risk,0.62,1145.16,No action,0.0,1145.16,1145.2,False
135,2023-04-13,Standard,399,18.8,6,0,15,48,No,0.4432,6,1061.02,1061.02,1332.98,Medium Risk,Medium Risk,0.55,583.56,Customer support follow-up,120.0,463.56,4.9,True
136,2023-10-28,Standard,399,17.5,0,0,11,20,No,0.193,6,462.04,462.04,1931.96,Low Risk,Low Risk,0.78,360.39,No action,0.0,360.39,360.4,False
137,2023-07-04,Standard,399,11.1,3,4,24,26,Yes,0.6868,8,2192.27,2192.27,999.73,High Risk,High Risk,0.27,591.91,Payment retry & Concierge billing call,65.0,526.91,9.1,True
138,2024-08-20,Basic,199,2.4,6,4,12,43,Yes,0.9661,6,1153.52,1153.52,40.48,Critical Risk,Critical Risk,0.05,57.68,Payment retry & Concierge billing call,65.0,-7.32,0.9,False
139,2024-04-21,Basic,199,11.8,4,3,15,16,No,0.5214,6,622.55,622.55,571.45,Medium Risk,Medium Risk,0.34,211.67,Payment retry & Concierge billing call,65.0,146.67,3.3,True
140,2024-03-10,Standard,399,4.4,7,2,35,37,Yes,0.9629,8,3073.58,3073.58,118.42,Critical Risk,Critical Risk,0.05,153.68,Payment retry & Concierge billing call,65.0,88.68,2.4,True
141,2023-04-20,Premium,699,11.7,4,1,17,24,No,0.3496,6,1466.22,1466.22,2727.78,Low Risk,Low Risk,0.54,791.76,No action,0.0,791.76,791.8,False
142,2024-11-05,Basic,199,14.5,4,5,25,18,Yes,0.5284,8,841.21,841.21,750.79,Medium Risk,Medium Risk,0.16,134.59,Payment retry & Concierge billing call,65.0,69.59,2.1,True
143,2023-10-21,Standard,399,0.7,0,4,18,47,Yes,0.9018,6,2158.91,2158.91,235.09,Critical Risk,Critical Risk,0.09,194.3,Payment retry & Concierge billing call,65.0,129.3,3.0,True
144,2024-11-06,Basic,199,5.9,3,4,23,16,No,0.386,8,614.51,614.51,977.49,Medium Risk,Medium Risk,0.22,135.19,Payment retry & Concierge billing call,65.0,70.19,2.1,True
145,2024-08-16,Premium,699,15.9,0,2,9,50,Yes,0.6058,6,2540.73,2540.73,1653.27,High Risk,High Risk,0.48,1219.55,Payment retry & Concierge billing call,65.0,1154.55,18.8,True
146,2023-07-25,Standard,399,2.7,4,2,9,47,Yes,0.9749,6,2333.91,2333.91,60.09,Critical Risk,Critical Risk,0.07,163.37,Payment retry & Concierge billing call,65.0,98.37,2.5,True
147,2023-06-18,Basic,199,22.0,5,4,35,32,No,0.7199,8,1146.08,1146.08,445.92,High Risk,High Risk,0.22,252.14,Payment retry & Concierge billing call,65.0,187.14,3.9,True
148,2023-04-28,Standard,399,24.2,4,5,31,55,Yes,0.7803,8,2490.72,2490.72,701.28,High Risk,High Risk,0.06,149.44,Payment retry & Concierge billing call,65.0,84.44,2.3,True
149,2024-02-11,Standard,399,3.9,3,5,5,46,Yes,0.8945,6,2141.43,2141.43,252.57,Critical Risk,Critical Risk,0.05,107.07,Payment retry & Concierge billing call,65.0,42.07,1.6,True
150,2024-04-10,Premium,699,2.7,6,0,24,16,No,0.2316,8,1295.11,1295.11,4296.89,Low Risk,Low Risk,0.47,608.7,No action,0.0,608.7,608.7,False
151,2023-01-26,Standard,399,14.8,5,0,17,43,Yes,0.5251,6,1257.09,1257.09,1136.91,Medium Risk,Medium Risk,0.55,691.4,Customer support follow-up,120.0,571.4,5.8,True
152,2024-04-20,Premium,699,8.5,3,5,36,4,No,0.3102,8,1734.64,1734.64,3857.36,Low Risk,Low Risk,0.26,451.01,No action,0.0,451.01,451.0,False
153,2023-11-08,Premium,699,16.4,1,1,20,2,No,0.1266,8,707.95,707.95,4884.05,Low Risk,Low Risk,0.82,580.52,No action,0.0,580.52,580.5,False
154,2024-11-17,Standard,399,2.9,8,1,8,24,Yes,0.9259,6,2216.6,2216.6,177.4,Critical Risk,Critical Risk,0.09,199.49,Payment reminder & Priority billing assistance,35.0,164.49,5.7,True
155,2024-05-16,Premium,699,10.8,2,3,35,41,Yes,0.7742,8,4329.33,4329.33,1262.67,High Risk,High Risk,0.21,909.16,Payment retry & Concierge billing call,65.0,844.16,14.0,True
156,2024-03-30,Premium,699,23.5,4,0,27,44,Yes,0.676,8,3780.19,3780.19,1811.81,High Risk,High Risk,0.68,2570.53,Customer support follow-up,120.0,2450.53,21.4,True
157,2024-10-22,Standard,399,21.5,1,5,16,23,Yes,0.6769,6,1620.5,1620.5,773.5,High Risk,High Risk,0.36,583.38,Payment retry & Concierge billing call,65.0,518.38,9.0,True
158,2024-04-10,Standard,399,10.3,3,0,4,60,No,0.3259,4,520.14,520.14,1075.86,Low Risk,Low Risk,0.5,260.07,No action,0.0,260.07,260.1,False
159,2023-05-09,Basic,199,16.2,0,0,14,50,Yes,0.4266,6,509.36,509.36,684.64,Medium Risk,Medium Risk,0.76,387.11,Engagement campaign,10.0,377.11,38.7,True
160,2023-08-27,Premium,699,2.2,8,1,14,37,Yes,0.9361,6,3926.0,3926.0,268.0,Critical Risk,Critical Risk,0.08,314.08,Payment reminder & Priority billing assistance,35.0,279.08,9.0,True
161,2023-05-14,Standard,399,19.8,0,2,10,54,No,0.5128,6,1227.64,1227.64,1166.36,Medium Risk,Medium Risk,0.52,638.37,Payment retry & Concierge billing call,65.0,573.37,9.8,True
162,2023-01-16,Premium,699,20.1,1,5,17,55,Yes,0.7279,6,3052.81,3052.81,1141.19,High Risk,High Risk,0.26,793.73,Payment retry & Concierge billing call,65.0,728.73,12.2,True
163,2024-03-07,Standard,399,14.9,0,1,16,16,Yes,0.2639,6,631.78,631.78,1762.22,Low Risk,Low Risk,0.73,461.2,No action,0.0,461.2,461.2,False
164,2024-08-30,Premium,699,18.8,7,3,8,49,Yes,0.8523,6,3574.55,3574.55,619.45,Critical Risk,Critical Risk,0.05,178.73,Payment retry & Concierge billing call,65.0,113.73,2.7,True
165,2024-11-05,Basic,199,12.8,0,5,29,50,No,0.4546,8,723.72,723.72,868.28,Medium Risk,Medium Risk,0.23,166.46,Payment retry & Concierge billing call,65.0,101.46,2.6,True
166,2024-03-12,Premium,699,11.7,0,0,20,30,No,0.267,8,1493.06,1493.06,4098.94,Low Risk,Low Risk,0.8,1194.45,No action,0.0,1194.45,1194.4,False
167,2024-09-14,Premium,699,12.5,7,0,7,57,Yes,0.456,6,1912.46,1912.46,2281.54,Medium Risk,Medium Risk,0.36,688.49,Customer support follow-up,120.0,568.49,5.7,True
168,2024-09-03,Basic,199,3.6,8,5,5,20,Yes,0.9016,6,1076.51,1076.51,117.49,Critical Risk,Critical Risk,0.05,53.83,Payment retry & Concierge billing call,65.0,-11.17,0.8,False
169,2024-11-01,Premium,699,11.6,6,0,19,50,No,0.4791,8,2679.13,2679.13,2912.87,Medium Risk,Medium Risk,0.48,1285.98,Customer support follow-up,120.0,1165.98,10.7,True
170,2024-02-28,Premium,699,18.2,3,3,36,28,No,0.547,8,3058.82,3058.82,2533.18,Medium Risk,Medium Risk,0.44,1345.88,Payment retry & Concierge billing call,65.0,1280.88,20.7,True
171,2023-09-19,Standard,399,10.3,1,2,30,27,Yes,0.7094,8,2264.4,2264.4,927.6,High Risk,High Risk,0.54,1222.78,Payment retry & Concierge billing call,65.0,1157.78,18.8,True
172,2023-04-06,Standard,399,17.3,7,0,10,5,No,0.1607,6,384.72,384.72,2009.28,Low Risk,Low Risk,0.61,234.68,No action,0.0,234.68,234.7,False
173,2024-07-29,Standard,399,18.7,5,1,7,35,Yes,0.5987,6,1433.29,1433.29,960.71,Medium Risk,Medium Risk,0.41,587.65,Payment reminder & Priority billing assistance,35.0,552.65,16.8,True
174,2024-03-09,Premium,699,16.9,6,2,22,55,Yes,0.7141,8,3993.25,3993.25,1598.75,High Risk,High Risk,0.33,1317.77,Payment retry & Concierge billing call,65.0,1252.77,20.3,True
175,2023-08-06,Premium,699,24.2,4,2,4,6,No,0.3089,4,863.68,863.68,1932.32,Low Risk,Low Risk,0.6,518.21,No action,0.0,518.21,518.2,False
176,2023-04-28,Basic,199,6.0,1,2,31,54,Yes,0.586,8,932.91,932.91,659.09,Medium Risk,Medium Risk,0.42,391.82,Payment retry & Concierge billing call,65.0,326.82,6.0,True
177,2024-07-24,Standard,399,20.3,8,4,15,39,Yes,0.831,6,1989.41,1989.41,404.59,Critical Risk,Critical Risk,0.05,99.47,Payment retry & Concierge billing call,65.0,34.47,1.5,True
178,2023-12-14,Basic,199,1.2,4,5,18,48,Yes,0.9575,6,1143.26,1143.26,50.74,Critical Risk,Critical Risk,0.05,57.16,Payment retry & Concierge billing call,65.0,-7.84,0.9,False
179,2023-05-26,Standard,399,4.9,2,4,1,42,Yes,0.8682,4,1385.65,1385.65,210.35,Critical Risk,Critical Risk,0.05,69.28,Payment retry & Concierge billing call,65.0,4.28,1.1,True
180,2023-12-16,Premium,699,2.7,8,1,2,24,Yes,0.9744,4,2724.42,2724.42,71.58,Critical Risk,Critical Risk,0.09,245.2,Payment reminder & Priority billing assistance,35.0,210.2,7.0,True
181,2023-02-23,Basic,199,8.1,5,4,24,38,Yes,0.7755,8,1234.6,1234.6,357.4,High Risk,High Risk,0.05,61.73,Payment retry & Concierge billing call,65.0,-3.27,0.9,False
182,2024-11-08,Basic,199,19.0,0,5,11,5,Yes,0.4701,6,561.3,561.3,632.7,Medium Risk,Medium Risk,0.41,230.13,Payment retry & Concierge billing call,65.0,165.13,3.5,True
183,2023-04-27,Standard,399,15.4,6,2,32,13,No,0.3431,8,1095.18,1095.18,2096.82,Low Risk,Low Risk,0.51,558.54,No action,0.0,558.54,558.5,False
184,2023-08-14,Standard,399,3.2,7,4,28,42,Yes,0.9659,8,3083.15,3083.15,108.85,Critical Risk,Critical Risk,0.05,154.16,Payment retry & Concierge billing call,65.0,89.16,2.4,True
185,2023-09-19,Standard,399,0.7,4,1,4,49,Yes,0.9485,4,1513.81,1513.81,82.19,Critical Risk,Critical Risk,0.15,227.07,Payment reminder & Priority billing assistance,35.0,192.07,6.5,True
186,2024-01-25,Standard,399,3.4,7,5,21,27,Yes,0.9614,8,3068.79,3068.79,123.21,Critical Risk,Critical Risk,0.05,153.44,Payment retry & Concierge billing call,65.0,88.44,2.4,True
187,2023-02-13,Premium,699,12.8,5,0,15,25,No,0.4863,6,2039.54,2039.54,2154.46,Medium Risk,Medium Risk,0.61,1244.12,Customer support follow-up,120.0,1124.12,10.4,True
188,2024-02-19,Standard,399,11.8,1,2,2,36,Yes,0.7327,4,1169.39,1169.39,426.61,High Risk,High Risk,0.4,467.76,Payment retry & Concierge billing call,65.0,402.76,7.2,True
189,2024-09-24,Premium,699,7.6,6,0,27,20,Yes,0.1907,8,1066.39,1066.39,4525.61,Low Risk,Low Risk,0.52,554.52,No action,0.0,554.52,554.5,False
190,2024-06-20,Standard,399,2.7,1,1,24,27,Yes,0.7935,8,2532.85,2532.85,659.15,High Risk,High Risk,0.45,1139.78,Payment reminder & Priority billing assistance,35.0,1104.78,32.6,True
191,2023-03-20,Basic,199,21.8,5,1,26,21,No,0.3339,8,531.57,531.57,1060.43,Low Risk,Low Risk,0.6,318.94,No action,0.0,318.94,318.9,False
192,2024-10-22,Premium,699,13.5,3,2,8,22,No,0.4873,6,2043.74,2043.74,2150.26,Medium Risk,Medium Risk,0.42,858.37,Payment retry & Concierge billing call,65.0,793.37,13.2,True
193,2024-11-02,Basic,199,3.0,4,1,16,11,No,0.2316,6,276.53,276.53,917.47,Low Risk,Low Risk,0.57,157.62,No action,0.0,157.62,157.6,False
194,2024-08-16,Basic,199,23.8,7,3,12,48,Yes,0.7538,6,900.04,900.04,293.96,High Risk,High Risk,0.06,54.0,Payment retry & Concierge billing call,65.0,-11.0,0.8,False
195,2024-03-28,Standard,399,21.7,5,1,21,28,Yes,0.5345,8,1706.12,1706.12,1485.88,Medium Risk,Medium Risk,0.6,1023.67,Payment reminder & Priority billing assistance,35.0,988.67,29.2,True
196,2024-04-17,Premium,699,20.0,0,2,20,32,Yes,0.5814,8,3251.19,3251.19,2340.81,Medium Risk,Medium Risk,0.6,1950.71,Payment retry & Concierge billing call,65.0,1885.71,30.0,True
197,2023-04-03,Standard,399,1.9,4,0,3,41,No,0.4826,4,770.23,770.23,825.77,Medium Risk,Medium Risk,0.38,292.69,Customer support follow-up,120.0,172.69,2.4,True
198,2024-08-08,Premium,699,9.9,8,5,33,57,Yes,0.8318,8,4651.43,4651.43,940.57,Critical Risk,Critical Risk,0.05,232.57,Payment retry & Concierge billing call,65.0,167.57,3.6,True
199,2024-04-06,Premium,699,8.4,7,4,13,9,No,0.4796,6,2011.44,2011.44,2182.56,Medium Risk,Medium Risk,0.2,402.29,Payment retry & Concierge billing call,65.0,337.29,6.2,True
200,2023-09-11,Basic,199,24.6,1,4,22,41,Yes,0.5701,8,907.6,907.6,684.4,Medium Risk,Medium Risk,0.41,372.12,Payment retry & Concierge billing call,65.0,307.12,5.7,True
201,2024-01-17,Premium,699,24.8,8,4,29,39,Yes,0.8622,8,4821.42,4821.42,770.58,Critical Risk,Critical Risk,0.05,241.07,Payment retry & Concierge billing call,65.0,176.07,3.7,True
202,2024-10-08,Standard,399,10.5,5,5,25,38,Yes,0.8301,8,2649.68,2649.68,542.32,Critical Risk,Critical Risk,0.05,132.48,Payment retry & Concierge billing call,65.0,67.48,2.0,True
203,2023-09-16,Premium,699,2.1,1,4,22,43,Yes,0.9574,8,5353.78,5353.78,238.22,Critical Risk,Critical Risk,0.06,321.23,Payment retry & Concierge billing call,65.0,256.23,4.9,True
204,2024-12-16,Premium,699,8.7,2,2,10,19,No,0.369,6,1547.59,1547.59,2646.41,Medium Risk,Medium Risk,0.41,634.51,Payment retry & Concierge billing call,65.0,569.51,9.8,True
205,2023-12-03,Premium,699,3.7,1,2,26,35,Yes,0.9044,8,5057.4,5057.4,534.6,Critical Risk,Critical Risk,0.28,1416.07,Payment retry & Concierge billing call,65.0,1351.07,21.8,True
206,2023-11-13,Basic,199,2.8,6,4,34,23,Yes,0.9416,8,1499.03,1499.03,92.97,Critical Risk,Critical Risk,0.05,74.95,Payment retry & Concierge billing call,65.0,9.95,1.2,True
207,2023-06-08,Basic,199,8.9,7,1,14,14,No,0.2326,6,277.72,277.72,916.28,Low Risk,Low Risk,0.51,141.64,No action,0.0,141.64,141.6,False
208,2024-06-23,Basic,199,21.2,1,4,19,49,Yes,0.6259,8,996.43,996.43,595.57,High Risk,High Risk,0.37,368.68,Payment retry & Concierge billing call,65.0,303.68,5.7,True
209,2023-07-05,Basic,199,22.0,2,4,22,24,Yes,0.5324,8,847.58,847.58,744.42,Medium Risk,Medium Risk,0.42,355.98,Payment retry & Concierge billing call,65.0,290.98,5.5,True
210,2023-09-01,Premium,699,18.2,0,3,11,23,No,0.4468,6,1873.88,1873.88,2320.12,Medium Risk,Medium Risk,0.48,899.46,Payment retry & Concierge billing call,65.0,834.46,13.8,True
211,2024-04-25,Standard,399,18.9,7,1,19,34,Yes,0.5831,8,1861.26,1861.26,1330.74,Medium Risk,Medium Risk,0.41,763.12,Payment reminder & Priority billing assistance,35.0,728.12,21.8,True
212,2024-01-27,Basic,199,17.1,7,3,24,49,Yes,0.7645,8,1217.08,1217.08,374.92,High Risk,High Risk,0.07,85.2,Payment retry & Concierge billing call,65.0,20.2,1.3,True
213,2023-09-14,Premium,699,10.8,2,1,34,51,No,0.3531,8,1974.54,1974.54,3617.46,Medium Risk,Medium Risk,0.53,1046.51,Payment reminder & Priority billing assistance,35.0,1011.51,29.9,True
214,2023-05-08,Basic,199,21.9,8,0,31,45,No,0.3195,8,508.64,508.64,1083.36,Low Risk,Low Risk,0.5,254.32,No action,0.0,254.32,254.3,False
215,2024-03-23,Standard,399,19.2,4,3,6,57,Yes,0.654,6,1565.68,1565.68,828.32,High Risk,High Risk,0.25,391.42,Payment retry & Concierge billing call,65.0,326.42,6.0,True
216,2024-05-29,Basic,199,20.5,5,0,15,26,Yes,0.6341,6,757.12,757.12,436.88,High Risk,High Risk,0.68,514.84,Customer support follow-up,120.0,394.84,4.3,True
217,2023-04-12,Standard,399,10.0,1,2,16,14,Yes,0.4074,6,975.32,975.32,1418.68,Medium Risk,Medium Risk,0.66,643.71,Payment retry & Concierge billing call,65.0,578.71,9.9,True
218,2024-04-28,Premium,699,19.9,2,0,22,18,No,0.2074,8,1159.78,1159.78,4432.22,Low Risk,Low Risk,0.8,927.82,No action,0.0,927.82,927.8,False
219,2023-03-23,Premium,699,19.1,7,3,9,39,Yes,0.8418,6,3530.51,3530.51,663.49,Critical Risk,Critical Risk,0.05,176.53,Payment retry & Concierge billing call,65.0,111.53,2.7,True
220,2024-06-24,Basic,199,5.8,2,4,17,60,No,0.6269,6,748.52,748.52,445.48,High Risk,High Risk,0.18,134.73,Payment retry & Concierge billing call,65.0,69.73,2.1,True
221,2024-03-05,Standard,399,19.5,3,2,8,7,Yes,0.5041,6,1206.82,1206.82,1187.18,Medium Risk,Medium Risk,0.6,724.09,Payment retry & Concierge billing call,65.0,659.09,11.1,True
222,2024-06-11,Premium,699,2.0,7,4,30,34,Yes,0.9887,8,5528.81,5528.81,63.19,Critical Risk,Critical Risk,0.05,276.44,Payment retry & Concierge billing call,65.0,211.44,4.3,True
223,2023-09-04,Premium,699,18.1,4,3,16,0,No,0.4153,6,1741.77,1741.77,2452.23,Medium Risk,Medium Risk,0.52,905.72,Payment retry & Concierge billing call,65.0,840.72,13.9,True
224,2024-06-22,Premium,699,5.1,1,4,27,23,Yes,0.7351,8,4110.68,4110.68,1481.32,High Risk,High Risk,0.29,1192.1,Payment retry & Concierge billing call,65.0,1127.1,18.3,True
225,2024-04-26,Premium,699,19.8,8,4,33,1,Yes,0.6562,8,3669.47,3669.47,1922.53,High Risk,High Risk,0.28,1027.45,Payment retry & Concierge billing call,65.0,962.45,15.8,True
226,2023-03-11,Basic,199,24.5,4,5,25,1,Yes,0.7328,8,1166.62,1166.62,425.38,High Risk,High Risk,0.38,443.32,Payment retry & Concierge billing call,65.0,378.32,6.8,True
227,2023-05-17,Standard,399,18.5,1,4,16,47,No,0.5314,6,1272.17,1272.17,1121.83,Medium Risk,Medium Risk,0.34,432.54,Payment retry & Concierge billing call,65.0,367.54,6.7,True
228,2024-05-05,Basic,199,13.9,2,5,23,29,No,0.6164,8,981.31,981.31,610.69,High Risk,High Risk,0.24,235.51,Payment retry & Concierge billing call,65.0,170.51,3.6,True
229,2023-02-07,Premium,699,20.4,1,5,12,49,No,0.5911,6,2479.07,2479.07,1714.93,Medium Risk,Medium Risk,0.18,446.23,Payment retry & Concierge billing call,65.0,381.23,6.9,True
230,2024-06-11,Standard,399,1.6,3,0,13,20,No,0.2739,6,655.72,655.72,1738.28,Low Risk,Low Risk,0.58,380.32,No action,0.0,380.32,380.3,False
231,2023-02-18,Standard,399,12.1,0,5,35,12,Yes,0.3856,8,1230.84,1230.84,1961.16,Medium Risk,Medium Risk,0.42,516.95,Payment retry & Concierge billing call,65.0,451.95,8.0,True
232,2024-03-26,Premium,699,7.2,5,3,22,56,Yes,0.7368,8,4120.19,4120.19,1471.81,High Risk,High Risk,0.17,700.43,Payment retry & Concierge billing call,65.0,635.43,10.8,True
233,2024-06-15,Standard,399,24.4,7,5,22,31,Yes,0.8681,8,2770.98,2770.98,421.02,Critical Risk,Critical Risk,0.05,138.55,Payment retry & Concierge billing call,65.0,73.55,2.1,True
234,2023-07-04,Standard,399,18.3,1,3,6,38,No,0.5062,6,1211.84,1211.84,1182.16,Medium Risk,Medium Risk,0.36,436.26,Payment retry & Concierge billing call,65.0,371.26,6.7,True
235,2024-04-01,Premium,699,8.4,1,2,19,42,Yes,0.4682,8,2618.17,2618.17,2973.83,Medium Risk,Medium Risk,0.44,1151.99,Payment retry & Concierge billing call,65.0,1086.99,17.7,True
236,2023-12-28,Premium,699,4.6,7,2,28,28,Yes,0.9578,8,5356.02,5356.02,235.98,Critical Risk,Critical Risk,0.13,696.28,Payment retry & Concierge billing call,65.0,631.28,10.7,True
237,2024-01-08,Premium,699,7.2,0,0,28,42,No,0.2692,8,1505.37,1505.37,4086.63,Low Risk,Low Risk,0.67,1008.6,No action,0.0,1008.6,1008.6,False
238,2023-02-05,Premium,699,23.8,2,4,11,43,No,0.5098,6,2138.1,2138.1,2055.9,Medium Risk,Medium Risk,0.28,598.67,Payment retry & Concierge billing call,65.0,533.67,9.2,True
239,2023-02-03,Basic,199,6.3,5,2,5,24,No,0.5794,6,691.8,691.8,502.2,Medium Risk,Medium Risk,0.26,179.87,Payment retry & Concierge billing call,65.0,114.87,2.8,True
240,2024-08-10,Premium,699,17.1,5,2,10,28,No,0.7593,6,3184.5,3184.5,1009.5,High Risk,High Risk,0.25,796.12,Payment retry & Concierge billing call,65.0,731.12,12.2,True
241,2023-04-27,Basic,199,9.5,5,5,34,17,Yes,0.6412,8,1020.79,1020.79,571.21,High Risk,High Risk,0.07,71.46,Payment retry & Concierge billing call,65.0,6.46,1.1,True
242,2023-09-24,Basic,199,12.7,6,4,12,7,Yes,0.5625,6,671.62,671.62,522.38,Medium Risk,Medium Risk,0.21,141.04,Payment retry & Concierge billing call,65.0,76.04,2.2,True
243,2023-07-24,Premium,699,5.8,4,5,29,58,No,0.6139,8,3432.93,3432.93,2159.07,High Risk,High Risk,0.05,171.65,Payment retry & Concierge billing call,65.0,106.65,2.6,True
244,2023-03-31,Basic,199,21.4,7,1,9,57,No,0.4429,6,528.82,528.82,665.18,Medium Risk,Medium Risk,0.35,185.09,Payment reminder,15.0,170.09,12.3,True
245,2023-11-04,Premium,699,16.9,1,4,21,34,Yes,0.6042,8,3378.69,3378.69,2213.31,High Risk,High Risk,0.33,1114.97,Payment retry & Concierge billing call,65.0,1049.97,17.2,True
246,2023-05-23,Basic,199,19.9,8,1,12,7,No,0.308,6,367.75,367.75,826.25,Low Risk,Low Risk,0.5,183.88,No action,0.0,183.88,183.9,False
247,2024-07-18,Basic,199,1.1,8,4,32,23,Yes,0.9858,8,1569.39,1569.39,22.61,Critical Risk,Critical Risk,0.05,78.47,Payment retry & Concierge billing call,65.0,13.47,1.2,True
248,2024-02-25,Basic,199,2.1,6,5,6,46,Yes,0.9832,6,1173.94,1173.94,20.06,Critical Risk,Critical Risk,0.05,58.7,Payment retry & Concierge billing call,65.0,-6.3,0.9,False
249,2024-11-27,Standard,399,3.6,5,5,5,4,Yes,0.8151,6,1951.35,1951.35,442.65,Critical Risk,Critical Risk,0.05,97.57,Payment retry & Concierge billing call,65.0,32.57,1.5,True
250,2023-05-13,Premium,699,3.6,8,5,23,37,Yes,0.9811,8,5486.31,5486.31,105.69,Critical Risk,Critical Risk,0.05,274.32,Payment retry & Concierge billing call,65.0,209.32,4.2,True
251,2023-06-18,Standard,399,22.8,0,0,33,33,Yes,0.6192,8,1976.49,1976.49,1215.51,High Risk,High Risk,0.83,1640.49,Engagement campaign,10.0,1630.49,164.0,True
252,2023-10-18,Basic,199,23.4,3,2,21,60,No,0.5083,8,809.21,809.21,782.79,Medium Risk,Medium Risk,0.51,412.7,Payment retry & Concierge billing call,65.0,347.7,6.3,True
253,2024-09-21,Basic,199,5.3,8,2,17,8,No,0.5111,6,610.25,610.25,583.75,Medium Risk,Medium Risk,0.33,201.38,Payment retry & Concierge billing call,65.0,136.38,3.1,True
254,2023-06-25,Premium,699,12.8,2,4,6,60,Yes,0.7281,6,3053.65,3053.65,1140.35,High Risk,High Risk,0.17,519.12,Payment retry & Concierge billing call,65.0,454.12,8.0,True
255,2024-10-18,Premium,699,21.1,0,0,22,5,Yes,0.209,8,1168.73,1168.73,4423.27,Low Risk,Low Risk,0.95,1110.29,No action,0.0,1110.29,1110.3,False
256,2024-10-04,Premium,699,16.5,6,4,17,40,Yes,0.8174,6,3428.18,3428.18,765.82,Critical Risk,Critical Risk,0.05,171.41,Payment retry & Concierge billing call,65.0,106.41,2.6,True
257,2024-12-02,Premium,699,16.2,4,3,19,15,No,0.4831,8,2701.5,2701.5,2890.5,Medium Risk,Medium Risk,0.38,1026.57,Payment retry & Concierge billing call,65.0,961.57,15.8,True
258,2024-04-20,Standard,399,11.6,0,1,20,28,No,0.3294,8,1051.44,1051.44,2140.56,Low Risk,Low Risk,0.7,736.01,No action,0.0,736.01,736.0,False
259,2023-12-20,Basic,199,15.4,5,5,22,20,No,0.5626,8,895.66,895.66,696.34,Medium Risk,Medium Risk,0.13,116.44,Payment retry & Concierge billing call,65.0,51.44,1.8,True
260,2024-04-22,Standard,399,19.1,8,4,9,6,Yes,0.7776,6,1861.57,1861.57,532.43,High Risk,High Risk,0.07,130.31,Payment retry & Concierge billing call,65.0,65.31,2.0,True
261,2024-01-29,Basic,199,11.5,2,0,18,3,No,0.2277,6,271.87,271.87,922.13,Low Risk,Low Risk,0.84,228.37,No action,0.0,228.37,228.4,False
262,2023-11-17,Premium,699,6.6,2,2,27,59,Yes,0.6244,8,3491.64,3491.64,2100.36,High Risk,High Risk,0.39,1361.74,Payment retry & Concierge billing call,65.0,1296.74,20.9,True
263,2024-05-24,Basic,199,12.7,8,3,11,31,No,0.7328,6,874.96,874.96,319.04,High Risk,High Risk,0.05,43.75,Payment retry & Concierge billing call,65.0,-21.25,0.7,False
264,2023-12-28,Basic,199,23.7,8,3,6,15,Yes,0.6003,6,716.76,716.76,477.24,High Risk,High Risk,0.22,157.69,Payment retry & Concierge billing call,65.0,92.69,2.4,True
265,2023-04-21,Basic,199,7.4,7,2,4,34,Yes,0.7857,4,625.42,625.42,170.58,High Risk,High Risk,0.05,31.27,Payment retry & Concierge billing call,65.0,-33.73,0.5,False
266,2023-02-22,Standard,399,22.1,5,3,9,23,Yes,0.8076,6,1933.39,1933.39,460.61,Critical Risk,Critical Risk,0.2,386.68,Payment retry & Concierge billing call,65.0,321.68,5.9,True
267,2024-04-06,Premium,699,5.3,8,2,36,4,Yes,0.6351,8,3551.48,3551.48,2040.52,High Risk,High Risk,0.33,1171.99,Payment retry & Concierge billing call,65.0,1106.99,18.0,True
268,2023-12-14,Premium,699,20.7,1,1,18,6,No,0.1617,6,678.17,678.17,3515.83,Low Risk,Low Risk,0.87,590.01,No action,0.0,590.01,590.0,False
269,2023-02-11,Premium,699,19.0,3,4,24,32,Yes,0.7888,8,4410.97,4410.97,1181.03,High Risk,High Risk,0.15,661.65,Payment retry & Concierge billing call,65.0,596.65,10.2,True
270,2024-09-12,Basic,199,3.9,5,3,3,33,Yes,0.9147,4,728.1,728.1,67.9,Critical Risk,Critical Risk,0.05,36.4,Payment retry & Concierge billing call,65.0,-28.6,0.6,False
271,2023-11-03,Premium,699,8.5,5,1,9,25,No,0.3955,6,1658.73,1658.73,2535.27,Medium Risk,Medium Risk,0.38,630.32,Payment reminder & Priority billing assistance,35.0,595.32,18.0,True
272,2023-11-03,Premium,699,12.9,8,4,22,31,Yes,0.8718,8,4875.11,4875.11,716.89,Critical Risk,Critical Risk,0.05,243.76,Payment retry & Concierge billing call,65.0,178.76,3.8,True
273,2024-12-05,Standard,399,9.5,1,3,2,37,Yes,0.7493,4,1195.88,1195.88,400.12,High Risk,High Risk,0.27,322.89,Payment retry & Concierge billing call,65.0,257.89,5.0,True
274,2024-08-15,Premium,699,15.1,4,5,2,50,No,0.7306,4,2042.76,2042.76,753.24,High Risk,High Risk,0.05,102.14,Payment retry & Concierge billing call,65.0,37.14,1.6,True
275,2024-09-26,Premium,699,18.2,7,1,15,33,No,0.4089,6,1714.93,1714.93,2479.07,Medium Risk,Medium Risk,0.4,685.97,Payment reminder & Priority billing assistance,35.0,650.97,19.6,True
276,2023-04-23,Standard,399,20.6,3,0,10,36,No,0.3469,6,830.48,830.48,1563.52,Low Risk,Low Risk,0.61,506.59,No action,0.0,506.59,506.6,False
277,2024-02-25,Basic,199,11.3,6,1,2,26,No,0.2616,4,208.23,208.23,587.77,Low Risk,Low Risk,0.37,77.05,No action,0.0,77.05,77.0,False
278,2024-07-28,Premium,699,21.9,0,5,31,8,No,0.3782,8,2114.89,2114.89,3477.11,Medium Risk,Medium Risk,0.52,1099.74,Payment retry & Concierge billing call,65.0,1034.74,16.9,True
279,2023-12-17,Standard,399,13.4,5,1,31,29,No,0.4996,8,1594.72,1594.72,1597.28,Medium Risk,Medium Risk,0.51,813.31,Payment reminder & Priority billing assistance,35.0,778.31,23.2,True
280,2023-09-10,Premium,699,17.1,4,4,23,30,Yes,0.7359,8,4115.15,4115.15,1476.85,High Risk,High Risk,0.29,1193.39,Payment retry & Concierge billing call,65.0,1128.39,18.4,True
281,2024-12-22,Standard,399,7.8,4,2,36,45,Yes,0.6858,8,2189.07,2189.07,1002.93,High Risk,High Risk,0.32,700.5,Payment retry & Concierge billing call,65.0,635.5,10.8,True
282,2024-08-10,Standard,399,12.3,8,5,21,17,Yes,0.7314,8,2334.63,2334.63,857.37,High Risk,High Risk,0.05,116.73,Payment retry & Concierge billing call,65.0,51.73,1.8,True
283,2023-10-25,Premium,699,9.8,6,2,35,49,No,0.7405,8,4140.88,4140.88,1451.12,High Risk,High Risk,0.26,1076.63,Payment retry & Concierge billing call,65.0,1011.63,16.6,True
284,2023-09-20,Basic,199,23.9,1,2,19,59,Yes,0.6069,8,966.18,966.18,625.82,High Risk,High Risk,0.6,579.71,Payment retry & Concierge billing call,65.0,514.71,8.9,True
285,2023-10-06,Premium,699,5.7,8,2,31,59,Yes,0.813,8,4546.3,4546.3,1045.7,Critical Risk,Critical Risk,0.05,227.32,Payment retry & Concierge billing call,65.0,162.32,3.5,True
286,2024-06-27,Basic,199,15.6,3,1,7,3,No,0.2115,6,252.53,252.53,941.47,Low Risk,Low Risk,0.66,166.67,No action,0.0,166.67,166.7,False
287,2024-11-28,Basic,199,1.8,6,2,15,45,Yes,0.976,6,1165.34,1165.34,28.66,Critical Risk,Critical Risk,0.06,69.92,Payment retry & Concierge billing call,65.0,4.92,1.1,True
288,2024-05-02,Basic,199,24.1,2,3,1,41,No,0.3132,4,249.31,249.31,546.69,Low Risk,Low Risk,0.38,94.74,No action,0.0,94.74,94.7,False
289,2023-04-02,Standard,399,19.0,4,2,13,18,No,0.5495,6,1315.5,1315.5,1078.5,Medium Risk,Medium Risk,0.51,670.9,Payment retry & Concierge billing call,65.0,605.9,10.3,True
290,2023-06-30,Premium,699,13.6,0,1,15,26,No,0.2953,6,1238.49,1238.49,2955.51,Low Risk,Low Risk,0.72,891.71,No action,0.0,891.71,891.7,False
291,2023-02-08,Basic,199,19.8,2,5,26,55,No,0.5957,8,948.35,948.35,643.65,Medium Risk,Medium Risk,0.22,208.64,Payment retry & Concierge billing call,65.0,143.64,3.2,True
292,2024-10-18,Basic,199,14.4,1,2,20,18,No,0.3706,8,590.0,590.0,1002.0,Medium Risk,Medium Risk,0.58,342.2,Payment retry & Concierge billing call,65.0,277.2,5.3,True
293,2023-04-26,Premium,699,12.6,2,4,34,29,Yes,0.7214,8,4034.07,4034.07,1557.93,High Risk,High Risk,0.33,1331.24,Payment retry & Concierge billing call,65.0,1266.24,20.5,True
294,2023-12-12,Standard,399,18.4,4,5,11,11,Yes,0.4831,6,1156.54,1156.54,1237.46,Medium Risk,Medium Risk,0.24,277.57,Payment retry & Concierge billing call,65.0,212.57,4.3,True
295,2024-02-15,Standard,399,4.8,6,3,13,32,Yes,0.9375,6,2244.38,2244.38,149.62,Critical Risk,Critical Risk,0.05,112.22,Payment retry & Concierge billing call,65.0,47.22,1.7,True
296,2023-01-07,Premium,699,5.0,2,3,7,20,No,0.4286,6,1797.55,1797.55,2396.45,Medium Risk,Medium Risk,0.27,485.34,Payment retry & Concierge billing call,65.0,420.34,7.5,True
297,2024-08-09,Standard,399,6.3,4,2,25,19,No,0.4049,8,1292.44,1292.44,1899.56,Medium Risk,Medium Risk,0.38,491.13,Payment retry & Concierge billing call,65.0,426.13,7.6,True
298,2023-11-11,Basic,199,16.5,3,0,17,42,Yes,0.4169,6,497.78,497.78,696.22,Medium Risk,Medium Risk,0.64,318.58,Customer support follow-up,120.0,198.58,2.7,True
299,2023-10-30,Basic,199,17.3,4,5,26,7,No,0.4404,8,701.12,701.12,890.88,Medium Risk,Medium Risk,0.31,217.35,Payment retry & Concierge billing call,65.0,152.35,3.3,True
300,2024-09-12,Standard,399,5.9,2,3,15,9,No,0.3221,6,771.11,771.11,1622.89,Low Risk,Low Risk,0.48,370.13,No action,0.0,370.13,370.1,False
301,2023-08-12,Standard,399,17.7,7,4,27,51,Yes,0.7695,8,2456.24,2456.24,735.76,High Risk,High Risk,0.05,122.81,Payment retry & Concierge billing call,65.0,57.81,1.9,True
302,2024-07-31,Basic,199,13.4,8,5,6,23,Yes,0.7623,6,910.19,910.19,283.81,High Risk,High Risk,0.05,45.51,Payment retry & Concierge billing call,65.0,-19.49,0.7,False
303,2023-06-18,Basic,199,20.8,8,1,4,36,No,0.6719,4,534.83,534.83,261.17,High Risk,High Risk,0.31,165.8,Payment reminder,15.0,150.8,11.1,True
304,2024-06-06,Standard,399,11.3,3,5,34,37,Yes,0.7138,8,2278.45,2278.45,913.55,High Risk,High Risk,0.09,205.06,Payment retry & Concierge billing call,65.0,140.06,3.2,True
305,2024-07-26,Standard,399,11.6,8,3,4,29,Yes,0.7647,4,1220.46,1220.46,375.54,High Risk,High Risk,0.05,61.02,Payment retry & Concierge billing call,65.0,-3.98,0.9,False
306,2023-08-12,Standard,399,18.2,6,2,20,52,Yes,0.7008,8,2236.95,2236.95,955.05,High Risk,High Risk,0.34,760.56,Payment retry & Concierge billing call,65.0,695.56,11.7,True
307,2023-03-03,Premium,699,1.6,5,5,5,4,Yes,0.9151,6,3837.93,3837.93,356.07,Critical Risk,Critical Risk,0.05,191.9,Payment retry & Concierge billing call,65.0,126.9,3.0,True
308,2024-10-18,Basic,199,1.3,6,1,31,49,Yes,0.8029,8,1278.22,1278.22,313.78,Critical Risk,Critical Risk,0.15,191.73,Payment reminder,15.0,176.73,12.8,True
309,2024-01-22,Premium,699,9.7,6,3,27,55,No,0.7973,8,4458.5,4458.5,1133.5,High Risk,High Risk,0.05,222.92,Payment retry & Concierge billing call,65.0,157.92,3.4,True
310,2023-05-02,Standard,399,17.2,8,1,6,41,No,0.4357,6,1043.07,1043.07,1350.93,Medium Risk,Medium Risk,0.27,281.63,Payment reminder & Priority billing assistance,35.0,246.63,8.0,True
311,2023-01-24,Basic,199,10.1,2,5,35,14,No,0.512,8,815.1,815.1,776.9,Medium Risk,Medium Risk,0.32,260.83,Payment retry & Concierge billing call,65.0,195.83,4.0,True
312,2023-08-24,Standard,399,17.0,8,3,30,34,Yes,0.7763,8,2477.95,2477.95,714.05,High Risk,High Risk,0.05,123.9,Payment retry & Concierge billing call,65.0,58.9,1.9,True
313,2023-04-26,Basic,199,9.0,4,1,30,59,No,0.4112,8,654.63,654.63,937.37,Medium Risk,Medium Risk,0.43,281.49,Payment reminder,15.0,266.49,18.8,True
314,2024-08-31,Basic,199,15.6,0,1,27,13,Yes,0.1938,8,308.53,308.53,1283.47,Low Risk,Low Risk,0.86,265.34,No action,0.0,265.34,265.3,False
315,2024-03-25,Basic,199,15.1,0,1,29,47,Yes,0.3266,8,519.95,519.95,1072.05,Low Risk,Low Risk,0.65,337.97,No action,0.0,337.97,338.0,False
316,2023-08-28,Basic,199,5.8,0,1,35,32,No,0.3014,8,479.83,479.83,1112.17,Low Risk,Low Risk,0.56,268.7,No action,0.0,268.7,268.7,False
317,2024-11-07,Premium,699,14.6,5,1,21,19,No,0.1977,8,1105.54,1105.54,4486.46,Low Risk,Low Risk,0.53,585.94,No action,0.0,585.94,585.9,False
318,2023-06-29,Premium,699,10.6,4,0,15,35,No,0.365,6,1530.81,1530.81,2663.19,Medium Risk,Medium Risk,0.55,841.95,Customer support follow-up,120.0,721.95,7.0,True
319,2024-01-26,Premium,699,14.1,0,2,28,60,No,0.5708,8,3191.91,3191.91,2400.09,Medium Risk,Medium Risk,0.54,1723.63,Payment retry & Concierge billing call,65.0,1658.63,26.5,True
320,2024-07-04,Premium,699,17.6,6,1,21,19,No,0.148,8,827.62,827.62,4764.38,Low Risk,Low Risk,0.52,430.36,No action,0.0,430.36,430.4,False
321,2023-03-01,Standard,399,21.3,4,5,16,9,No,0.5619,6,1345.19,1345.19,1048.81,Medium Risk,Medium Risk,0.35,470.82,Payment retry & Concierge billing call,65.0,405.82,7.2,True
322,2023-09-19,Premium,699,24.2,8,4,27,8,Yes,0.7869,8,4400.34,4400.34,1191.66,High Risk,High Risk,0.2,880.07,Payment retry & Concierge billing call,65.0,815.07,13.5,True
323,2023-07-15,Basic,199,16.3,7,2,22,5,No,0.5045,8,803.16,803.16,788.84,Medium Risk,Medium Risk,0.48,385.52,Payment retry & Concierge billing call,65.0,320.52,5.9,True
324,2024-08-24,Basic,199,9.7,0,0,18,12,No,0.1477,6,176.35,176.35,1017.65,Low Risk,Low Risk,0.9,158.72,No action,0.0,158.72,158.7,False
325,2023-01-16,Premium,699,5.8,3,2,36,19,No,0.2342,8,1309.65,1309.65,4282.35,Low Risk,Low Risk,0.42,550.05,No action,0.0,550.05,550.0,False
326,2023-09-06,Basic,199,24.1,1,5,13,48,Yes,0.6369,6,760.46,760.46,433.54,High Risk,High Risk,0.3,228.14,Payment retry & Concierge billing call,65.0,163.14,3.5,True
327,2024-01-25,Premium,699,10.2,3,4,14,20,No,0.547,6,2294.12,2294.12,1899.88,Medium Risk,Medium Risk,0.26,596.47,Payment retry & Concierge billing call,65.0,531.47,9.2,True
328,2024-05-24,Standard,399,16.4,4,2,35,23,Yes,0.6267,8,2000.43,2000.43,1191.57,High Risk,High Risk,0.48,960.21,Payment retry & Concierge billing call,65.0,895.21,14.8,True
329,2023-11-17,Standard,399,20.2,7,2,7,58,Yes,0.6822,6,1633.19,1633.19,760.81,High Risk,High Risk,0.24,391.97,Payment retry & Concierge billing call,65.0,326.97,6.0,True
330,2024-07-20,Standard,399,14.3,3,5,3,9,Yes,0.5572,4,889.29,889.29,706.71,Medium Risk,Medium Risk,0.24,213.43,Payment retry & Concierge billing call,65.0,148.43,3.3,True
331,2023-09-09,Premium,699,7.7,3,2,27,14,No,0.3245,8,1814.6,1814.6,3777.4,Low Risk,Low Risk,0.56,1016.18,No action,0.0,1016.18,1016.2,False
332,2024-10-19,Standard,399,16.5,5,2,36,48,No,0.5382,8,1717.93,1717.93,1474.07,Medium Risk,Medium Risk,0.37,635.63,Payment retry & Concierge billing call,65.0,570.63,9.8,True
333,2024-05-15,Premium,699,11.8,5,1,32,8,No,0.2304,8,1288.4,1288.4,4303.6,Low Risk,Low Risk,0.62,798.81,No action,0.0,798.81,798.8,False
334,2023-03-18,Basic,199,24.8,0,4,35,2,No,0.2607,8,415.03,415.03,1176.97,Low Risk,Low Risk,0.65,269.77,No action,0.0,269.77,269.8,False
335,2023-03-11,Premium,699,19.2,6,1,4,53,No,0.3689,4,1031.44,1031.44,1764.56,Medium Risk,Medium Risk,0.37,381.63,Payment reminder & Priority billing assistance,35.0,346.63,10.9,True
336,2024-10-15,Premium,699,0.7,8,3,10,23,Yes,0.9823,6,4119.77,4119.77,74.23,Critical Risk,Critical Risk,0.05,205.99,Payment retry & Concierge billing call,65.0,140.99,3.2,True
337,2023-01-13,Premium,699,16.7,0,0,31,34,No,0.2346,8,1311.88,1311.88,4280.12,Low Risk,Low Risk,0.77,1010.15,No action,0.0,1010.15,1010.2,False
338,2024-12-15,Basic,199,18.2,8,2,34,1,No,0.2618,8,416.79,416.79,1175.21,Low Risk,Low Risk,0.46,191.72,No action,0.0,191.72,191.7,False
339,2023-06-02,Premium,699,20.3,2,0,28,58,Yes,0.3655,8,2043.88,2043.88,3548.12,Medium Risk,Medium Risk,0.72,1471.59,Engagement campaign,10.0,1461.59,147.2,True
340,2023-03-22,Basic,199,15.7,4,2,13,17,No,0.3729,6,445.24,445.24,748.76,Medium Risk,Medium Risk,0.48,213.72,Payment retry & Concierge billing call,65.0,148.72,3.3,True
341,2023-03-24,Standard,399,11.7,3,5,26,14,Yes,0.4955,8,1581.64,1581.64,1610.36,Medium Risk,Medium Risk,0.3,474.49,Payment retry & Concierge billing call,65.0,409.49,7.3,True
342,2024-10-14,Premium,699,2.8,6,3,3,35,Yes,0.9807,4,2742.04,2742.04,53.96,Critical Risk,Critical Risk,0.05,137.1,Payment retry & Concierge billing call,65.0,72.1,2.1,True
343,2023-04-08,Basic,199,2.5,6,5,11,50,Yes,0.974,6,1162.96,1162.96,31.04,Critical Risk,Critical Risk,0.05,58.15,Payment retry & Concierge billing call,65.0,-6.85,0.9,False
344,2024-12-01,Premium,699,6.1,7,2,3,2,No,0.2294,4,641.4,641.4,2154.6,Low Risk,Low Risk,0.3,192.42,No action,0.0,192.42,192.4,False
345,2023-01-17,Standard,399,14.3,0,1,35,59,No,0.2104,8,671.6,671.6,2520.4,Low Risk,Low Risk,0.64,429.82,No action,0.0,429.82,429.8,False
346,2023-09-04,Basic,199,18.9,6,0,10,19,Yes,0.2939,6,350.92,350.92,843.08,Low Risk,Low Risk,0.55,193.01,No action,0.0,193.01,193.0,False
347,2023-05-24,Premium,699,17.1,8,2,25,24,No,0.8285,8,4632.97,4632.97,959.03,Critical Risk,Critical Risk,0.21,972.92,Payment retry & Concierge billing call,65.0,907.92,15.0,True
348,2023-03-19,Premium,699,12.8,5,0,6,6,No,0.1537,6,644.62,644.62,3549.38,Low Risk,Low Risk,0.65,419.0,No action,0.0,419.0,419.0,False
349,2024-04-06,Standard,399,24.2,5,0,26,40,Yes,0.7625,8,2433.9,2433.9,758.1,High Risk,High Risk,0.52,1265.63,Customer support follow-up,120.0,1145.63,10.5,True
350,2024-11-07,Standard,399,9.2,6,3,15,11,No,0.5434,6,1300.9,1300.9,1093.1,Medium Risk,Medium Risk,0.35,455.32,Payment retry & Concierge billing call,65.0,390.32,7.0,True
351,2023-10-02,Standard,399,19.4,4,1,6,45,Yes,0.3574,6,855.62,855.62,1538.38,Medium Risk,Medium Risk,0.45,385.03,Payment reminder & Priority billing assistance,35.0,350.03,11.0,True
352,2023-04-20,Basic,199,17.9,2,5,25,24,Yes,0.5843,8,930.21,930.21,661.79,Medium Risk,Medium Risk,0.28,260.46,Payment retry & Concierge billing call,65.0,195.46,4.0,True
353,2023-05-16,Basic,199,23.6,7,2,1,48,Yes,0.7997,4,636.56,636.56,159.44,High Risk,High Risk,0.16,101.85,Payment retry & Concierge billing call,65.0,36.85,1.6,True
354,2023-01-27,Basic,199,11.1,8,4,12,32,Yes,0.7773,6,928.1,928.1,265.9,High Risk,High Risk,0.05,46.4,Payment retry & Concierge billing call,65.0,-18.6,0.7,False
355,2024-02-02,Basic,199,14.1,5,3,23,0,Yes,0.6529,8,1039.42,1039.42,552.58,High Risk,High Risk,0.44,457.34,Payment retry & Concierge billing call,65.0,392.34,7.0,True
356,2024-01-25,Basic,199,22.7,3,4,36,33,Yes,0.7248,8,1153.88,1153.88,438.12,High Risk,High Risk,0.31,357.7,Payment retry & Concierge billing call,65.0,292.7,5.5,True
357,2024-03-21,Basic,199,7.1,4,3,9,9,Yes,0.5006,6,597.72,597.72,596.28,Medium Risk,Medium Risk,0.33,197.25,Payment retry & Concierge billing call,65.0,132.25,3.0,True
358,2024-10-02,Standard,399,7.8,1,2,27,16,No,0.339,8,1082.09,1082.09,2109.91,Low Risk,Low Risk,0.52,562.69,No action,0.0,562.69,562.7,False
359,2023-12-07,Standard,399,11.7,2,2,13,0,No,0.4333,6,1037.32,1037.32,1356.68,Medium Risk,Medium Risk,0.64,663.88,Payment retry & Concierge billing call,65.0,598.88,10.2,True
360,2024-10-28,Premium,699,20.2,5,3,25,21,Yes,0.7431,8,4155.42,4155.42,1436.58,High Risk,High Risk,0.38,1579.06,Payment retry & Concierge billing call,65.0,1514.06,24.3,True
361,2024-02-12,Premium,699,7.9,3,3,9,20,Yes,0.4944,6,2073.51,2073.51,2120.49,Medium Risk,Medium Risk,0.26,539.11,Payment retry & Concierge billing call,65.0,474.11,8.3,True
362,2024-01-21,Standard,399,18.5,7,4,19,50,Yes,0.7447,8,2377.08,2377.08,814.92,High Risk,High Risk,0.1,237.71,Payment retry & Concierge billing call,65.0,172.71,3.7,True
363,2024-07-17,Standard,399,9.4,3,4,26,34,Yes,0.7003,8,2235.36,2235.36,956.64,High Risk,High Risk,0.17,380.01,Payment retry & Concierge billing call,65.0,315.01,5.8,True
364,2024-12-10,Basic,199,23.6,3,3,30,51,Yes,0.7004,8,1115.04,1115.04,476.96,High Risk,High Risk,0.42,468.32,Payment retry & Concierge billing call,65.0,403.32,7.2,True
365,2024-11-05,Basic,199,17.0,2,5,27,19,Yes,0.4311,8,686.31,686.31,905.69,Medium Risk,Medium Risk,0.27,185.3,Payment retry & Concierge billing call,65.0,120.3,2.9,True
366,2024-02-15,Basic,199,19.8,1,3,28,38,Yes,0.7667,8,1220.59,1220.59,371.41,High Risk,High Risk,0.34,415.0,Payment retry & Concierge billing call,65.0,350.0,6.4,True
367,2024-01-04,Premium,699,23.1,6,4,33,2,No,0.7006,8,3917.76,3917.76,1674.24,High Risk,High Risk,0.39,1527.93,Payment retry & Concierge billing call,65.0,1462.93,23.5,True
368,2024-11-11,Premium,699,15.0,1,0,35,49,Yes,0.5136,8,2872.05,2872.05,2719.95,Medium Risk,Medium Risk,0.71,2039.16,Engagement campaign,10.0,2029.16,203.9,True
369,2024-02-14,Standard,399,16.4,0,4,11,41,No,0.5664,6,1355.96,1355.96,1038.04,Medium Risk,Medium Risk,0.28,379.67,Payment retry & Concierge billing call,65.0,314.67,5.8,True
370,2024-06-15,Standard,399,3.1,1,2,28,14,Yes,0.6733,8,2149.17,2149.17,1042.83,High Risk,High Risk,0.59,1268.01,Payment retry & Concierge billing call,65.0,1203.01,19.5,True
371,2024-12-08,Premium,699,11.4,6,3,15,49,Yes,0.8127,6,3408.46,3408.46,785.54,Critical Risk,Critical Risk,0.05,170.42,Payment retry & Concierge billing call,65.0,105.42,2.6,True
372,2023-03-29,Premium,699,9.0,0,3,10,6,Yes,0.2757,6,1156.29,1156.29,3037.71,Low Risk,Low Risk,0.51,589.71,No action,0.0,589.71,589.7,False
373,2024-05-09,Basic,199,9.0,5,3,10,50,Yes,0.779,6,930.13,930.13,263.87,High Risk,High Risk,0.05,46.51,Payment retry & Concierge billing call,65.0,-18.49,0.7,False
374,2024-12-28,Standard,399,2.9,7,2,31,4,Yes,0.8339,8,2661.81,2661.81,530.19,Critical Risk,Critical Risk,0.23,612.22,Payment retry & Concierge billing call,65.0,547.22,9.4,True
375,2023-09-07,Basic,199,21.3,1,5,2,51,Yes,0.7495,4,596.6,596.6,199.4,High Risk,High Risk,0.19,113.35,Payment retry & Concierge billing call,65.0,48.35,1.7,True
376,2023-08-26,Premium,699,14.0,5,4,12,27,No,0.7755,6,3252.45,3252.45,941.55,High Risk,High Risk,0.05,162.62,Payment retry & Concierge billing call,65.0,97.62,2.5,True
377,2023-07-22,Standard,399,5.1,6,3,12,1,No,0.4785,6,1145.53,1145.53,1248.47,Medium Risk,Medium Risk,0.23,263.47,Payment retry & Concierge billing call,65.0,198.47,4.1,True
378,2023-03-06,Standard,399,10.0,3,1,28,17,No,0.2089,8,666.81,666.81,2525.19,Low Risk,Low Risk,0.56,373.41,No action,0.0,373.41,373.4,False
379,2024-04-13,Premium,699,20.1,8,1,7,23,Yes,0.6344,6,2660.67,2660.67,1533.33,High Risk,High Risk,0.38,1011.05,Payment reminder & Priority billing assistance,35.0,976.05,28.9,True
380,2024-02-02,Basic,199,16.9,7,4,17,40,Yes,0.8078,6,964.51,964.51,229.49,Critical Risk,Critical Risk,0.05,48.23,Payment retry & Concierge billing call,65.0,-16.77,0.7,False
381,2023-06-26,Premium,699,14.9,5,2,26,54,Yes,0.7859,8,4394.75,4394.75,1197.25,High Risk,High Risk,0.23,1010.79,Payment retry & Concierge billing call,65.0,945.79,15.6,True
382,2023-09-02,Premium,699,23.0,1,5,20,8,Yes,0.5438,8,3040.93,3040.93,2551.07,Medium Risk,Medium Risk,0.49,1490.06,Payment retry & Concierge billing call,65.0,1425.06,22.9,True
383,2023-05-22,Standard,399,5.0,2,4,8,24,Yes,0.4474,6,1071.08,1071.08,1322.92,Medium Risk,Medium Risk,0.17,182.08,Payment retry & Concierge billing call,65.0,117.08,2.8,True
384,2024-10-22,Premium,699,10.9,7,5,25,34,Yes,0.8924,8,4990.3,4990.3,601.7,Critical Risk,Critical Risk,0.05,249.52,Payment retry & Concierge billing call,65.0,184.52,3.8,True
385,2024-04-06,Basic,199,4.6,4,1,36,11,Yes,0.7221,8,1149.58,1149.58,442.42,High Risk,High Risk,0.59,678.25,Payment reminder,15.0,663.25,45.2,True
386,2024-01-29,Premium,699,21.7,0,3,4,8,Yes,0.4991,4,1395.48,1395.48,1400.52,Medium Risk,Medium Risk,0.64,893.11,Payment retry & Concierge billing call,65.0,828.11,13.7,True
387,2024-03-30,Premium,699,16.5,6,5,33,31,Yes,0.7005,8,3917.2,3917.2,1674.8,High Risk,High Risk,0.05,195.86,Payment retry & Concierge billing call,65.0,130.86,3.0,True
388,2023-08-19,Standard,399,2.5,0,1,11,18,Yes,0.5283,6,1264.75,1264.75,1129.25,Medium Risk,Medium Risk,0.52,657.67,Payment reminder & Priority billing assistance,35.0,622.67,18.8,True
389,2024-05-22,Premium,699,4.6,7,4,19,47,Yes,0.9836,8,5500.29,5500.29,91.71,Critical Risk,Critical Risk,0.05,275.01,Payment retry & Concierge billing call,65.0,210.01,4.2,True
390,2024-01-11,Premium,699,3.3,1,2,33,49,Yes,0.9164,8,5124.51,5124.51,467.49,Critical Risk,Critical Risk,0.27,1383.62,Payment retry & Concierge billing call,65.0,1318.62,21.3,True
391,2023-04-15,Premium,699,19.1,7,4,3,13,No,0.5003,4,1398.84,1398.84,1397.16,Medium Risk,Medium Risk,0.23,321.73,Payment retry & Concierge billing call,65.0,256.73,4.9,True
392,2023-03-31,Premium,699,7.8,0,3,16,16,Yes,0.349,6,1463.71,1463.71,2730.29,Low Risk,Low Risk,0.46,673.31,No action,0.0,673.31,673.3,False
393,2024-12-06,Standard,399,19.5,3,1,8,51,No,0.3338,6,799.12,799.12,1594.88,Low Risk,Low Risk,0.5,399.56,No action,0.0,399.56,399.6,False
394,2023-03-02,Standard,399,4.6,2,1,28,52,Yes,0.7102,8,2266.96,2266.96,925.04,High Risk,High Risk,0.47,1065.47,Payment reminder & Priority billing assistance,35.0,1030.47,30.4,True
395,2023-10-27,Premium,699,13.5,8,1,23,20,No,0.2484,8,1389.05,1389.05,4202.95,Low Risk,Low Risk,0.4,555.62,No action,0.0,555.62,555.6,False
396,2024-02-26,Standard,399,23.8,8,5,18,52,Yes,0.6525,6,1562.08,1562.08,831.92,High Risk,High Risk,0.05,78.1,Payment retry & Concierge billing call,65.0,13.1,1.2,True
397,2023-05-30,Basic,199,21.7,2,5,18,55,Yes,0.555,6,662.67,662.67,531.33,Medium Risk,Medium Risk,0.24,159.04,Payment retry & Concierge billing call,65.0,94.04,2.4,True
398,2023-10-03,Premium,699,20.8,6,3,21,9,No,0.5658,8,3163.95,3163.95,2428.05,Medium Risk,Medium Risk,0.47,1487.06,Payment retry & Concierge billing call,65.0,1422.06,22.9,True
399,2023-04-06,Premium,699,9.7,1,5,27,50,No,0.6707,8,3750.55,3750.55,1841.45,High Risk,High Risk,0.16,600.09,Payment retry & Concierge billing call,65.0,535.09,9.2,True
400,2024-08-18,Standard,399,18.9,5,3,33,60,Yes,0.8039,8,2566.05,2566.05,625.95,Critical Risk,Critical Risk,0.17,436.23,Payment retry & Concierge billing call,65.0,371.23,6.7,True
401,2023-03-06,Basic,199,18.4,7,5,6,42,Yes,0.8215,6,980.87,980.87,213.13,Critical Risk,Critical Risk,0.05,49.04,Payment retry & Concierge billing call,65.0,-15.96,0.8,False
402,2023-10-18,Premium,699,5.8,6,1,26,31,Yes,0.4592,8,2567.85,2567.85,3024.15,Medium Risk,Medium Risk,0.32,821.71,Payment reminder & Priority billing assistance,35.0,786.71,23.5,True
403,2023-02-19,Standard,399,14.7,7,2,36,57,Yes,0.6846,8,2185.24,2185.24,1006.76,High Risk,High Risk,0.27,590.01,Payment retry & Concierge billing call,65.0,525.01,9.1,True
404,2023-06-11,Basic,199,15.8,7,0,7,7,No,0.1948,6,232.59,232.59,961.41,Low Risk,Low Risk,0.6,139.55,No action,0.0,139.55,139.6,False
405,2024-10-27,Standard,399,0.5,6,1,30,44,No,0.4264,8,1361.07,1361.07,1830.93,Medium Risk,Medium Risk,0.26,353.88,Payment reminder & Priority billing assistance,35.0,318.88,10.1,True
406,2023-03-26,Standard,399,21.9,4,0,11,41,Yes,0.4614,6,1104.59,1104.59,1289.41,Medium Risk,Medium Risk,0.58,640.66,Customer support follow-up,120.0,520.66,5.3,True
407,2024-03-15,Standard,399,1.8,4,5,11,44,Yes,0.9607,6,2299.92,2299.92,94.08,Critical Risk,Critical Risk,0.05,115.0,Payment retry & Concierge billing call,65.0,50.0,1.8,True
408,2024-08-30,Premium,699,17.7,0,1,6,30,Yes,0.3797,6,1592.46,1592.46,2601.54,Medium Risk,Medium Risk,0.68,1082.87,Payment reminder & Priority billing assistance,35.0,1047.87,30.9,True
409,2023-05-04,Basic,199,17.2,0,0,34,44,Yes,0.2662,8,423.79,423.79,1168.21,Low Risk,Low Risk,0.77,326.32,No action,0.0,326.32,326.3,False
410,2023-04-15,Standard,399,12.2,3,3,9,5,No,0.4401,6,1053.6,1053.6,1340.4,Medium Risk,Medium Risk,0.42,442.51,Payment retry & Concierge billing call,65.0,377.51,6.8,True
411,2023-05-17,Basic,199,9.5,4,1,21,24,No,0.3554,8,565.8,565.8,1026.2,Medium Risk,Medium Risk,0.51,288.56,Payment reminder,15.0,273.56,19.2,True
412,2023-12-26,Premium,699,2.2,0,4,10,41,Yes,0.9536,6,3999.4,3999.4,194.6,Critical Risk,Critical Risk,0.05,199.97,Payment retry & Concierge billing call,65.0,134.97,3.1,True
413,2023-08-11,Premium,699,15.9,2,3,14,39,No,0.6225,6,2610.77,2610.77,1583.23,High Risk,High Risk,0.38,992.09,Payment retry & Concierge billing call,65.0,927.09,15.3,True
414,2024-03-15,Basic,199,3.9,1,4,7,46,Yes,0.8342,6,996.03,996.03,197.97,Critical Risk,Critical Risk,0.05,49.8,Payment retry & Concierge billing call,65.0,-15.2,0.8,False
415,2024-09-14,Standard,399,6.6,1,1,9,35,No,0.2691,6,644.23,644.23,1749.77,Low Risk,Low Risk,0.45,289.9,No action,0.0,289.9,289.9,False
416,2023-07-13,Standard,399,21.3,4,1,2,33,No,0.2285,4,364.69,364.69,1231.31,Low Risk,Low Risk,0.47,171.4,No action,0.0,171.4,171.4,False
417,2023-09-04,Premium,699,7.7,0,1,26,31,No,0.3015,8,1685.99,1685.99,3906.01,Low Risk,Low Risk,0.58,977.87,No action,0.0,977.87,977.9,False
418,2024-02-01,Standard,399,13.4,0,2,5,59,Yes,0.5666,6,1356.44,1356.44,1037.56,Medium Risk,Medium Risk,0.45,610.4,Payment retry & Concierge billing call,65.0,545.4,9.4,True
419,2024-08-24,Premium,699,9.5,2,3,27,49,Yes,0.6346,8,3548.68,3548.68,2043.32,High Risk,High Risk,0.31,1100.09,Payment retry & Concierge billing call,65.0,1035.09,16.9,True
420,2024-06-02,Basic,199,6.9,0,0,1,60,No,0.2228,4,177.35,177.35,618.65,Low Risk,Low Risk,0.59,104.64,No action,0.0,104.64,104.6,False
421,2024-07-03,Standard,399,19.3,6,5,33,25,Yes,0.8216,8,2622.55,2622.55,569.45,Critical Risk,Critical Risk,0.05,131.13,Payment retry & Concierge billing call,65.0,66.13,2.0,True
422,2023-06-09,Premium,699,7.3,4,0,10,32,No,0.3063,6,1284.62,1284.62,2909.38,Low Risk,Low Risk,0.43,552.39,No action,0.0,552.39,552.4,False
423,2023-09-02,Premium,699,10.1,1,2,21,44,Yes,0.5738,8,3208.69,3208.69,2383.31,Medium Risk,Medium Risk,0.46,1476.0,Payment retry & Concierge billing call,65.0,1411.0,22.7,True
424,2023-02-26,Basic,199,2.6,6,0,16,29,Yes,0.8246,6,984.57,984.57,209.43,Critical Risk,Critical Risk,0.35,344.6,Customer support follow-up,120.0,224.6,2.9,True
425,2023-12-22,Standard,399,3.4,2,5,12,0,Yes,0.6197,6,1483.56,1483.56,910.44,High Risk,High Risk,0.17,252.21,Payment retry & Concierge billing call,65.0,187.21,3.9,True
426,2023-10-03,Premium,699,19.7,4,1,34,23,Yes,0.4911,8,2746.23,2746.23,2845.77,Medium Risk,Medium Risk,0.62,1702.66,Payment reminder & Priority billing assistance,35.0,1667.66,48.6,True
427,2024-06-20,Premium,699,19.4,0,2,8,51,Yes,0.6488,6,2721.07,2721.07,1472.93,High Risk,High Risk,0.51,1387.75,Payment retry & Concierge billing call,65.0,1322.75,21.4,True
428,2023-02-26,Basic,199,18.0,1,3,17,29,Yes,0.5917,6,706.49,706.49,487.51,Medium Risk,Medium Risk,0.52,367.37,Payment retry & Concierge billing call,65.0,302.37,5.7,True
429,2023-04-29,Standard,399,9.5,4,0,11,57,No,0.3025,6,724.18,724.18,1669.82,Low Risk,Low Risk,0.45,325.88,No action,0.0,325.88,325.9,False
430,2024-01-28,Basic,199,0.6,0,1,33,2,No,0.0949,8,151.08,151.08,1440.92,Low Risk,Low Risk,0.71,107.27,No action,0.0,107.27,107.3,False
431,2024-11-02,Basic,199,23.3,0,4,12,51,No,0.4957,6,591.87,591.87,602.13,Medium Risk,Medium Risk,0.35,207.15,Payment retry & Concierge billing call,65.0,142.15,3.2,True
432,2023-03-21,Standard,399,8.4,6,5,15,20,Yes,0.6089,6,1457.71,1457.71,936.29,High Risk,High Risk,0.05,72.89,Payment retry & Concierge billing call,65.0,7.89,1.1,True
433,2023-02-17,Premium,699,3.4,0,1,24,14,No,0.3148,8,1760.36,1760.36,3831.64,Low Risk,Low Risk,0.73,1285.06,No action,0.0,1285.06,1285.1,False
434,2024-04-12,Standard,399,22.0,4,2,5,20,Yes,0.4722,6,1130.45,1130.45,1263.55,Medium Risk,Medium Risk,0.46,520.01,Payment retry & Concierge billing call,65.0,455.01,8.0,True
435,2024-01-13,Basic,199,5.4,4,5,24,39,Yes,0.6394,8,1017.92,1017.92,574.08,High Risk,High Risk,0.05,50.9,Payment retry & Concierge billing call,65.0,-14.1,0.8,False
436,2023-09-09,Premium,699,24.9,3,5,32,57,Yes,0.7026,8,3928.94,3928.94,1663.06,High Risk,High Risk,0.23,903.66,Payment retry & Concierge billing call,65.0,838.66,13.9,True
437,2024-12-11,Basic,199,23.3,0,1,1,34,Yes,0.23,4,183.08,183.08,612.92,Low Risk,Low Risk,0.65,119.0,No action,0.0,119.0,119.0,False
438,2023-07-30,Basic,199,0.5,6,5,22,46,Yes,0.9746,8,1551.56,1551.56,40.44,Critical Risk,Critical Risk,0.05,77.58,Payment retry & Concierge billing call,65.0,12.58,1.2,True
439,2023-02-14,Premium,699,10.8,0,1,16,45,Yes,0.422,6,1769.87,1769.87,2424.13,Medium Risk,Medium Risk,0.61,1079.62,Payment reminder & Priority billing assistance,35.0,1044.62,30.8,True
440,2023-04-08,Basic,199,10.6,5,3,34,47,Yes,0.8522,8,1356.7,1356.7,235.3,Critical Risk,Critical Risk,0.09,122.1,Payment retry & Concierge billing call,65.0,57.1,1.9,True
441,2024-03-21,Premium,699,16.1,6,0,9,37,No,0.3825,6,1604.2,1604.2,2589.79,Medium Risk,Medium Risk,0.44,705.85,Customer support follow-up,120.0,585.85,5.9,True
442,2024-12-18,Premium,699,6.3,4,2,9,59,No,0.4323,6,1813.07,1813.07,2380.93,Medium Risk,Medium Risk,0.22,398.88,Payment retry & Concierge billing call,65.0,333.88,6.1,True
443,2023-05-20,Premium,699,8.3,4,1,21,4,No,0.1309,8,731.99,731.99,4860.01,Low Risk,Low Risk,0.62,453.83,No action,0.0,453.83,453.8,False
444,2023-05-04,Premium,699,4.3,2,3,7,29,Yes,0.9501,6,3984.72,3984.72,209.28,Critical Risk,Critical Risk,0.14,557.86,Payment retry & Concierge billing call,65.0,492.86,8.6,True
445,2023-05-03,Premium,699,24.1,3,3,23,19,No,0.3145,8,1758.68,1758.68,3833.32,Low Risk,Low Risk,0.5,879.34,No action,0.0,879.34,879.3,False
446,2023-08-09,Basic,199,20.3,4,5,11,44,Yes,0.7732,6,923.2,923.2,270.8,High Risk,High Risk,0.05,46.16,Payment retry & Concierge billing call,65.0,-18.84,0.7,False
447,2024-11-24,Standard,399,2.7,3,2,10,25,Yes,0.9524,6,2280.05,2280.05,113.95,Critical Risk,Critical Risk,0.19,433.21,Payment retry & Concierge billing call,65.0,368.21,6.7,True
448,2024-04-08,Standard,399,20.6,2,0,17,60,No,0.3571,6,854.9,854.9,1539.1,Medium Risk,Medium Risk,0.73,624.08,Engagement campaign,10.0,614.08,62.4,True
449,2023-05-05,Premium,699,6.6,7,0,36,51,No,0.3449,8,1928.68,1928.68,3663.32,Low Risk,Low Risk,0.39,752.19,No action,0.0,752.19,752.2,False
450,2024-01-17,Basic,199,20.8,3,1,4,12,No,0.2137,4,170.11,170.11,625.89,Low Risk,Low Risk,0.71,120.78,No action,0.0,120.78,120.8,False
451,2023-07-22,Premium,699,14.8,4,0,6,1,No,0.146,6,612.32,612.32,3581.68,Low Risk,Low Risk,0.71,434.75,No action,0.0,434.75,434.8,False
452,2024-04-17,Premium,699,20.3,1,2,29,7,Yes,0.3031,8,1694.94,1694.94,3897.06,Low Risk,Low Risk,0.76,1288.15,No action,0.0,1288.15,1288.2,False
453,2024-01-27,Basic,199,23.1,6,5,11,25,Yes,0.7838,6,935.86,935.86,258.14,High Risk,High Risk,0.05,46.79,Payment retry & Concierge billing call,65.0,-18.21,0.7,False
454,2023-06-02,Premium,699,4.7,3,1,28,17,Yes,0.5461,8,3053.79,3053.79,2538.21,Medium Risk,Medium Risk,0.51,1557.43,Payment reminder & Priority billing assistance,35.0,1522.43,44.5,True
455,2023-03-04,Basic,199,16.4,7,3,16,56,Yes,0.789,6,942.07,942.07,251.93,High Risk,High Risk,0.06,56.52,Payment retry & Concierge billing call,65.0,-8.48,0.9,False
456,2024-06-22,Basic,199,9.9,6,1,18,41,No,0.4764,6,568.82,568.82,625.18,Medium Risk,Medium Risk,0.36,204.78,Payment reminder,15.0,189.78,13.7,True
457,2024-05-11,Basic,199,20.0,6,5,35,22,Yes,0.7523,8,1197.66,1197.66,394.34,High Risk,High Risk,0.05,59.88,Payment retry & Concierge billing call,65.0,-5.12,0.9,False
458,2023-08-13,Standard,399,8.4,4,1,33,1,No,0.1935,8,617.65,617.65,2574.35,Low Risk,Low Risk,0.62,382.94,No action,0.0,382.94,382.9,False
459,2023-08-27,Basic,199,1.9,7,4,18,22,Yes,0.9794,6,1169.4,1169.4,24.6,Critical Risk,Critical Risk,0.05,58.47,Payment retry & Concierge billing call,65.0,-6.53,0.9,False
460,2023-02-27,Basic,199,6.6,3,2,7,34,No,0.5432,6,648.58,648.58,545.42,Medium Risk,Medium Risk,0.27,175.12,Payment retry & Concierge billing call,65.0,110.12,2.7,True
461,2024-12-15,Basic,199,9.2,2,1,25,15,No,0.204,8,324.77,324.77,1267.23,Low Risk,Low Risk,0.59,191.61,No action,0.0,191.61,191.6,False
462,2023-07-12,Standard,399,17.7,5,4,2,36,Yes,0.9167,4,1463.05,1463.05,132.95,Critical Risk,Critical Risk,0.05,73.15,Payment retry & Concierge billing call,65.0,8.15,1.1,True
463,2024-09-08,Standard,399,8.1,7,0,35,5,Yes,0.2306,8,736.08,736.08,2455.92,Low Risk,Low Risk,0.6,441.65,No action,0.0,441.65,441.6,False
464,2023-05-14,Basic,199,13.4,0,2,2,58,No,0.5827,4,463.83,463.83,332.17,Medium Risk,Medium Risk,0.45,208.72,Payment retry & Concierge billing call,65.0,143.72,3.2,True
465,2024-12-22,Standard,399,23.0,5,0,12,1,Yes,0.5004,6,1197.96,1197.96,1196.04,Medium Risk,Medium Risk,0.75,898.47,Customer support follow-up,120.0,778.47,7.5,True
466,2024-11-09,Basic,199,21.2,5,0,8,23,No,0.6083,6,726.31,726.31,467.69,High Risk,High Risk,0.61,443.05,Customer support follow-up,120.0,323.05,3.7,True
467,2024-03-23,Standard,399,8.7,5,1,7,10,No,0.2086,6,499.39,499.39,1894.61,Low Risk,Low Risk,0.51,254.69,No action,0.0,254.69,254.7,False
468,2024-09-20,Premium,699,16.4,2,5,32,35,No,0.5963,8,3334.51,3334.51,2257.49,Medium Risk,Medium Risk,0.18,600.21,Payment retry & Concierge billing call,65.0,535.21,9.2,True
469,2023-10-29,Standard,399,16.8,2,3,15,19,No,0.4144,6,992.07,992.07,1401.93,Medium Risk,Medium Risk,0.47,466.27,Payment retry & Concierge billing call,65.0,401.27,7.2,True
470,2023-11-22,Basic,199,18.4,6,4,12,2,Yes,0.5748,6,686.31,686.31,507.69,Medium Risk,Medium Risk,0.26,178.44,Payment retry & Concierge billing call,65.0,113.44,2.7,True
471,2023-03-21,Premium,699,16.2,1,3,15,9,Yes,0.4068,6,1706.12,1706.12,2487.88,Medium Risk,Medium Risk,0.62,1057.79,Payment retry & Concierge billing call,65.0,992.79,16.3,True
472,2024-12-26,Basic,199,24.6,2,5,23,56,No,0.4068,8,647.63,647.63,944.37,Medium Risk,Medium Risk,0.27,174.86,Payment retry & Concierge billing call,65.0,109.86,2.7,True
473,2023-12-25,Premium,699,11.4,4,1,22,15,No,0.1571,8,878.5,878.5,4713.5,Low Risk,Low Risk,0.53,465.6,No action,0.0,465.6,465.6,False
474,2023-06-20,Standard,399,18.2,0,3,7,28,No,0.4117,6,985.61,985.61,1408.39,Medium Risk,Medium Risk,0.48,473.09,Payment retry & Concierge billing call,65.0,408.09,7.3,True
475,2024-05-05,Standard,399,22.1,5,4,32,24,Yes,0.8566,8,2734.27,2734.27,457.73,Critical Risk,Critical Risk,0.18,492.17,Payment retry & Concierge billing call,65.0,427.17,7.6,True
476,2023-09-25,Premium,699,4.5,1,0,15,18,Yes,0.5508,6,2310.06,2310.06,1883.94,Medium Risk,Medium Risk,0.68,1570.84,Engagement campaign,10.0,1560.84,157.1,True
477,2023-04-06,Basic,199,8.9,6,1,5,46,Yes,0.5383,6,642.73,642.73,551.27,Medium Risk,Medium Risk,0.27,173.54,Payment reminder,15.0,158.54,11.6,True
478,2024-03-20,Standard,399,17.8,6,5,31,10,No,0.5227,8,1668.46,1668.46,1523.54,Medium Risk,Medium Risk,0.24,400.43,Payment retry & Concierge billing call,65.0,335.43,6.2,True
479,2024-07-07,Basic,199,3.0,3,1,4,26,No,0.7518,4,598.43,598.43,197.57,High Risk,High Risk,0.29,173.54,Payment reminder,15.0,158.54,11.6,True
480,2024-05-17,Standard,399,7.8,1,0,19,25,No,0.2968,8,947.39,947.39,2244.61,Low Risk,Low Risk,0.72,682.12,No action,0.0,682.12,682.1,False
481,2024-10-02,Basic,199,9.3,6,0,4,18,No,0.1376,4,109.53,109.53,686.47,Low Risk,Low Risk,0.45,49.29,No action,0.0,49.29,49.3,False
482,2023-03-25,Premium,699,5.4,0,1,31,10,No,0.2391,8,1337.05,1337.05,4254.95,Low Risk,Low Risk,0.75,1002.79,No action,0.0,1002.79,1002.8,False
483,2023-09-29,Standard,399,8.1,6,3,8,31,No,0.7822,6,1872.59,1872.59,521.41,High Risk,High Risk,0.05,93.63,Payment retry & Concierge billing call,65.0,28.63,1.4,True
484,2023-02-15,Basic,199,10.0,5,3,35,23,Yes,0.8182,8,1302.57,1302.57,289.43,Critical Risk,Critical Risk,0.16,208.41,Payment retry & Concierge billing call,65.0,143.41,3.2,True
485,2024-12-14,Standard,399,11.9,3,2,29,36,Yes,0.6911,8,2205.99,2205.99,986.01,High Risk,High Risk,0.4,882.4,Payment retry & Concierge billing call,65.0,817.4,13.6,True
486,2024-08-26,Premium,699,2.6,5,4,7,26,Yes,0.976,6,4093.34,4093.34,100.66,Critical Risk,Critical Risk,0.05,204.67,Payment retry & Concierge billing call,65.0,139.67,3.1,True
487,2024-12-04,Basic,199,2.0,6,4,36,26,Yes,0.9681,8,1541.22,1541.22,50.78,Critical Risk,Critical Risk,0.05,77.06,Payment retry & Concierge billing call,65.0,12.06,1.2,True
488,2023-02-05,Standard,399,12.2,1,3,16,57,No,0.7094,6,1698.3,1698.3,695.7,High Risk,High Risk,0.38,645.35,Payment retry & Concierge billing call,65.0,580.35,9.9,True
489,2023-06-27,Premium,699,20.1,2,0,34,60,No,0.3194,8,1786.08,1786.08,3805.92,Low Risk,Low Risk,0.72,1285.98,No action,0.0,1285.98,1286.0,False
490,2024-11-30,Basic,199,20.3,2,0,14,27,Yes,0.4101,6,489.66,489.66,704.34,Medium Risk,Medium Risk,0.8,391.73,Engagement campaign,10.0,381.73,39.2,True
491,2023-03-10,Standard,399,24.9,2,4,13,16,Yes,0.5007,6,1198.68,1198.68,1195.32,Medium Risk,Medium Risk,0.45,539.41,Payment retry & Concierge billing call,65.0,474.41,8.3,True
492,2024-04-14,Basic,199,14.1,8,2,25,54,Yes,0.7743,8,1232.69,1232.69,359.31,High Risk,High Risk,0.1,123.27,Payment retry & Concierge billing call,65.0,58.27,1.9,True
493,2024-08-25,Basic,199,19.7,1,3,34,9,Yes,0.5195,8,827.04,827.04,764.96,Medium Risk,Medium Risk,0.66,545.85,Payment retry & Concierge billing call,65.0,480.85,8.4,True
494,2023-12-19,Premium,699,23.2,1,2,7,55,Yes,0.5503,6,2307.96,2307.96,1886.04,Medium Risk,Medium Risk,0.51,1177.06,Payment retry & Concierge billing call,65.0,1112.06,18.1,True
495,2023-06-26,Standard,399,9.9,7,4,17,38,Yes,0.8125,6,1945.12,1945.12,448.88,Critical Risk,Critical Risk,0.05,97.26,Payment retry & Concierge billing call,65.0,32.26,1.5,True
496,2023-12-06,Standard,399,4.0,6,0,26,25,No,0.5192,8,1657.29,1657.29,1534.71,Medium Risk,Medium Risk,0.48,795.5,Customer support follow-up,120.0,675.5,6.6,True
497,2023-12-12,Premium,699,1.7,7,2,16,57,Yes,0.9845,6,4128.99,4128.99,65.01,Critical Risk,Critical Risk,0.05,206.45,Payment retry & Concierge billing call,65.0,141.45,3.2,True
498,2023-08-22,Standard,399,7.4,7,5,20,43,Yes,0.7957,8,2539.87,2539.87,652.13,High Risk,High Risk,0.05,126.99,Payment retry & Concierge billing call,65.0,61.99,2.0,True
499,2024-09-11,Basic,199,24.4,7,2,20,17,No,0.4611,8,734.07,734.07,857.93,Medium Risk,Medium Risk,0.44,322.99,Payment retry & Concierge billing call,65.0,257.99,5.0,True
500,2024-06-12,Premium,699,5.1,3,3,6,47,Yes,0.717,6,3007.1,3007.1,1186.9,High Risk,High Risk,0.15,451.06,Payment retry & Concierge billing call,65.0,386.06,6.9,True
501,2024-02-18,Standard,399,13.1,2,0,4,19,No,0.1083,4,172.85,172.85,1423.15,Low Risk,Low Risk,0.65,112.35,No action,0.0,112.35,112.4,False
502,2023-07-25,Basic,199,22.0,0,1,34,12,No,0.3222,8,512.94,512.94,1079.06,Low Risk,Low Risk,0.92,471.9,No action,0.0,471.9,471.9,False
503,2024-01-13,Basic,199,1.3,0,2,16,45,Yes,0.92,6,1098.48,1098.48,95.52,Critical Risk,Critical Risk,0.29,318.56,Payment retry & Concierge billing call,65.0,253.56,4.9,True
504,2024-05-15,Standard,399,10.2,1,5,33,1,Yes,0.3417,8,1090.71,1090.71,2101.29,Low Risk,Low Risk,0.36,392.66,No action,0.0,392.66,392.7,False
505,2023-06-17,Premium,699,4.9,7,4,29,35,Yes,0.974,8,5446.61,5446.61,145.39,Critical Risk,Critical Risk,0.05,272.33,Payment retry & Concierge billing call,65.0,207.33,4.2,True
506,2023-08-08,Standard,399,7.5,6,0,6,10,No,0.16,6,383.04,383.04,2010.96,Low Risk,Low Risk,0.55,210.67,No action,0.0,210.67,210.7,False
507,2024-11-29,Basic,199,17.1,4,5,15,26,Yes,0.6392,6,763.2,763.2,430.8,High Risk,High Risk,0.19,145.01,Payment retry & Concierge billing call,65.0,80.01,2.2,True
508,2023-09-16,Basic,199,22.8,2,4,31,51,Yes,0.7395,8,1177.28,1177.28,414.72,High Risk,High Risk,0.35,412.05,Payment retry & Concierge billing call,65.0,347.05,6.3,True
509,2023-12-24,Premium,699,18.0,4,3,20,57,Yes,0.8274,8,4626.82,4626.82,965.18,Critical Risk,Critical Risk,0.2,925.36,Payment retry & Concierge billing call,65.0,860.36,14.2,True
510,2024-02-11,Standard,399,5.8,4,5,17,33,No,0.656,6,1570.46,1570.46,823.54,High Risk,High Risk,0.05,78.52,Payment retry & Concierge billing call,65.0,13.52,1.2,True
511,2023-10-17,Premium,699,0.7,5,4,7,41,Yes,0.9864,6,4136.96,4136.96,57.04,Critical Risk,Critical Risk,0.05,206.85,Payment retry & Concierge billing call,65.0,141.85,3.2,True
512,2023-10-11,Standard,399,12.3,5,2,7,40,Yes,0.7571,6,1812.5,1812.5,581.5,High Risk,High Risk,0.12,217.5,Payment retry & Concierge billing call,65.0,152.5,3.3,True
513,2024-09-06,Standard,399,5.1,8,1,20,57,Yes,0.6558,8,2093.31,2093.31,1098.69,High Risk,High Risk,0.23,481.46,Payment reminder & Priority billing assistance,35.0,446.46,13.8,True
514,2023-09-23,Standard,399,17.2,0,5,21,31,No,0.4352,8,1389.16,1389.16,1802.84,Medium Risk,Medium Risk,0.27,375.07,Payment retry & Concierge billing call,65.0,310.07,5.8,True
515,2023-07-14,Standard,399,10.0,0,4,26,45,No,0.4578,8,1461.3,1461.3,1730.7,Medium Risk,Medium Risk,0.3,438.39,Payment retry & Concierge billing call,65.0,373.39,6.7,True
516,2023-06-24,Standard,399,17.3,7,5,15,22,Yes,0.7863,6,1882.4,1882.4,511.6,High Risk,High Risk,0.05,94.12,Payment retry & Concierge billing call,65.0,29.12,1.4,True
517,2024-07-26,Premium,699,4.9,1,3,36,8,No,0.3709,8,2074.07,2074.07,3517.93,Medium Risk,Medium Risk,0.51,1057.78,Payment retry & Concierge billing call,65.0,992.78,16.3,True
518,2023-11-11,Basic,199,16.5,3,2,22,14,No,0.3227,8,513.74,513.74,1078.26,Low Risk,Low Risk,0.64,328.79,No action,0.0,328.79,328.8,False
519,2023-02-24,Standard,399,9.6,4,3,22,54,Yes,0.6604,8,2108.0,2108.0,1084.0,High Risk,High Risk,0.24,505.92,Payment retry & Concierge billing call,65.0,440.92,7.8,True
520,2024-01-26,Premium,699,12.1,3,4,5,7,No,0.4739,6,1987.54,1987.54,2206.46,Medium Risk,Medium Risk,0.32,636.01,Payment retry & Concierge billing call,65.0,571.01,9.8,True
521,2024-08-06,Premium,699,10.6,2,1,20,12,No,0.1504,8,841.04,841.04,4750.96,Low Risk,Low Risk,0.73,613.96,No action,0.0,613.96,614.0,False
522,2023-07-01,Standard,399,8.3,2,0,10,31,Yes,0.2755,6,659.55,659.55,1734.45,Low Risk,Low Risk,0.52,342.97,No action,0.0,342.97,343.0,False
523,2024-08-13,Standard,399,0.6,4,1,4,48,No,0.9075,4,1448.37,1448.37,147.63,Critical Risk,Critical Risk,0.15,217.26,Payment reminder & Priority billing assistance,35.0,182.26,6.2,True
524,2024-03-15,Basic,199,19.7,1,1,32,39,No,0.3362,8,535.23,535.23,1056.77,Low Risk,Low Risk,0.66,353.25,No action,0.0,353.25,353.2,False
525,2024-01-18,Standard,399,24.2,6,0,28,2,No,0.4745,8,1514.6,1514.6,1677.4,Medium Risk,Medium Risk,0.8,1211.68,Customer support follow-up,120.0,1091.68,10.1,True
526,2024-10-03,Basic,199,19.0,8,1,21,1,No,0.3807,8,606.07,606.07,985.93,Medium Risk,Medium Risk,0.57,345.46,Payment reminder,15.0,330.46,23.0,True
527,2024-05-30,Premium,699,6.0,5,2,16,8,Yes,0.4341,6,1820.62,1820.62,2373.38,Medium Risk,Medium Risk,0.46,837.49,Payment retry & Concierge billing call,65.0,772.49,12.9,True
528,2024-06-16,Premium,699,4.6,0,2,20,60,Yes,0.8822,8,4933.26,4933.26,658.74,Critical Risk,Critical Risk,0.33,1627.98,Payment retry & Concierge billing call,65.0,1562.98,25.0,True
529,2023-07-12,Premium,699,8.8,2,2,34,57,Yes,0.6205,8,3469.84,3469.84,2122.16,High Risk,High Risk,0.41,1422.63,Payment retry & Concierge billing call,65.0,1357.63,21.9,True
530,2023-01-23,Basic,199,1.0,3,5,26,8,Yes,0.891,8,1418.47,1418.47,173.53,Critical Risk,Critical Risk,0.07,99.29,Payment retry & Concierge billing call,65.0,34.29,1.5,True
531,2024-01-20,Premium,699,4.6,5,5,33,41,Yes,0.9638,8,5389.57,5389.57,202.43,Critical Risk,Critical Risk,0.05,269.48,Payment retry & Concierge billing call,65.0,204.48,4.1,True
532,2024-10-31,Premium,699,19.4,0,4,17,3,No,0.3766,6,1579.46,1579.46,2614.54,Medium Risk,Medium Risk,0.59,931.88,Payment retry & Concierge billing call,65.0,866.88,14.3,True
533,2023-09-16,Basic,199,17.4,6,3,4,24,Yes,0.6685,4,532.13,532.13,263.87,High Risk,High Risk,0.23,122.39,Payment retry & Concierge billing call,65.0,57.39,1.9,True
534,2024-11-09,Standard,399,5.5,0,2,10,26,No,0.3824,6,915.47,915.47,1478.53,Medium Risk,Medium Risk,0.46,421.12,Payment retry & Concierge billing call,65.0,356.12,6.5,True
535,2024-06-07,Premium,699,15.8,2,3,18,53,No,0.6192,6,2596.92,2596.92,1597.08,High Risk,High Risk,0.38,986.83,Payment retry & Concierge billing call,65.0,921.83,15.2,True
536,2023-09-27,Premium,699,7.4,1,3,8,12,No,0.3843,6,1611.75,1611.75,2582.25,Medium Risk,Medium Risk,0.45,725.29,Payment retry & Concierge billing call,65.0,660.29,11.2,True
537,2024-05-23,Premium,699,9.3,6,2,13,10,Yes,0.4806,6,2015.64,2015.64,2178.36,Medium Risk,Medium Risk,0.45,907.04,Payment retry & Concierge billing call,65.0,842.04,14.0,True
538,2023-04-24,Basic,199,8.6,0,0,31,42,Yes,0.4322,8,688.06,688.06,903.94,Medium Risk,Medium Risk,0.69,474.76,Engagement campaign,10.0,464.76,47.5,True
539,2023-04-14,Premium,699,4.2,1,4,32,4,No,0.3732,8,2086.93,2086.93,3505.07,Medium Risk,Medium Risk,0.4,834.77,Payment retry & Concierge billing call,65.0,769.77,12.8,True
540,2023-06-28,Standard,399,11.7,4,2,15,29,Yes,0.6338,6,1517.32,1517.32,876.68,High Risk,High Risk,0.44,667.62,Payment retry & Concierge billing call,65.0,602.62,10.3,True
541,2023-02-16,Basic,199,9.3,5,3,19,47,Yes,0.7785,8,1239.37,1239.37,352.63,High Risk,High Risk,0.07,86.76,Payment retry & Concierge billing call,65.0,21.76,1.3,True
542,2024-09-28,Basic,199,16.8,2,2,9,22,No,0.4627,6,552.46,552.46,641.54,Medium Risk,Medium Risk,0.49,270.71,Payment retry & Concierge billing call,65.0,205.71,4.2,True
543,2024-04-12,Standard,399,9.6,5,1,6,7,No,0.1981,6,474.25,474.25,1919.75,Low Risk,Low Risk,0.52,246.61,No action,0.0,246.61,246.6,False
544,2023-06-20,Standard,399,17.4,7,3,25,41,No,0.7393,8,2359.85,2359.85,832.15,High Risk,High Risk,0.19,448.37,Payment retry & Concierge billing call,65.0,383.37,6.9,True
545,2024-08-27,Basic,199,17.6,0,1,9,6,No,0.1058,6,126.33,126.33,1067.67,Low Risk,Low Risk,0.8,101.06,No action,0.0,101.06,101.1,False
546,2024-12-01,Standard,399,4.9,6,2,29,39,Yes,0.9325,8,2976.54,2976.54,215.46,Critical Risk,Critical Risk,0.09,267.89,Payment retry & Concierge billing call,65.0,202.89,4.1,True
547,2023-02-17,Premium,699,12.3,7,0,9,56,Yes,0.4177,6,1751.83,1751.83,2442.17,Medium Risk,Medium Risk,0.36,630.66,Customer support follow-up,120.0,510.66,5.3,True
548,2024-08-13,Basic,199,16.5,0,5,17,55,No,0.5084,6,607.03,607.03,586.97,Medium Risk,Medium Risk,0.26,157.83,Payment retry & Concierge billing call,65.0,92.83,2.4,True
549,2024-09-25,Premium,699,24.5,5,4,15,33,Yes,0.7597,6,3186.18,3186.18,1007.82,High Risk,High Risk,0.12,382.34,Payment retry & Concierge billing call,65.0,317.34,5.9,True
550,2024-10-18,Basic,199,16.7,3,3,28,22,No,0.541,8,861.27,861.27,730.73,Medium Risk,Medium Risk,0.43,370.35,Payment retry & Concierge billing call,65.0,305.35,5.7,True
551,2023-06-10,Standard,399,21.1,8,4,10,3,Yes,0.6853,6,1640.61,1640.61,753.39,High Risk,High Risk,0.21,344.53,Payment retry & Concierge billing call,65.0,279.53,5.3,True
552,2023-09-04,Premium,699,21.4,2,0,31,48,No,0.2589,8,1447.77,1447.77,4144.23,Low Risk,Low Risk,0.73,1056.87,No action,0.0,1056.87,1056.9,False
553,2023-08-29,Standard,399,1.7,3,4,18,41,Yes,0.9243,6,2212.77,2212.77,181.23,Critical Risk,Critical Risk,0.05,110.64,Payment retry & Concierge billing call,65.0,45.64,1.7,True
554,2023-11-20,Basic,199,11.4,7,0,30,54,Yes,0.4814,8,766.39,766.39,825.61,Medium Risk,Medium Risk,0.43,329.55,Customer support follow-up,120.0,209.55,2.7,True
555,2024-07-24,Basic,199,18.8,0,0,32,25,No,0.2768,8,440.67,440.67,1151.33,Low Risk,Low Risk,0.87,383.38,No action,0.0,383.38,383.4,False
556,2024-11-18,Premium,699,20.7,4,4,1,35,Yes,0.7329,4,2049.19,2049.19,746.81,High Risk,High Risk,0.17,348.36,Payment retry & Concierge billing call,65.0,283.36,5.4,True
557,2024-07-27,Standard,399,9.4,0,1,22,54,No,0.2068,8,660.11,660.11,2531.89,Low Risk,Low Risk,0.59,389.46,No action,0.0,389.46,389.5,False
558,2024-11-05,Premium,699,18.1,5,5,31,28,Yes,0.7046,8,3940.12,3940.12,1651.88,High Risk,High Risk,0.16,630.42,Payment retry & Concierge billing call,65.0,565.42,9.7,True
559,2023-04-19,Basic,199,8.9,4,4,1,33,Yes,0.6718,4,534.75,534.75,261.25,High Risk,High Risk,0.05,26.74,Payment retry & Concierge billing call,65.0,-38.26,0.4,False
560,2023-07-12,Basic,199,12.6,6,0,11,16,No,0.2468,6,294.68,294.68,899.32,Low Risk,Low Risk,0.49,144.39,No action,0.0,144.39,144.4,False
561,2024-02-29,Basic,199,5.8,3,5,26,21,Yes,0.5491,8,874.17,874.17,717.83,Medium Risk,Medium Risk,0.12,104.9,Payment retry & Concierge billing call,65.0,39.9,1.6,True
562,2024-05-31,Basic,199,19.4,7,3,8,42,Yes,0.8465,6,1010.72,1010.72,183.28,Critical Risk,Critical Risk,0.05,50.54,Payment retry & Concierge billing call,65.0,-14.46,0.8,False
563,2024-08-22,Basic,199,0.6,0,4,32,59,Yes,0.615,8,979.08,979.08,612.92,High Risk,High Risk,0.21,205.61,Payment retry & Concierge billing call,65.0,140.61,3.2,True
564,2023-05-12,Standard,399,19.6,2,5,33,37,Yes,0.7298,8,2329.52,2329.52,862.48,High Risk,High Risk,0.22,512.49,Payment retry & Concierge billing call,65.0,447.49,7.9,True
565,2024-09-15,Basic,199,16.6,5,4,25,56,Yes,0.7489,8,1192.25,1192.25,399.75,High Risk,High Risk,0.17,202.68,Payment retry & Concierge billing call,65.0,137.68,3.1,True
566,2023-05-22,Premium,699,7.2,5,2,16,28,No,0.6478,6,2716.87,2716.87,1477.13,High Risk,High Risk,0.35,950.9,Payment retry & Concierge billing call,65.0,885.9,14.6,True
567,2024-07-20,Standard,399,7.8,8,2,33,45,Yes,0.8082,8,2579.77,2579.77,612.23,Critical Risk,Critical Risk,0.05,128.99,Payment retry & Concierge billing call,65.0,63.99,2.0,True
568,2023-05-16,Premium,699,5.4,4,5,14,22,No,0.554,6,2323.48,2323.48,1870.52,Medium Risk,Medium Risk,0.07,162.64,Payment retry & Concierge billing call,65.0,97.64,2.5,True
569,2024-07-29,Premium,699,12.8,5,5,12,7,No,0.5156,6,2162.43,2162.43,2031.57,Medium Risk,Medium Risk,0.15,324.36,Payment retry & Concierge billing call,65.0,259.36,5.0,True
570,2023-01-14,Standard,399,17.0,8,2,27,56,No,0.7136,8,2277.81,2277.81,914.19,High Risk,High Risk,0.25,569.45,Payment retry & Concierge billing call,65.0,504.45,8.8,True
571,2023-10-01,Premium,699,1.1,2,0,7,42,Yes,0.8558,6,3589.23,3589.23,604.77,Critical Risk,Critical Risk,0.33,1184.45,Engagement campaign,10.0,1174.45,118.4,True
572,2023-07-28,Basic,199,17.2,2,0,19,44,No,0.3266,8,519.95,519.95,1072.05,Low Risk,Low Risk,0.69,358.77,No action,0.0,358.77,358.8,False
573,2024-07-29,Premium,699,9.3,7,0,3,39,No,0.2602,4,727.52,727.52,2068.48,Low Risk,Low Risk,0.33,240.08,No action,0.0,240.08,240.1,False
574,2023-02-18,Basic,199,10.0,8,5,36,18,No,0.7162,8,1140.19,1140.19,451.81,High Risk,High Risk,0.05,57.01,Payment retry & Concierge billing call,65.0,-7.99,0.9,False
575,2023-09-15,Standard,399,10.7,5,4,25,3,Yes,0.6475,8,2066.82,2066.82,1125.18,High Risk,High Risk,0.31,640.71,Payment retry & Concierge billing call,65.0,575.71,9.9,True
576,2023-07-21,Basic,199,20.8,5,4,29,34,Yes,0.7849,8,1249.56,1249.56,342.44,High Risk,High Risk,0.09,112.46,Payment retry & Concierge billing call,65.0,47.46,1.7,True
577,2023-06-27,Premium,699,7.7,2,5,13,4,Yes,0.3956,6,1659.15,1659.15,2534.85,Medium Risk,Medium Risk,0.3,497.74,Payment retry & Concierge billing call,65.0,432.74,7.7,True
578,2023-05-14,Premium,699,3.4,0,3,33,17,Yes,0.6984,8,3905.45,3905.45,1686.55,High Risk,High Risk,0.41,1601.23,Payment retry & Concierge billing call,65.0,1536.23,24.6,True
579,2023-06-07,Basic,199,0.6,7,5,17,59,Yes,0.9656,6,1152.93,1152.93,41.07,Critical Risk,Critical Risk,0.05,57.65,Payment retry & Concierge billing call,65.0,-7.35,0.9,False
580,2024-01-02,Standard,399,19.5,4,3,4,50,Yes,0.7464,4,1191.25,1191.25,404.75,High Risk,High Risk,0.25,297.81,Payment retry & Concierge billing call,65.0,232.81,4.6,True
581,2023-06-13,Basic,199,13.4,2,4,21,4,No,0.3394,8,540.32,540.32,1051.68,Low Risk,Low Risk,0.45,243.14,No action,0.0,243.14,243.1,False
582,2024-11-10,Standard,399,13.7,1,2,35,14,No,0.2576,8,822.26,822.26,2369.74,Low Risk,Low Risk,0.7,575.58,No action,0.0,575.58,575.6,False
583,2024-07-28,Standard,399,9.3,3,4,22,33,Yes,0.6299,8,2010.64,2010.64,1181.36,High Risk,High Risk,0.17,341.81,Payment retry & Concierge billing call,65.0,276.81,5.3,True
584,2024-09-20,Premium,699,3.3,5,3,1,15,No,0.5466,4,1528.29,1528.29,1267.71,Medium Risk,Medium Risk,0.13,198.68,Payment retry & Concierge billing call,65.0,133.68,3.1,True
585,2023-04-27,Premium,699,24.0,5,3,16,58,No,0.5485,6,2300.41,2300.41,1893.59,Medium Risk,Medium Risk,0.34,782.14,Payment retry & Concierge billing call,65.0,717.14,12.0,True
586,2024-01-19,Standard,399,13.7,4,0,17,58,No,0.4728,6,1131.88,1131.88,1262.12,Medium Risk,Medium Risk,0.58,656.49,Customer support follow-up,120.0,536.49,5.5,True
587,2023-11-25,Premium,699,11.4,0,2,33,57,No,0.327,8,1828.58,1828.58,3763.42,Low Risk,Low Risk,0.51,932.58,No action,0.0,932.58,932.6,False
588,2023-03-09,Premium,699,23.7,2,4,6,34,Yes,0.5835,6,2447.2,2447.2,1746.8,Medium Risk,Medium Risk,0.28,685.22,Payment retry & Concierge billing call,65.0,620.22,10.5,True
589,2024-12-20,Basic,199,21.7,6,0,14,13,No,0.2579,6,307.93,307.93,886.07,Low Risk,Low Risk,0.78,240.19,No action,0.0,240.19,240.2,False
590,2024-04-15,Premium,699,16.3,1,5,28,43,Yes,0.6523,8,3647.66,3647.66,1944.34,High Risk,High Risk,0.22,802.49,Payment retry & Concierge billing call,65.0,737.49,12.3,True
591,2024-07-25,Premium,699,1.4,1,0,22,11,No,0.3337,8,1866.05,1866.05,3725.95,Low Risk,Low Risk,0.77,1436.86,No action,0.0,1436.86,1436.9,False
592,2024-03-19,Basic,199,22.8,6,3,15,28,Yes,0.8096,6,966.66,966.66,227.34,Critical Risk,Critical Risk,0.25,241.66,Payment retry & Concierge billing call,65.0,176.66,3.7,True
593,2024-09-25,Standard,399,10.0,1,4,2,0,No,0.4316,4,688.83,688.83,907.17,Medium Risk,Medium Risk,0.38,261.76,Payment retry & Concierge billing call,65.0,196.76,4.0,True
594,2023-10-24,Basic,199,17.7,1,2,3,59,Yes,0.8337,4,663.63,663.63,132.37,Critical Risk,Critical Risk,0.34,225.63,Payment retry & Concierge billing call,65.0,160.63,3.5,True
595,2024-11-07,Premium,699,15.4,4,3,20,24,Yes,0.7223,8,4039.1,4039.1,1552.9,High Risk,High Risk,0.37,1494.47,Payment retry & Concierge billing call,65.0,1429.47,23.0,True
596,2024-07-12,Basic,199,4.3,3,1,31,47,Yes,0.7515,8,1196.39,1196.39,395.61,High Risk,High Risk,0.3,358.92,Payment reminder,15.0,343.92,23.9,True
597,2023-05-25,Standard,399,7.8,5,0,10,35,No,0.3829,6,916.66,916.66,1477.34,Medium Risk,Medium Risk,0.4,366.66,Customer support follow-up,120.0,246.66,3.1,True
598,2023-11-09,Basic,199,0.6,6,4,3,35,Yes,0.9785,4,778.89,778.89,17.11,Critical Risk,Critical Risk,0.05,38.94,Payment retry & Concierge billing call,65.0,-26.06,0.6,False
599,2024-09-23,Basic,199,5.7,8,1,23,10,Yes,0.4324,8,688.38,688.38,903.62,Medium Risk,Medium Risk,0.44,302.89,Payment reminder,15.0,287.89,20.2,True
600,2023-03-16,Standard,399,3.3,0,4,13,29,Yes,0.8821,6,2111.75,2111.75,282.25,Critical Risk,Critical Risk,0.19,401.23,Payment retry & Concierge billing call,65.0,336.23,6.2,True
601,2023-12-05,Standard,399,6.6,3,5,5,37,Yes,0.579,6,1386.13,1386.13,1007.87,Medium Risk,Medium Risk,0.05,69.31,Payment retry & Concierge billing call,65.0,4.31,1.1,True
602,2023-07-18,Standard,399,16.9,3,0,9,18,No,0.1567,6,375.14,375.14,2018.86,Low Risk,Low Risk,0.65,243.84,No action,0.0,243.84,243.8,False
603,2024-08-03,Standard,399,11.5,4,5,32,37,Yes,0.7826,8,2498.06,2498.06,693.94,High Risk,High Risk,0.05,124.9,Payment retry & Concierge billing call,65.0,59.9,1.9,True
604,2023-08-15,Standard,399,24.0,2,0,21,20,No,0.2072,8,661.38,661.38,2530.62,Low Risk,Low Risk,0.84,555.56,No action,0.0,555.56,555.6,False
605,2024-05-06,Premium,699,7.3,5,1,28,43,No,0.408,8,2281.54,2281.54,3310.46,Medium Risk,Medium Risk,0.37,844.17,Payment reminder & Priority billing assistance,35.0,809.17,24.1,True
606,2024-10-23,Standard,399,9.3,4,3,29,35,Yes,0.7736,8,2469.33,2469.33,722.67,High Risk,High Risk,0.11,271.63,Payment retry & Concierge billing call,65.0,206.63,4.2,True
607,2024-10-03,Premium,699,21.1,2,4,6,12,Yes,0.6105,6,2560.44,2560.44,1633.56,High Risk,High Risk,0.45,1152.2,Payment retry & Concierge billing call,65.0,1087.2,17.7,True
608,2024-08-15,Basic,199,22.4,8,5,5,1,No,0.4457,6,532.17,532.17,661.83,Medium Risk,Medium Risk,0.12,63.86,Payment retry & Concierge billing call,65.0,-1.14,1.0,False
609,2024-07-06,Standard,399,22.7,8,2,14,34,No,0.6402,6,1532.64,1532.64,861.36,High Risk,High Risk,0.31,475.12,Payment retry & Concierge billing call,65.0,410.12,7.3,True
610,2023-05-18,Standard,399,9.5,3,4,10,46,No,0.598,6,1431.61,1431.61,962.39,Medium Risk,Medium Risk,0.09,128.84,Payment retry & Concierge billing call,65.0,63.84,2.0,True
611,2023-09-02,Standard,399,13.0,6,2,33,32,Yes,0.77,8,2457.84,2457.84,734.16,High Risk,High Risk,0.17,417.83,Payment retry & Concierge billing call,65.0,352.83,6.4,True
612,2024-08-02,Premium,699,19.1,2,3,11,10,Yes,0.6387,6,2678.71,2678.71,1515.29,High Risk,High Risk,0.53,1419.72,Payment retry & Concierge billing call,65.0,1354.72,21.8,True
613,2024-05-14,Premium,699,18.5,7,2,10,2,Yes,0.5695,6,2388.48,2388.48,1805.52,Medium Risk,Medium Risk,0.42,1003.16,Payment retry & Concierge billing call,65.0,938.16,15.4,True
614,2024-01-05,Basic,199,7.0,3,0,5,42,Yes,0.361,6,431.03,431.03,762.97,Medium Risk,Medium Risk,0.47,202.58,Customer support follow-up,120.0,82.58,1.7,True
615,2024-12-21,Standard,399,23.0,0,0,31,41,Yes,0.7106,8,2268.24,2268.24,923.76,High Risk,High Risk,0.83,1882.64,Engagement campaign,10.0,1872.64,188.3,True
616,2024-01-21,Premium,699,21.0,4,4,18,34,Yes,0.7493,6,3142.56,3142.56,1051.44,High Risk,High Risk,0.25,785.64,Payment retry & Concierge billing call,65.0,720.64,12.1,True
617,2023-08-17,Premium,699,9.4,1,4,25,16,No,0.4143,8,2316.77,2316.77,3275.23,Medium Risk,Medium Risk,0.33,764.53,Payment retry & Concierge billing call,65.0,699.53,11.8,True
618,2024-09-10,Premium,699,9.1,5,3,26,50,Yes,0.7784,8,4352.81,4352.81,1239.19,High Risk,High Risk,0.07,304.7,Payment retry & Concierge billing call,65.0,239.7,4.7,True
619,2024-10-20,Basic,199,22.1,7,1,33,14,Yes,0.5188,8,825.93,825.93,766.07,Medium Risk,Medium Risk,0.64,528.6,Payment reminder,15.0,513.6,35.2,True
620,2023-05-02,Standard,399,4.2,2,2,14,38,Yes,0.8755,6,2095.95,2095.95,298.05,Critical Risk,Critical Risk,0.24,503.03,Payment retry & Concierge billing call,65.0,438.03,7.7,True
621,2024-05-05,Premium,699,10.7,5,5,15,7,Yes,0.6012,6,2521.43,2521.43,1672.57,High Risk,High Risk,0.21,529.5,Payment retry & Concierge billing call,65.0,464.5,8.1,True
622,2024-08-10,Standard,399,15.0,6,0,14,15,Yes,0.2786,6,666.97,666.97,1727.03,Low Risk,Low Risk,0.59,393.51,No action,0.0,393.51,393.5,False
623,2023-02-27,Premium,699,3.8,8,0,11,57,Yes,0.6666,6,2795.72,2795.72,1398.28,High Risk,High Risk,0.24,670.97,Customer support follow-up,120.0,550.97,5.6,True
624,2024-10-14,Basic,199,23.1,8,3,17,38,No,0.7097,6,847.38,847.38,346.62,High Risk,High Risk,0.21,177.95,Payment retry & Concierge billing call,65.0,112.95,2.7,True
625,2024-05-08,Basic,199,23.7,3,3,19,38,No,0.5546,8,882.92,882.92,709.08,Medium Risk,Medium Risk,0.42,370.83,Payment retry & Concierge billing call,65.0,305.83,5.7,True
626,2024-09-30,Basic,199,20.8,2,4,15,52,No,0.5458,6,651.69,651.69,542.31,Medium Risk,Medium Risk,0.33,215.06,Payment retry & Concierge billing call,65.0,150.06,3.3,True
627,2023-08-24,Premium,699,7.0,5,3,33,38,Yes,0.8067,8,4511.07,4511.07,1080.93,Critical Risk,Critical Risk,0.05,225.55,Payment retry & Concierge billing call,65.0,160.55,3.5,True
628,2024-05-31,Standard,399,3.7,0,1,25,33,No,0.5113,8,1632.07,1632.07,1559.93,Medium Risk,Medium Risk,0.54,881.32,Payment reminder & Priority billing assistance,35.0,846.32,25.2,True
629,2024-09-06,Premium,699,20.7,1,1,27,30,No,0.3108,8,1737.99,1737.99,3854.01,Low Risk,Low Risk,0.75,1303.49,No action,0.0,1303.49,1303.5,False
630,2024-09-09,Basic,199,12.8,1,0,35,30,No,0.4362,8,694.43,694.43,897.57,Medium Risk,Medium Risk,0.77,534.71,Engagement campaign,10.0,524.71,53.5,True
631,2023-02-14,Premium,699,22.5,6,4,1,26,Yes,0.8315,4,2324.87,2324.87,471.13,Critical Risk,Critical Risk,0.06,139.49,Payment retry & Concierge billing call,65.0,74.49,2.1,True
632,2024-12-14,Premium,699,11.0,7,3,34,22,Yes,0.8054,8,4503.8,4503.8,1088.2,Critical Risk,Critical Risk,0.09,405.34,Payment retry & Concierge billing call,65.0,340.34,6.2,True
633,2023-03-27,Premium,699,10.9,4,3,7,49,Yes,0.7766,6,3257.06,3257.06,936.94,High Risk,High Risk,0.05,162.85,Payment retry & Concierge billing call,65.0,97.85,2.5,True
634,2023-01-08,Standard,399,10.5,3,0,35,45,No,0.3749,8,1196.68,1196.68,1995.32,Medium Risk,Medium Risk,0.58,694.07,Customer support follow-up,120.0,574.07,5.8,True
635,2023-11-20,Premium,699,3.4,0,3,34,41,Yes,0.9169,8,5127.3,5127.3,464.7,Critical Risk,Critical Risk,0.21,1076.73,Payment retry & Concierge billing call,65.0,1011.73,16.6,True
636,2024-07-02,Standard,399,3.1,6,5,24,37,Yes,0.9834,8,3139.01,3139.01,52.99,Critical Risk,Critical Risk,0.05,156.95,Payment retry & Concierge billing call,65.0,91.95,2.4,True
637,2024-07-24,Standard,399,15.5,6,1,24,26,No,0.3903,8,1245.84,1245.84,1946.16,Medium Risk,Medium Risk,0.5,622.92,Payment reminder & Priority billing assistance,35.0,587.92,17.8,True
638,2024-08-14,Standard,399,9.6,8,3,12,16,No,0.5984,6,1432.57,1432.57,961.43,Medium Risk,Medium Risk,0.08,114.61,Payment retry & Concierge billing call,65.0,49.61,1.8,True
639,2024-12-17,Standard,399,18.5,1,5,26,14,No,0.3247,8,1036.44,1036.44,2155.56,Low Risk,Low Risk,0.44,456.03,No action,0.0,456.03,456.0,False
640,2024-12-14,Basic,199,5.8,6,2,7,51,Yes,0.7588,6,906.01,906.01,287.99,High Risk,High Risk,0.05,45.3,Payment retry & Concierge billing call,65.0,-19.7,0.7,False
641,2024-09-06,Premium,699,4.4,0,0,4,52,Yes,0.5904,4,1650.76,1650.76,1145.24,Medium Risk,Medium Risk,0.56,924.43,Engagement campaign,10.0,914.43,92.4,True
642,2024-01-29,Standard,399,2.1,3,2,6,5,No,0.8617,6,2062.91,2062.91,331.09,Critical Risk,Critical Risk,0.3,618.87,Payment retry & Concierge billing call,65.0,553.87,9.5,True
643,2023-01-11,Standard,399,7.5,0,1,34,40,No,0.3486,8,1112.73,1112.73,2079.27,Low Risk,Low Risk,0.57,634.26,No action,0.0,634.26,634.3,False
644,2023-08-26,Basic,199,7.5,0,4,34,32,Yes,0.5981,8,952.18,952.18,639.82,Medium Risk,Medium Risk,0.27,257.09,Payment retry & Concierge billing call,65.0,192.09,4.0,True
645,2023-06-11,Premium,699,17.0,5,1,11,41,Yes,0.4273,6,1792.1,1792.1,2401.9,Medium Risk,Medium Risk,0.39,698.92,Payment reminder & Priority billing assistance,35.0,663.92,20.0,True
646,2023-07-25,Basic,199,19.6,5,5,18,25,Yes,0.8413,6,1004.51,1004.51,189.49,Critical Risk,Critical Risk,0.06,60.27,Payment retry & Concierge billing call,65.0,-4.73,0.9,False
647,2024-07-26,Premium,699,18.6,1,0,1,35,Yes,0.3336,4,932.75,932.75,1863.25,Low Risk,Low Risk,0.67,624.94,No action,0.0,624.94,624.9,False
648,2024-04-10,Premium,699,9.0,4,1,23,38,No,0.3479,8,1945.46,1945.46,3646.54,Low Risk,Low Risk,0.43,836.55,No action,0.0,836.55,836.6,False
649,2024-05-30,Standard,399,6.9,6,4,1,6,No,0.18,4,287.28,287.28,1308.72,Low Risk,Low Risk,0.15,43.09,No action,0.0,43.09,43.1,False
650,2024-08-11,Standard,399,23.7,8,2,22,56,Yes,0.4852,8,1548.76,1548.76,1643.24,Medium Risk,Medium Risk,0.32,495.6,Payment retry & Concierge billing call,65.0,430.6,7.6,True
651,2024-04-14,Standard,399,24.2,7,1,29,48,Yes,0.7326,8,2338.46,2338.46,853.54,High Risk,High Risk,0.46,1075.69,Payment reminder & Priority billing assistance,35.0,1040.69,30.7,True
652,2024-01-27,Premium,699,22.5,0,3,30,7,Yes,0.4684,8,2619.29,2619.29,2972.71,Medium Risk,Medium Risk,0.72,1885.89,Payment retry & Concierge billing call,65.0,1820.89,29.0,True
653,2024-06-12,Premium,699,17.1,3,2,15,26,No,0.5179,6,2172.07,2172.07,2021.93,Medium Risk,Medium Risk,0.53,1151.2,Payment retry & Concierge billing call,65.0,1086.2,17.7,True
654,2024-11-20,Premium,699,17.7,4,1,1,18,Yes,0.5641,4,1577.22,1577.22,1218.78,Medium Risk,Medium Risk,0.52,820.15,Payment reminder & Priority billing assistance,35.0,785.15,23.4,True
655,2024-08-10,Premium,699,2.4,2,3,22,20,Yes,0.8315,8,4649.75,4649.75,942.25,Critical Risk,Critical Risk,0.2,929.95,Payment retry & Concierge billing call,65.0,864.95,14.3,True
656,2023-09-05,Standard,399,23.7,3,3,12,47,Yes,0.5689,6,1361.95,1361.95,1032.05,Medium Risk,Medium Risk,0.34,463.06,Payment retry & Concierge billing call,65.0,398.06,7.1,True
657,2023-04-20,Standard,399,6.1,3,4,14,22,Yes,0.5524,6,1322.45,1322.45,1071.55,Medium Risk,Medium Risk,0.22,290.94,Payment retry & Concierge billing call,65.0,225.94,4.5,True
658,2024-07-08,Basic,199,17.1,7,4,6,0,No,0.4569,6,545.54,545.54,648.46,Medium Risk,Medium Risk,0.21,114.56,Payment retry & Concierge billing call,65.0,49.56,1.8,True
659,2024-08-11,Basic,199,9.6,5,3,31,57,No,0.7527,8,1198.3,1198.3,393.7,High Risk,High Risk,0.08,95.86,Payment retry & Concierge billing call,65.0,30.86,1.5,True
660,2024-08-13,Standard,399,5.0,8,2,32,25,Yes,0.8006,8,2555.52,2555.52,636.48,Critical Risk,Critical Risk,0.09,230.0,Payment retry & Concierge billing call,65.0,165.0,3.5,True
661,2024-05-29,Basic,199,13.4,6,3,4,60,Yes,0.646,4,514.22,514.22,281.78,High Risk,High Risk,0.11,56.56,Payment retry & Concierge billing call,65.0,-8.44,0.9,False
662,2024-04-16,Standard,399,21.6,2,3,26,7,No,0.4727,8,1508.86,1508.86,1683.14,Medium Risk,Medium Risk,0.64,965.67,Payment retry & Concierge billing call,65.0,900.67,14.9,True
663,2024-01-06,Standard,399,0.8,3,3,1,37,Yes,0.9474,4,1512.05,1512.05,83.95,Critical Risk,Critical Risk,0.05,75.6,Payment retry & Concierge billing call,65.0,10.6,1.2,True
664,2024-09-19,Premium,699,5.1,4,1,17,17,No,0.1574,6,660.14,660.14,3533.86,Low Risk,Low Risk,0.47,310.27,No action,0.0,310.27,310.3,False
665,2024-01-17,Standard,399,5.0,6,1,24,26,No,0.3811,8,1216.47,1216.47,1975.53,Medium Risk,Medium Risk,0.39,474.42,Payment reminder & Priority billing assistance,35.0,439.42,13.6,True
666,2024-12-03,Standard,399,7.4,2,4,26,8,No,0.4264,8,1361.07,1361.07,1830.93,Medium Risk,Medium Risk,0.39,530.82,Payment retry & Concierge billing call,65.0,465.82,8.2,True
667,2023-07-20,Basic,199,18.2,3,4,7,27,No,0.3885,6,463.87,463.87,730.13,Medium Risk,Medium Risk,0.26,120.61,Payment retry & Concierge billing call,65.0,55.61,1.9,True
668,2024-10-07,Basic,199,12.1,0,1,10,26,No,0.203,6,242.38,242.38,951.62,Low Risk,Low Risk,0.62,150.28,No action,0.0,150.28,150.3,False
669,2024-08-04,Premium,699,18.2,7,2,35,16,No,0.2373,8,1326.98,1326.98,4265.02,Low Risk,Low Risk,0.38,504.25,No action,0.0,504.25,504.2,False
670,2024-05-02,Basic,199,2.9,2,0,26,13,No,0.3738,8,595.09,595.09,996.91,Medium Risk,Medium Risk,0.75,446.32,Engagement campaign,10.0,436.32,44.6,True
671,2024-07-24,Premium,699,11.5,5,2,7,23,Yes,0.7357,6,3085.53,3085.53,1108.47,High Risk,High Risk,0.32,987.37,Payment retry & Concierge billing call,65.0,922.37,15.2,True
672,2024-09-12,Standard,399,1.0,1,2,23,55,Yes,0.949,8,3029.21,3029.21,162.79,Critical Risk,Critical Risk,0.25,757.3,Payment retry & Concierge billing call,65.0,692.3,11.7,True
673,2024-05-14,Basic,199,4.8,4,2,35,20,Yes,0.7746,8,1233.16,1233.16,358.84,High Risk,High Risk,0.25,308.29,Payment retry & Concierge billing call,65.0,243.29,4.7,True
674,2023-05-29,Premium,699,22.3,6,4,29,18,Yes,0.6403,8,3580.56,3580.56,2011.44,High Risk,High Risk,0.26,930.95,Payment retry & Concierge billing call,65.0,865.95,14.3,True
675,2023-08-22,Basic,199,10.8,6,0,22,5,Yes,0.305,8,485.56,485.56,1106.44,Low Risk,Low Risk,0.67,325.33,No action,0.0,325.33,325.3,False
676,2024-03-31,Standard,399,16.5,4,4,21,41,Yes,0.6762,8,2158.43,2158.43,1033.57,High Risk,High Risk,0.2,431.69,Payment retry & Concierge billing call,65.0,366.69,6.6,True
677,2023-05-09,Standard,399,24.2,6,1,34,11,No,0.3736,8,1192.53,1192.53,1999.47,Medium Risk,Medium Risk,0.7,834.77,Payment reminder & Priority billing assistance,35.0,799.77,23.9,True
678,2023-04-08,Premium,699,16.7,1,1,16,10,No,0.1478,6,619.87,619.87,3574.13,Low Risk,Low Risk,0.83,514.49,No action,0.0,514.49,514.5,False
679,2023-03-27,Basic,199,13.9,0,3,31,33,No,0.4705,8,749.04,749.04,842.96,Medium Risk,Medium Risk,0.44,329.58,Payment retry & Concierge billing call,65.0,264.58,5.1,True
680,2023-11-13,Basic,199,15.6,1,5,17,59,No,0.6978,6,833.17,833.17,360.83,High Risk,High Risk,0.22,183.3,Payment retry & Concierge billing call,65.0,118.3,2.8,True
681,2023-06-24,Basic,199,18.6,7,5,16,8,Yes,0.7998,6,954.96,954.96,239.04,High Risk,High Risk,0.09,85.95,Payment retry & Concierge billing call,65.0,20.95,1.3,True
682,2024-07-07,Basic,199,16.8,5,3,3,29,No,0.7379,4,587.37,587.37,208.63,High Risk,High Risk,0.27,158.59,Payment retry & Concierge billing call,65.0,93.59,2.4,True
683,2024-10-08,Standard,399,11.4,8,1,36,37,No,0.5263,8,1679.95,1679.95,1512.05,Medium Risk,Medium Risk,0.29,487.19,Payment reminder & Priority billing assistance,35.0,452.19,13.9,True
684,2024-07-06,Premium,699,13.3,8,2,28,58,Yes,0.7934,8,4436.69,4436.69,1155.31,High Risk,High Risk,0.09,399.3,Payment retry & Concierge billing call,65.0,334.3,6.1,True
685,2023-01-11,Basic,199,11.3,5,3,6,16,Yes,0.5837,6,696.94,696.94,497.06,Medium Risk,Medium Risk,0.21,146.36,Payment retry & Concierge billing call,65.0,81.36,2.3,True
686,2023-01-09,Basic,199,20.5,2,2,34,18,No,0.3853,8,613.4,613.4,978.6,Medium Risk,Medium Risk,0.6,368.04,Payment retry & Concierge billing call,65.0,303.04,5.7,True
687,2023-10-27,Premium,699,23.7,7,2,32,0,No,0.4232,8,2366.53,2366.53,3225.47,Medium Risk,Medium Risk,0.56,1325.26,Payment retry & Concierge billing call,65.0,1260.26,20.4,True
688,2024-07-28,Premium,699,20.0,8,2,15,12,Yes,0.6729,6,2822.14,2822.14,1371.86,High Risk,High Risk,0.48,1354.63,Payment retry & Concierge billing call,65.0,1289.63,20.8,True
689,2024-03-08,Standard,399,6.6,6,3,26,14,Yes,0.562,8,1793.9,1793.9,1398.1,Medium Risk,Medium Risk,0.33,591.99,Payment retry & Concierge billing call,65.0,526.99,9.1,True
690,2023-10-03,Premium,699,13.2,4,2,16,41,Yes,0.6792,6,2848.56,2848.56,1345.44,High Risk,High Risk,0.37,1053.97,Payment retry & Concierge billing call,65.0,988.97,16.2,True
691,2024-04-11,Standard,399,21.4,2,1,13,18,No,0.1999,6,478.56,478.56,1915.44,Low Risk,Low Risk,0.71,339.78,No action,0.0,339.78,339.8,False
692,2023-02-20,Premium,699,7.2,7,1,29,20,Yes,0.1873,8,1047.38,1047.38,4544.62,Low Risk,Low Risk,0.37,387.53,No action,0.0,387.53,387.5,False
693,2024-03-24,Premium,699,5.1,1,2,2,17,Yes,0.6312,4,1764.84,1764.84,1031.16,High Risk,High Risk,0.41,723.58,Payment retry & Concierge billing call,65.0,658.58,11.1,True
694,2024-03-06,Premium,699,6.2,2,0,1,31,Yes,0.1269,4,354.81,354.81,2441.19,Low Risk,Low Risk,0.5,177.4,No action,0.0,177.4,177.4,False
695,2023-03-24,Standard,399,25.0,7,5,32,50,Yes,0.8168,8,2607.23,2607.23,584.77,Critical Risk,Critical Risk,0.05,130.36,Payment retry & Concierge billing call,65.0,65.36,2.0,True
696,2023-07-16,Basic,199,7.0,6,0,4,34,Yes,0.5025,4,399.99,399.99,396.01,Medium Risk,Medium Risk,0.35,140.0,Customer support follow-up,120.0,20.0,1.2,True
697,2024-03-29,Standard,399,20.8,1,5,25,15,No,0.4603,8,1469.28,1469.28,1722.72,Medium Risk,Medium Risk,0.35,514.25,Payment retry & Concierge billing call,65.0,449.25,7.9,True
698,2024-04-29,Basic,199,5.4,1,4,3,42,No,0.467,4,371.73,371.73,424.27,Medium Risk,Medium Risk,0.13,48.32,Payment retry & Concierge billing call,65.0,-16.68,0.7,False
699,2024-07-16,Standard,399,23.4,2,5,20,46,Yes,0.5702,8,1820.08,1820.08,1371.92,Medium Risk,Medium Risk,0.25,455.02,Payment retry & Concierge billing call,65.0,390.02,7.0,True
700,2024-11-13,Premium,699,6.7,4,1,8,23,No,0.2695,6,1130.28,1130.28,3063.72,Low Risk,Low Risk,0.41,463.41,No action,0.0,463.41,463.4,False
701,2023-10-10,Basic,199,6.3,6,2,8,0,Yes,0.5445,6,650.13,650.13,543.87,Medium Risk,Medium Risk,0.34,221.04,Payment retry & Concierge billing call,65.0,156.04,3.4,True
702,2024-12-08,Premium,699,10.2,3,0,8,2,No,0.1522,6,638.33,638.33,3555.67,Low Risk,Low Risk,0.7,446.83,No action,0.0,446.83,446.8,False
703,2024-12-03,Standard,399,9.6,1,1,10,10,No,0.1642,6,393.09,393.09,2000.91,Low Risk,Low Risk,0.68,267.3,No action,0.0,267.3,267.3,False
704,2024-12-19,Premium,699,23.3,0,0,22,22,No,0.3025,8,1691.58,1691.58,3900.42,Low Risk,Low Risk,0.91,1539.34,No action,0.0,1539.34,1539.3,False
705,2023-12-22,Premium,699,3.6,3,2,7,35,Yes,0.9483,6,3977.17,3977.17,216.83,Critical Risk,Critical Risk,0.12,477.26,Payment retry & Concierge billing call,65.0,412.26,7.3,True
706,2023-02-10,Standard,399,1.0,6,2,13,46,Yes,0.9893,6,2368.38,2368.38,25.62,Critical Risk,Critical Risk,0.05,118.42,Payment retry & Concierge billing call,65.0,53.42,1.8,True
707,2023-07-11,Standard,399,14.2,8,5,29,31,Yes,0.8189,8,2613.93,2613.93,578.07,Critical Risk,Critical Risk,0.05,130.7,Payment retry & Concierge billing call,65.0,65.7,2.0,True
708,2024-07-21,Premium,699,8.4,7,2,23,55,No,0.6533,8,3653.25,3653.25,1938.75,High Risk,High Risk,0.2,730.65,Payment retry & Concierge billing call,65.0,665.65,11.2,True
709,2024-01-11,Basic,199,13.5,7,2,5,52,Yes,0.8214,6,980.75,980.75,213.25,Critical Risk,Critical Risk,0.05,49.04,Payment retry & Concierge billing call,65.0,-15.96,0.8,False
710,2023-01-20,Standard,399,19.5,8,3,1,46,Yes,0.9057,4,1445.5,1445.5,150.5,Critical Risk,Critical Risk,0.05,72.28,Payment retry & Concierge billing call,65.0,7.28,1.1,True
711,2024-07-05,Premium,699,19.5,3,2,24,46,Yes,0.6156,8,3442.44,3442.44,2149.56,High Risk,High Risk,0.48,1652.37,Payment retry & Concierge billing call,65.0,1587.37,25.4,True
712,2023-11-27,Standard,399,13.3,7,4,13,9,No,0.5216,6,1248.71,1248.71,1145.29,Medium Risk,Medium Risk,0.25,312.18,Payment retry & Concierge billing call,65.0,247.18,4.8,True
713,2023-05-13,Standard,399,3.2,8,5,21,4,Yes,0.9326,8,2976.86,2976.86,215.14,Critical Risk,Critical Risk,0.05,148.84,Payment retry & Concierge billing call,65.0,83.84,2.3,True
714,2024-10-19,Basic,199,5.5,7,1,3,6,Yes,0.4797,4,381.84,381.84,414.16,Medium Risk,Medium Risk,0.39,148.92,Payment reminder,15.0,133.92,9.9,True
715,2023-03-14,Standard,399,13.4,4,0,32,23,Yes,0.4233,8,1351.17,1351.17,1840.83,Medium Risk,Medium Risk,0.65,878.26,Customer support follow-up,120.0,758.26,7.3,True
716,2024-01-05,Basic,199,16.6,1,3,14,51,No,0.6286,6,750.55,750.55,443.45,High Risk,High Risk,0.43,322.74,Payment retry & Concierge billing call,65.0,257.74,5.0,True
717,2023-03-14,Premium,699,20.6,0,4,27,17,No,0.3875,8,2166.9,2166.9,3425.1,Medium Risk,Medium Risk,0.49,1061.78,Payment retry & Concierge billing call,65.0,996.78,16.3,True
718,2024-06-28,Standard,399,23.6,8,0,5,6,No,0.3104,6,743.1,743.1,1650.9,Low Risk,Low Risk,0.64,475.58,No action,0.0,475.58,475.6,False
719,2024-07-25,Standard,399,5.2,3,4,13,40,No,0.5273,6,1262.36,1262.36,1131.64,Medium Risk,Medium Risk,0.13,164.11,Payment retry & Concierge billing call,65.0,99.11,2.5,True
720,2024-04-14,Premium,699,10.7,1,5,36,36,Yes,0.6653,8,3720.36,3720.36,1871.64,High Risk,High Risk,0.17,632.46,Payment retry & Concierge billing call,65.0,567.46,9.7,True
721,2023-12-12,Premium,699,22.1,2,1,28,35,No,0.4992,8,2791.53,2791.53,2800.47,Medium Risk,Medium Risk,0.64,1786.58,Payment reminder & Priority billing assistance,35.0,1751.58,51.0,True
722,2023-11-29,Premium,699,13.6,7,2,11,57,Yes,0.7756,6,3252.87,3252.87,941.13,High Risk,High Risk,0.06,195.17,Payment retry & Concierge billing call,65.0,130.17,3.0,True
723,2024-07-30,Standard,399,19.2,6,5,27,20,No,0.6496,8,2073.52,2073.52,1118.48,High Risk,High Risk,0.13,269.56,Payment retry & Concierge billing call,65.0,204.56,4.1,True
724,2024-04-08,Premium,699,9.7,8,5,14,16,Yes,0.7223,6,3029.33,3029.33,1164.67,High Risk,High Risk,0.05,151.47,Payment retry & Concierge billing call,65.0,86.47,2.3,True
725,2023-05-19,Standard,399,0.5,0,2,26,38,Yes,0.8488,8,2709.37,2709.37,482.63,Critical Risk,Critical Risk,0.29,785.72,Payment retry & Concierge billing call,65.0,720.72,12.1,True
726,2024-12-07,Standard,399,7.9,3,1,1,54,Yes,0.3853,4,614.94,614.94,981.06,Medium Risk,Medium Risk,0.38,233.68,Payment reminder & Priority billing assistance,35.0,198.68,6.7,True
727,2023-06-09,Standard,399,13.0,2,0,36,2,No,0.1442,8,460.29,460.29,2731.71,Low Risk,Low Risk,0.85,391.25,No action,0.0,391.25,391.2,False
728,2023-04-05,Basic,199,9.5,3,1,17,16,No,0.1645,6,196.41,196.41,997.59,Low Risk,Low Risk,0.55,108.03,No action,0.0,108.03,108.0,False
729,2024-05-09,Premium,699,14.4,3,5,26,4,No,0.3786,8,2117.13,2117.13,3474.87,Medium Risk,Medium Risk,0.32,677.48,Payment retry & Concierge billing call,65.0,612.48,10.4,True
730,2024-08-13,Basic,199,20.7,1,4,32,41,Yes,0.649,8,1033.21,1033.21,558.79,High Risk,High Risk,0.37,382.29,Payment retry & Concierge billing call,65.0,317.29,5.9,True
731,2024-03-02,Standard,399,19.6,5,2,6,56,No,0.6672,6,1597.28,1597.28,796.72,High Risk,High Risk,0.32,511.13,Payment retry & Concierge billing call,65.0,446.13,7.9,True
732,2023-02-25,Basic,199,18.8,0,5,15,49,No,0.5729,6,684.04,684.04,509.96,Medium Risk,Medium Risk,0.29,198.37,Payment retry & Concierge billing call,65.0,133.37,3.1,True
733,2024-12-15,Standard,399,1.5,8,4,34,9,Yes,0.915,8,2920.68,2920.68,271.32,Critical Risk,Critical Risk,0.05,146.03,Payment retry & Concierge billing call,65.0,81.03,2.2,True
734,2024-05-31,Basic,199,1.7,6,3,10,48,Yes,0.9468,6,1130.48,1130.48,63.52,Critical Risk,Critical Risk,0.05,56.52,Payment retry & Concierge billing call,65.0,-8.48,0.9,False
735,2024-05-02,Basic,199,11.1,6,1,15,8,No,0.2468,6,294.68,294.68,899.32,Low Risk,Low Risk,0.57,167.97,No action,0.0,167.97,168.0,False
736,2024-12-15,Premium,699,13.9,4,0,4,25,No,0.2892,4,808.6,808.6,1987.4,Low Risk,Low Risk,0.58,468.99,No action,0.0,468.99,469.0,False
737,2023-07-20,Basic,199,12.3,3,3,9,25,No,0.5737,6,685.0,685.0,509.0,Medium Risk,Medium Risk,0.3,205.5,Payment retry & Concierge billing call,65.0,140.5,3.2,True
738,2024-12-02,Premium,699,6.5,1,2,34,49,Yes,0.658,8,3679.54,3679.54,1912.46,High Risk,High Risk,0.43,1582.2,Payment retry & Concierge billing call,65.0,1517.2,24.3,True
739,2023-11-25,Premium,699,3.3,6,3,6,23,Yes,0.957,6,4013.66,4013.66,180.34,Critical Risk,Critical Risk,0.05,200.68,Payment retry & Concierge billing call,65.0,135.68,3.1,True
740,2024-03-28,Standard,399,19.4,2,2,2,39,No,0.84,4,1340.64,1340.64,255.36,Critical Risk,Critical Risk,0.31,415.6,Payment retry & Concierge billing call,65.0,350.6,6.4,True
741,2023-03-29,Premium,699,11.3,3,1,10,43,No,0.3601,6,1510.26,1510.26,2683.74,Medium Risk,Medium Risk,0.41,619.21,Payment reminder & Priority billing assistance,35.0,584.21,17.7,True
742,2023-04-24,Basic,199,6.5,2,2,4,0,Yes,0.4511,4,359.08,359.08,436.92,Medium Risk,Medium Risk,0.5,179.54,Payment retry & Concierge billing call,65.0,114.54,2.8,True
743,2023-07-28,Standard,399,12.0,5,1,29,47,No,0.4481,8,1430.34,1430.34,1761.66,Medium Risk,Medium Risk,0.42,600.74,Payment reminder & Priority billing assistance,35.0,565.74,17.2,True
744,2023-05-25,Premium,699,18.9,8,3,34,39,Yes,0.8461,8,4731.39,4731.39,860.61,Critical Risk,Critical Risk,0.05,236.57,Payment retry & Concierge billing call,65.0,171.57,3.6,True
745,2023-10-18,Premium,699,9.7,8,0,2,16,Yes,0.5643,4,1577.78,1577.78,1218.22,Medium Risk,Medium Risk,0.38,599.56,Customer support follow-up,120.0,479.56,5.0,True
746,2024-11-09,Basic,199,1.8,0,0,18,24,No,0.5173,6,617.66,617.66,576.34,Medium Risk,Medium Risk,0.7,432.36,Engagement campaign,10.0,422.36,43.2,True
747,2024-01-31,Premium,699,21.7,0,2,24,55,No,0.2908,8,1626.15,1626.15,3965.85,Low Risk,Low Risk,0.62,1008.21,No action,0.0,1008.21,1008.2,False
748,2024-06-28,Basic,199,13.0,1,2,25,31,No,0.6139,8,977.33,977.33,614.67,High Risk,High Risk,0.49,478.89,Payment retry & Concierge billing call,65.0,413.89,7.4,True
749,2023-02-10,Basic,199,5.4,7,4,12,59,Yes,0.7639,6,912.1,912.1,281.9,High Risk,High Risk,0.05,45.6,Payment retry & Concierge billing call,65.0,-19.4,0.7,False
750,2023-12-22,Basic,199,8.0,7,3,34,47,Yes,0.8243,8,1312.29,1312.29,279.71,Critical Risk,Critical Risk,0.05,65.61,Payment retry & Concierge billing call,65.0,0.61,1.0,True
751,2023-03-05,Premium,699,9.2,4,1,23,32,Yes,0.4634,8,2591.33,2591.33,3000.67,Medium Risk,Medium Risk,0.43,1114.27,Payment reminder & Priority billing assistance,35.0,1079.27,31.8,True
752,2023-06-05,Premium,699,22.0,0,4,17,60,Yes,0.6544,6,2744.55,2744.55,1449.45,High Risk,High Risk,0.42,1152.71,Payment retry & Concierge billing call,65.0,1087.71,17.7,True
753,2024-11-25,Standard,399,16.6,1,5,26,24,Yes,0.6729,8,2147.9,2147.9,1044.1,High Risk,High Risk,0.31,665.85,Payment retry & Concierge billing call,65.0,600.85,10.2,True
754,2023-12-04,Premium,699,10.7,2,3,15,19,No,0.4345,6,1822.29,1822.29,2371.71,Medium Risk,Medium Risk,0.41,747.14,Payment retry & Concierge billing call,65.0,682.14,11.5,True
755,2023-07-27,Standard,399,3.7,2,4,35,34,Yes,0.912,8,2911.1,2911.1,280.9,Critical Risk,Critical Risk,0.05,145.56,Payment retry & Concierge billing call,65.0,80.56,2.2,True
756,2023-05-29,Basic,199,17.4,8,1,20,27,No,0.3833,8,610.21,610.21,981.79,Medium Risk,Medium Risk,0.43,262.39,Payment reminder,15.0,247.39,17.5,True
757,2023-07-08,Premium,699,8.3,8,4,11,60,Yes,0.8057,6,3379.11,3379.11,814.89,Critical Risk,Critical Risk,0.05,168.96,Payment retry & Concierge billing call,65.0,103.96,2.6,True
758,2024-10-14,Standard,399,18.3,5,3,10,26,Yes,0.7833,6,1875.22,1875.22,518.78,High Risk,High Risk,0.16,300.04,Payment retry & Concierge billing call,65.0,235.04,4.6,True
759,2024-09-18,Premium,699,4.2,3,0,18,8,Yes,0.5176,6,2170.81,2170.81,2023.19,Medium Risk,Medium Risk,0.72,1562.98,Customer support follow-up,120.0,1442.98,13.0,True
760,2023-01-27,Premium,699,15.3,3,4,18,14,Yes,0.5245,6,2199.75,2199.75,1994.25,Medium Risk,Medium Risk,0.43,945.89,Payment retry & Concierge billing call,65.0,880.89,14.6,True
761,2024-04-25,Standard,399,17.4,7,1,6,32,No,0.4276,6,1023.67,1023.67,1370.33,Medium Risk,Medium Risk,0.31,317.34,Payment reminder & Priority billing assistance,35.0,282.34,9.1,True
762,2023-07-17,Premium,699,5.0,6,3,24,30,Yes,0.8537,8,4773.89,4773.89,818.11,Critical Risk,Critical Risk,0.07,334.17,Payment retry & Concierge billing call,65.0,269.17,5.1,True
763,2024-11-18,Basic,199,10.5,0,2,3,60,Yes,0.7704,4,613.24,613.24,182.76,High Risk,High Risk,0.3,183.97,Payment retry & Concierge billing call,65.0,118.97,2.8,True
764,2024-04-13,Basic,199,2.1,7,4,14,31,Yes,0.984,6,1174.9,1174.9,19.1,Critical Risk,Critical Risk,0.05,58.74,Payment retry & Concierge billing call,65.0,-6.26,0.9,False
765,2023-11-17,Basic,199,10.4,0,4,28,47,No,0.374,8,595.41,595.41,996.59,Medium Risk,Medium Risk,0.3,178.62,Payment retry & Concierge billing call,65.0,113.62,2.7,True
766,2023-02-13,Standard,399,13.4,0,4,35,6,No,0.2697,8,860.88,860.88,2331.12,Low Risk,Low Risk,0.53,456.27,No action,0.0,456.27,456.3,False
767,2024-10-07,Basic,199,13.7,0,4,34,24,Yes,0.5834,8,928.77,928.77,663.23,Medium Risk,Medium Risk,0.42,390.08,Payment retry & Concierge billing call,65.0,325.08,6.0,True
768,2024-04-17,Basic,199,7.6,6,2,13,49,No,0.695,6,829.83,829.83,364.17,High Risk,High Risk,0.24,199.16,Payment retry & Concierge billing call,65.0,134.16,3.1,True
769,2024-04-19,Basic,199,7.7,0,5,28,33,No,0.4828,8,768.62,768.62,823.38,Medium Risk,Medium Risk,0.18,138.35,Payment retry & Concierge billing call,65.0,73.35,2.1,True
770,2024-12-13,Premium,699,2.7,8,0,29,11,No,0.3096,8,1731.28,1731.28,3860.72,Low Risk,Low Risk,0.51,882.95,No action,0.0,882.95,883.0,False
771,2024-08-27,Premium,699,10.1,5,3,9,1,Yes,0.5736,6,2405.68,2405.68,1788.32,Medium Risk,Medium Risk,0.32,769.82,Payment retry & Concierge billing call,65.0,704.82,11.8,True
772,2024-12-29,Premium,699,22.1,1,2,13,20,No,0.3923,6,1645.31,1645.31,2548.69,Medium Risk,Medium Risk,0.66,1085.9,Payment retry & Concierge billing call,65.0,1020.9,16.7,True
773,2024-12-25,Basic,199,2.7,7,5,8,23,Yes,0.9612,6,1147.67,1147.67,46.33,Critical Risk,Critical Risk,0.05,57.38,Payment retry & Concierge billing call,65.0,-7.62,0.9,False
774,2023-06-24,Standard,399,15.5,2,3,33,35,Yes,0.6549,8,2090.44,2090.44,1101.56,High Risk,High Risk,0.37,773.46,Payment retry & Concierge billing call,65.0,708.46,11.9,True
775,2024-03-05,Standard,399,4.5,2,1,10,49,No,0.6132,6,1468.0,1468.0,926.0,High Risk,High Risk,0.38,557.84,Payment reminder & Priority billing assistance,35.0,522.84,15.9,True
776,2023-05-15,Standard,399,18.4,7,2,20,40,Yes,0.7309,8,2333.03,2333.03,858.97,High Risk,High Risk,0.3,699.91,Payment retry & Concierge billing call,65.0,634.91,10.8,True
777,2024-05-25,Basic,199,15.8,4,0,1,29,Yes,0.4763,4,379.13,379.13,416.87,Medium Risk,Medium Risk,0.6,227.48,Customer support follow-up,120.0,107.48,1.9,True
778,2024-05-02,Premium,699,15.4,7,1,1,13,No,0.3619,4,1011.87,1011.87,1784.13,Medium Risk,Medium Risk,0.49,495.82,Payment reminder & Priority billing assistance,35.0,460.82,14.2,True
779,2024-09-26,Standard,399,11.3,0,1,27,56,No,0.1764,8,563.07,563.07,2628.93,Low Risk,Low Risk,0.61,343.47,No action,0.0,343.47,343.5,False
780,2024-10-30,Premium,699,20.6,3,0,36,11,No,0.1903,8,1064.16,1064.16,4527.84,Low Risk,Low Risk,0.89,947.1,No action,0.0,947.1,947.1,False
781,2023-11-02,Standard,399,4.1,0,5,3,36,Yes,0.9021,4,1439.75,1439.75,156.25,Critical Risk,Critical Risk,0.05,71.99,Payment retry & Concierge billing call,65.0,6.99,1.1,True
782,2024-09-17,Standard,399,1.7,6,1,6,10,No,0.412,6,986.33,986.33,1407.67,Medium Risk,Medium Risk,0.4,394.53,Payment reminder & Priority billing assistance,35.0,359.53,11.3,True
783,2023-02-06,Premium,699,4.8,7,5,36,37,Yes,0.9708,8,5428.71,5428.71,163.29,Critical Risk,Critical Risk,0.05,271.44,Payment retry & Concierge billing call,65.0,206.44,4.2,True
784,2024-07-17,Basic,199,8.4,6,0,20,48,Yes,0.4654,8,740.92,740.92,851.08,Medium Risk,Medium Risk,0.44,326.0,Customer support follow-up,120.0,206.0,2.7,True
785,2024-06-23,Basic,199,12.0,1,5,19,55,Yes,0.6441,8,1025.41,1025.41,566.59,High Risk,High Risk,0.18,184.57,Payment retry & Concierge billing call,65.0,119.57,2.8,True
786,2024-10-06,Standard,399,5.6,3,4,34,3,Yes,0.3779,8,1206.26,1206.26,1985.74,Medium Risk,Medium Risk,0.34,410.13,Payment retry & Concierge billing call,65.0,345.13,6.3,True
787,2023-09-23,Premium,699,12.3,4,3,6,38,No,0.7115,6,2984.03,2984.03,1209.97,High Risk,High Risk,0.18,537.13,Payment retry & Concierge billing call,65.0,472.13,8.3,True
788,2024-05-19,Premium,699,23.2,7,4,23,46,Yes,0.7235,8,4045.81,4045.81,1546.19,High Risk,High Risk,0.15,606.87,Payment retry & Concierge billing call,65.0,541.87,9.3,True
789,2024-10-02,Basic,199,17.9,3,0,15,7,Yes,0.1929,6,230.32,230.32,963.68,Low Risk,Low Risk,0.86,198.08,No action,0.0,198.08,198.1,False
790,2024-07-27,Basic,199,20.1,6,3,14,2,Yes,0.7515,6,897.29,897.29,296.71,High Risk,High Risk,0.34,305.08,Payment retry & Concierge billing call,65.0,240.08,4.7,True
791,2023-03-11,Premium,699,0.8,3,5,14,18,Yes,0.7959,6,3338.0,3338.0,856.0,High Risk,High Risk,0.05,166.9,Payment retry & Concierge billing call,65.0,101.9,2.6,True
792,2023-12-16,Standard,399,12.9,5,0,20,7,No,0.2154,8,687.56,687.56,2504.44,Low Risk,Low Risk,0.73,501.92,No action,0.0,501.92,501.9,False
793,2024-11-19,Standard,399,20.9,3,2,2,53,Yes,0.7789,4,1243.12,1243.12,352.88,High Risk,High Risk,0.29,360.5,Payment retry & Concierge billing call,65.0,295.5,5.5,True
794,2024-07-03,Standard,399,20.0,2,3,31,9,No,0.5381,8,1717.62,1717.62,1474.38,Medium Risk,Medium Risk,0.62,1064.92,Payment retry & Concierge billing call,65.0,999.92,16.4,True
795,2023-11-03,Standard,399,19.7,6,5,30,3,No,0.6343,8,2024.69,2024.69,1167.31,High Risk,High Risk,0.26,526.42,Payment retry & Concierge billing call,65.0,461.42,8.1,True
796,2023-12-29,Premium,699,14.1,0,1,21,36,No,0.1761,8,984.75,984.75,4607.25,Low Risk,Low Risk,0.64,630.24,No action,0.0,630.24,630.2,False
797,2023-06-19,Basic,199,7.4,0,2,10,24,No,0.4266,6,509.36,509.36,684.64,Medium Risk,Medium Risk,0.47,239.4,Payment retry & Concierge billing call,65.0,174.4,3.7,True
798,2024-12-27,Premium,699,5.1,1,2,25,45,No,0.4011,8,2242.95,2242.95,3349.05,Medium Risk,Medium Risk,0.41,919.61,Payment retry & Concierge billing call,65.0,854.61,14.1,True
799,2023-11-06,Basic,199,10.6,7,1,18,23,Yes,0.5554,6,663.15,663.15,530.85,Medium Risk,Medium Risk,0.41,271.89,Payment reminder,15.0,256.89,18.1,True
800,2023-07-26,Basic,199,7.9,1,2,34,50,Yes,0.7141,8,1136.85,1136.85,455.15,High Risk,High Risk,0.44,500.21,Payment retry & Concierge billing call,65.0,435.21,7.7,True
801,2024-05-10,Basic,199,12.9,7,4,29,9,Yes,0.6649,8,1058.52,1058.52,533.48,High Risk,High Risk,0.25,264.63,Payment retry & Concierge billing call,65.0,199.63,4.1,True
802,2024-06-12,Premium,699,8.1,5,1,34,49,No,0.37,8,2069.04,2069.04,3522.96,Medium Risk,Medium Risk,0.38,786.24,Payment reminder & Priority billing assistance,35.0,751.24,22.5,True
803,2024-06-18,Premium,699,5.5,0,3,9,24,No,0.4226,6,1772.38,1772.38,2421.62,Medium Risk,Medium Risk,0.35,620.33,Payment retry & Concierge billing call,65.0,555.33,9.5,True
804,2023-03-31,Basic,199,8.1,0,5,1,54,Yes,0.7434,4,591.75,591.75,204.25,High Risk,High Risk,0.1,59.18,Payment retry & Concierge billing call,65.0,-5.82,0.9,False
805,2023-11-16,Standard,399,22.3,1,4,30,49,No,0.5849,8,1867.0,1867.0,1325.0,Medium Risk,Medium Risk,0.38,709.46,Payment retry & Concierge billing call,65.0,644.46,10.9,True
806,2023-10-11,Basic,199,16.2,3,2,20,12,Yes,0.4098,8,652.4,652.4,939.6,Medium Risk,Medium Risk,0.64,417.54,Payment retry & Concierge billing call,65.0,352.54,6.4,True
807,2023-04-28,Premium,699,19.4,1,2,21,9,Yes,0.4297,8,2402.88,2402.88,3189.12,Medium Risk,Medium Risk,0.75,1802.16,Payment retry & Concierge billing call,65.0,1737.16,27.7,True
808,2023-10-05,Basic,199,13.1,3,4,36,22,Yes,0.6745,8,1073.8,1073.8,518.2,High Risk,High Risk,0.29,311.4,Payment retry & Concierge billing call,65.0,246.4,4.8,True
809,2023-12-13,Basic,199,14.6,2,0,19,19,No,0.1901,8,302.64,302.64,1289.36,Low Risk,Low Risk,0.75,226.98,No action,0.0,226.98,227.0,False
810,2023-04-19,Premium,699,1.7,0,3,29,57,Yes,0.9187,8,5137.37,5137.37,454.63,Critical Risk,Critical Risk,0.2,1027.47,Payment retry & Concierge billing call,65.0,962.47,15.8,True
811,2024-08-29,Standard,399,2.6,6,1,4,45,Yes,0.9316,4,1486.83,1486.83,109.17,Critical Risk,Critical Risk,0.09,133.81,Payment reminder & Priority billing assistance,35.0,98.81,3.8,True
812,2024-11-17,Premium,699,15.6,4,2,29,52,Yes,0.6732,8,3764.53,3764.53,1827.47,High Risk,High Risk,0.4,1505.81,Payment retry & Concierge billing call,65.0,1440.81,23.2,True
813,2024-12-16,Premium,699,24.4,7,4,6,8,Yes,0.548,6,2298.31,2298.31,1895.69,Medium Risk,Medium Risk,0.28,643.53,Payment retry & Concierge billing call,65.0,578.53,9.9,True
814,2023-05-28,Standard,399,11.7,7,3,7,14,No,0.5848,6,1400.01,1400.01,993.99,Medium Risk,Medium Risk,0.26,364.0,Payment retry & Concierge billing call,65.0,299.0,5.6,True
815,2023-12-05,Premium,699,22.9,6,1,17,44,No,0.5199,6,2180.46,2180.46,2013.54,Medium Risk,Medium Risk,0.49,1068.43,Payment reminder & Priority billing assistance,35.0,1033.43,30.5,True
816,2024-04-17,Standard,399,12.4,1,3,30,7,No,0.3922,8,1251.9,1251.9,1940.1,Medium Risk,Medium Risk,0.58,726.1,Payment retry & Concierge billing call,65.0,661.1,11.2,True
817,2023-04-20,Basic,199,19.3,2,4,19,6,No,0.4855,8,772.92,772.92,819.08,Medium Risk,Medium Risk,0.51,394.19,Payment retry & Concierge billing call,65.0,329.19,6.1,True
818,2024-02-28,Standard,399,16.4,4,4,36,29,Yes,0.7135,8,2277.49,2277.49,914.51,High Risk,High Risk,0.28,637.7,Payment retry & Concierge billing call,65.0,572.7,9.8,True
819,2024-12-11,Basic,199,13.9,7,3,16,4,Yes,0.6203,6,740.64,740.64,453.36,High Risk,High Risk,0.36,266.63,Payment retry & Concierge billing call,65.0,201.63,4.1,True
820,2024-12-11,Premium,699,19.7,6,4,28,50,Yes,0.8086,8,4521.69,4521.69,1070.31,Critical Risk,Critical Risk,0.05,226.08,Payment retry & Concierge billing call,65.0,161.08,3.5,True
821,2024-05-13,Basic,199,16.7,1,5,12,59,No,0.5973,6,713.18,713.18,480.82,Medium Risk,Medium Risk,0.15,106.98,Payment retry & Concierge billing call,65.0,41.98,1.6,True
822,2024-02-20,Basic,199,8.5,1,3,30,11,Yes,0.387,8,616.1,616.1,975.9,Medium Risk,Medium Risk,0.54,332.69,Payment retry & Concierge billing call,65.0,267.69,5.1,True
823,2023-03-04,Basic,199,17.3,6,2,7,31,Yes,0.7704,6,919.86,919.86,274.14,High Risk,High Risk,0.13,119.58,Payment retry & Concierge billing call,65.0,54.58,1.8,True
824,2024-06-28,Basic,199,20.5,0,1,14,42,Yes,0.4536,6,541.6,541.6,652.4,Medium Risk,Medium Risk,0.7,379.12,Payment reminder,15.0,364.12,25.3,True
825,2023-11-21,Standard,399,15.6,7,1,25,13,No,0.1505,8,480.4,480.4,2711.6,Low Risk,Low Risk,0.58,278.63,No action,0.0,278.63,278.6,False
826,2023-04-02,Standard,399,23.0,6,5,20,58,Yes,0.7372,8,2353.14,2353.14,838.86,High Risk,High Risk,0.09,211.78,Payment retry & Concierge billing call,65.0,146.78,3.3,True
827,2023-10-29,Premium,699,15.5,8,3,1,54,Yes,0.8775,4,2453.49,2453.49,342.51,Critical Risk,Critical Risk,0.05,122.67,Payment retry & Concierge billing call,65.0,57.67,1.9,True
828,2024-01-03,Basic,199,22.6,0,0,24,45,No,0.3886,8,618.65,618.65,973.35,Medium Risk,Medium Risk,0.83,513.48,Engagement campaign,10.0,503.48,51.3,True
829,2024-10-02,Basic,199,21.7,3,3,19,44,Yes,0.596,8,948.83,948.83,643.17,Medium Risk,Medium Risk,0.4,379.53,Payment retry & Concierge billing call,65.0,314.53,5.8,True
830,2024-05-01,Standard,399,10.4,6,4,25,13,No,0.6096,8,1945.84,1945.84,1246.16,High Risk,High Risk,0.26,505.92,Payment retry & Concierge billing call,65.0,440.92,7.8,True
831,2024-11-17,Basic,199,14.1,5,3,13,9,Yes,0.5483,6,654.67,654.67,539.33,Medium Risk,Medium Risk,0.44,288.05,Payment retry & Concierge billing call,65.0,223.05,4.4,True
832,2024-11-04,Basic,199,0.8,0,1,9,46,No,0.5429,6,648.22,648.22,545.78,Medium Risk,Medium Risk,0.43,278.73,Payment reminder,15.0,263.73,18.6,True
833,2024-09-10,Standard,399,2.6,6,3,9,57,Yes,0.9905,6,2371.26,2371.26,22.74,Critical Risk,Critical Risk,0.05,118.56,Payment retry & Concierge billing call,65.0,53.56,1.8,True
834,2023-12-30,Standard,399,11.6,6,4,12,52,Yes,0.7848,6,1878.81,1878.81,515.19,High Risk,High Risk,0.05,93.94,Payment retry & Concierge billing call,65.0,28.94,1.4,True
835,2023-08-31,Basic,199,10.9,0,4,12,31,No,0.4572,6,545.9,545.9,648.1,Medium Risk,Medium Risk,0.23,125.56,Payment retry & Concierge billing call,65.0,60.56,1.9,True
836,2023-02-08,Premium,699,7.1,8,4,33,23,Yes,0.8861,8,4955.07,4955.07,636.93,Critical Risk,Critical Risk,0.05,247.75,Payment retry & Concierge billing call,65.0,182.75,3.8,True
837,2023-03-23,Premium,699,17.8,1,4,31,30,No,0.5557,8,3107.47,3107.47,2484.53,Medium Risk,Medium Risk,0.42,1305.14,Payment retry & Concierge billing call,65.0,1240.14,20.1,True
838,2024-09-16,Basic,199,24.6,4,3,34,33,Yes,0.68,8,1082.56,1082.56,509.44,High Risk,High Risk,0.39,422.2,Payment retry & Concierge billing call,65.0,357.2,6.5,True
839,2024-08-16,Basic,199,12.1,1,5,16,40,Yes,0.6218,6,742.43,742.43,451.57,High Risk,High Risk,0.18,133.64,Payment retry & Concierge billing call,65.0,68.64,2.1,True
840,2024-04-25,Standard,399,22.6,8,0,4,30,Yes,0.607,4,968.77,968.77,627.23,High Risk,High Risk,0.51,494.07,Customer support follow-up,120.0,374.07,4.1,True
841,2024-09-03,Premium,699,10.8,4,2,22,10,Yes,0.4297,8,2402.88,2402.88,3189.12,Medium Risk,Medium Risk,0.55,1321.58,Payment retry & Concierge billing call,65.0,1256.58,20.3,True
842,2023-06-23,Premium,699,18.3,4,0,20,40,Yes,0.3342,8,1868.85,1868.85,3723.15,Low Risk,Low Risk,0.62,1158.69,No action,0.0,1158.69,1158.7,False
843,2024-05-11,Premium,699,16.6,4,5,4,39,Yes,0.7592,4,2122.72,2122.72,673.28,High Risk,High Risk,0.05,106.14,Payment retry & Concierge billing call,65.0,41.14,1.6,True
844,2023-10-09,Basic,199,12.9,4,2,9,8,No,0.4476,6,534.43,534.43,659.57,Medium Risk,Medium Risk,0.49,261.87,Payment retry & Concierge billing call,65.0,196.87,4.0,True
845,2024-04-02,Standard,399,18.7,2,4,1,47,Yes,0.8262,4,1318.62,1318.62,277.38,Critical Risk,Critical Risk,0.11,145.05,Payment retry & Concierge billing call,65.0,80.05,2.2,True
846,2023-02-03,Standard,399,6.9,3,3,12,11,No,0.4468,6,1069.64,1069.64,1324.36,Medium Risk,Medium Risk,0.37,395.77,Payment retry & Concierge billing call,65.0,330.77,6.1,True
847,2024-01-28,Standard,399,24.2,2,3,6,48,No,0.3954,6,946.59,946.59,1447.41,Medium Risk,Medium Risk,0.38,359.7,Payment retry & Concierge billing call,65.0,294.7,5.5,True
848,2023-12-20,Basic,199,18.3,2,1,29,36,No,0.2223,8,353.9,353.9,1238.1,Low Risk,Low Risk,0.6,212.34,No action,0.0,212.34,212.3,False
849,2024-05-02,Basic,199,19.0,1,0,17,10,No,0.1778,6,212.29,212.29,981.71,Low Risk,Low Risk,0.95,201.68,No action,0.0,201.68,201.7,False
850,2024-02-04,Standard,399,18.8,8,1,31,24,No,0.4256,8,1358.52,1358.52,1833.48,Medium Risk,Medium Risk,0.45,611.33,Payment reminder & Priority billing assistance,35.0,576.33,17.5,True
851,2024-04-04,Standard,399,4.1,6,0,17,18,No,0.2317,6,554.69,554.69,1839.31,Low Risk,Low Risk,0.48,266.25,No action,0.0,266.25,266.2,False
852,2023-12-29,Standard,399,24.1,0,0,21,58,No,0.1967,8,627.87,627.87,2564.13,Low Risk,Low Risk,0.84,527.41,No action,0.0,527.41,527.4,False
853,2024-02-05,Standard,399,8.7,4,0,18,16,No,0.1462,6,350.0,350.0,2044.0,Low Risk,Low Risk,0.61,213.5,No action,0.0,213.5,213.5,False
854,2023-07-04,Standard,399,18.5,3,4,16,21,No,0.4937,6,1181.92,1181.92,1212.08,Medium Risk,Medium Risk,0.34,401.85,Payment retry & Concierge billing call,65.0,336.85,6.2,True
855,2024-06-21,Standard,399,0.8,0,0,36,0,No,0.1006,8,321.12,321.12,2870.88,Low Risk,Low Risk,0.81,260.11,No action,0.0,260.11,260.1,False
856,2024-09-26,Basic,199,9.1,4,2,29,12,Yes,0.4994,8,795.04,795.04,796.96,Medium Risk,Medium Risk,0.53,421.37,Payment retry & Concierge billing call,65.0,356.37,6.5,True
857,2023-05-03,Basic,199,23.5,3,4,4,40,Yes,0.608,4,483.97,483.97,312.03,High Risk,High Risk,0.23,111.31,Payment retry & Concierge billing call,65.0,46.31,1.7,True
858,2023-10-29,Basic,199,9.7,2,0,9,44,Yes,0.3461,6,413.24,413.24,780.76,Low Risk,Low Risk,0.54,223.15,No action,0.0,223.15,223.2,False
859,2023-11-28,Standard,399,16.2,4,3,5,44,No,0.646,6,1546.52,1546.52,847.48,High Risk,High Risk,0.22,340.23,Payment retry & Concierge billing call,65.0,275.23,5.2,True
860,2023-03-03,Standard,399,19.6,4,0,11,24,Yes,0.4201,6,1005.72,1005.72,1388.28,Medium Risk,Medium Risk,0.64,643.66,Customer support follow-up,120.0,523.66,5.4,True
861,2024-02-07,Standard,399,4.9,1,3,17,59,Yes,0.8003,6,1915.92,1915.92,478.08,Critical Risk,Critical Risk,0.19,364.02,Payment retry & Concierge billing call,65.0,299.02,5.6,True
862,2023-04-19,Basic,199,3.2,8,3,32,13,Yes,0.9007,8,1433.91,1433.91,158.09,Critical Risk,Critical Risk,0.09,129.05,Payment retry & Concierge billing call,65.0,64.05,2.0,True
863,2024-04-01,Standard,399,3.0,1,0,17,36,No,0.5559,6,1330.82,1330.82,1063.18,Medium Risk,Medium Risk,0.59,785.18,Engagement campaign,10.0,775.18,78.5,True
864,2023-06-05,Basic,199,4.1,0,0,32,42,Yes,0.5666,8,902.03,902.03,689.97,Medium Risk,Medium Risk,0.64,577.3,Engagement campaign,10.0,567.3,57.7,True
865,2024-05-17,Premium,699,22.7,0,4,22,45,No,0.4043,8,2260.85,2260.85,3331.15,Medium Risk,Medium Risk,0.43,972.17,Payment retry & Concierge billing call,65.0,907.17,15.0,True
866,2024-12-06,Standard,399,10.4,1,4,28,14,Yes,0.4835,8,1543.33,1543.33,1648.67,Medium Risk,Medium Risk,0.46,709.93,Payment retry & Concierge billing call,65.0,644.93,10.9,True
867,2023-02-26,Standard,399,14.4,5,2,8,43,Yes,0.7775,6,1861.34,1861.34,532.67,High Risk,High Risk,0.14,260.59,Payment retry & Concierge billing call,65.0,195.59,4.0,True
868,2023-10-24,Premium,699,9.5,5,0,6,53,Yes,0.4307,6,1806.36,1806.36,2387.64,Medium Risk,Medium Risk,0.42,758.67,Customer support follow-up,120.0,638.67,6.3,True
869,2024-12-13,Premium,699,4.8,0,3,13,42,Yes,0.9291,6,3896.65,3896.65,297.35,Critical Risk,Critical Risk,0.23,896.23,Payment retry & Concierge billing call,65.0,831.23,13.8,True
870,2024-03-24,Standard,399,16.0,5,3,7,5,No,0.5342,6,1278.87,1278.87,1115.13,Medium Risk,Medium Risk,0.38,485.97,Payment retry & Concierge billing call,65.0,420.97,7.5,True
871,2023-09-02,Premium,699,3.9,3,0,13,46,No,0.5174,6,2169.98,2169.98,2024.02,Medium Risk,Medium Risk,0.52,1128.39,Customer support follow-up,120.0,1008.39,9.4,True
872,2024-04-05,Standard,399,2.0,8,5,25,19,Yes,0.9793,8,3125.93,3125.93,66.07,Critical Risk,Critical Risk,0.05,156.3,Payment retry & Concierge billing call,65.0,91.3,2.4,True
873,2023-08-05,Basic,199,8.8,5,5,3,2,Yes,0.464,4,369.34,369.34,426.66,Medium Risk,Medium Risk,0.11,40.63,Payment retry & Concierge billing call,65.0,-24.37,0.6,False
874,2023-03-15,Premium,699,11.7,8,1,34,47,No,0.4785,8,2675.77,2675.77,2916.23,Medium Risk,Medium Risk,0.3,802.73,Payment reminder & Priority billing assistance,35.0,767.73,22.9,True
875,2023-02-16,Basic,199,12.5,0,3,10,58,No,0.4527,6,540.52,540.52,653.48,Medium Risk,Medium Risk,0.34,183.78,Payment retry & Concierge billing call,65.0,118.78,2.8,True
876,2024-04-12,Basic,199,0.9,0,2,9,52,Yes,0.927,6,1106.84,1106.84,87.16,Critical Risk,Critical Risk,0.21,232.44,Payment retry & Concierge billing call,65.0,167.44,3.6,True
877,2024-09-22,Premium,699,21.0,1,0,11,7,No,0.1821,6,763.73,763.73,3430.27,Low Risk,Low Risk,0.89,679.72,No action,0.0,679.72,679.7,False
878,2024-11-25,Basic,199,20.2,6,2,5,51,No,0.7139,6,852.4,852.4,341.6,High Risk,High Risk,0.28,238.67,Payment retry & Concierge billing call,65.0,173.67,3.7,True
879,2023-08-07,Standard,399,3.5,8,1,21,20,No,0.2841,8,906.85,906.85,2285.15,Low Risk,Low Risk,0.3,272.06,No action,0.0,272.06,272.1,False
880,2023-06-22,Basic,199,8.7,1,2,12,9,No,0.3548,6,423.63,423.63,770.37,Medium Risk,Medium Risk,0.57,241.47,Payment retry & Concierge billing call,65.0,176.47,3.7,True
881,2023-05-17,Premium,699,14.1,7,1,24,59,No,0.4917,8,2749.59,2749.59,2842.41,Medium Risk,Medium Risk,0.36,989.85,Payment reminder & Priority billing assistance,35.0,954.85,28.3,True
882,2023-07-03,Basic,199,19.6,0,3,25,5,Yes,0.4213,8,670.71,670.71,921.29,Medium Risk,Medium Risk,0.7,469.5,Payment retry & Concierge billing call,65.0,404.5,7.2,True
883,2024-10-17,Basic,199,10.7,7,5,19,8,Yes,0.6245,8,994.2,994.2,597.8,High Risk,High Risk,0.13,129.25,Payment retry & Concierge billing call,65.0,64.25,2.0,True
884,2024-09-02,Standard,399,11.5,3,1,34,39,No,0.3222,8,1028.46,1028.46,2163.54,Low Risk,Low Risk,0.5,514.23,No action,0.0,514.23,514.2,False
885,2023-12-23,Basic,199,15.5,1,5,32,52,No,0.4684,8,745.69,745.69,846.31,Medium Risk,Medium Risk,0.21,156.59,Payment retry & Concierge billing call,65.0,91.59,2.4,True
886,2024-09-25,Standard,399,14.2,3,0,1,33,No,0.2267,4,361.81,361.81,1234.19,Low Risk,Low Risk,0.54,195.38,No action,0.0,195.38,195.4,False
887,2023-02-24,Standard,399,12.9,7,5,35,42,Yes,0.8519,8,2719.26,2719.26,472.74,Critical Risk,Critical Risk,0.05,135.96,Payment retry & Concierge billing call,65.0,70.96,2.1,True
888,2023-02-14,Basic,199,20.0,7,3,8,11,Yes,0.6559,6,783.14,783.14,410.86,High Risk,High Risk,0.34,266.27,Payment retry & Concierge billing call,65.0,201.27,4.1,True
889,2024-04-09,Basic,199,7.5,6,2,24,21,Yes,0.6756,8,1075.56,1075.56,516.44,High Risk,High Risk,0.32,344.18,Payment retry & Concierge billing call,65.0,279.18,5.3,True
890,2024-05-11,Basic,199,18.6,8,1,7,10,No,0.2792,6,333.36,333.36,860.64,Low Risk,Low Risk,0.49,163.35,No action,0.0,163.35,163.4,False
891,2023-11-30,Premium,699,2.2,3,5,8,28,Yes,0.9619,6,4034.21,4034.21,159.79,Critical Risk,Critical Risk,0.05,201.71,Payment retry & Concierge billing call,65.0,136.71,3.1,True
892,2023-08-22,Standard,399,18.8,5,1,13,49,Yes,0.5466,6,1308.56,1308.56,1085.44,Medium Risk,Medium Risk,0.49,641.19,Payment reminder & Priority billing assistance,35.0,606.19,18.3,True
893,2024-04-27,Basic,199,18.6,3,3,16,57,Yes,0.7875,6,940.28,940.28,253.73,High Risk,High Risk,0.25,235.07,Payment retry & Concierge billing call,65.0,170.07,3.6,True
894,2024-04-10,Premium,699,1.8,6,1,32,13,No,0.3779,8,2113.22,2113.22,3478.78,Medium Risk,Medium Risk,0.48,1014.35,Payment reminder & Priority billing assistance,35.0,979.35,29.0,True
895,2023-10-04,Basic,199,9.7,7,5,25,12,No,0.6563,8,1044.83,1044.83,547.17,High Risk,High Risk,0.12,125.38,Payment retry & Concierge billing call,65.0,60.38,1.9,True
896,2024-04-21,Basic,199,3.6,0,2,22,8,Yes,0.5799,8,923.2,923.2,668.8,Medium Risk,Medium Risk,0.64,590.85,Payment retry & Concierge billing call,65.0,525.85,9.1,True
897,2023-06-10,Standard,399,4.7,5,1,27,56,Yes,0.7641,8,2439.01,2439.01,752.99,High Risk,High Risk,0.23,560.97,Payment reminder & Priority billing assistance,35.0,525.97,16.0,True
898,2024-06-18,Premium,699,14.7,8,1,11,5,No,0.1926,6,807.76,807.76,3386.24,Low Risk,Low Risk,0.45,363.49,No action,0.0,363.49,363.5,False
899,2023-09-10,Standard,399,15.0,7,2,14,0,No,0.6458,6,1546.05,1546.05,847.95,High Risk,High Risk,0.47,726.64,Payment retry & Concierge billing call,65.0,661.64,11.2,True
900,2024-08-10,Basic,199,11.1,3,4,21,60,Yes,0.6809,8,1083.99,1083.99,508.01,High Risk,High Risk,0.19,205.96,Payment retry & Concierge billing call,65.0,140.96,3.2,True
901,2023-02-04,Basic,199,24.5,0,3,27,46,No,0.452,8,719.58,719.58,872.42,Medium Risk,Medium Risk,0.54,388.57,Payment retry & Concierge billing call,65.0,323.57,6.0,True
902,2024-07-25,Standard,399,10.2,1,3,34,31,Yes,0.726,8,2317.39,2317.39,874.61,High Risk,High Risk,0.36,834.26,Payment retry & Concierge billing call,65.0,769.26,12.8,True
903,2023-04-03,Basic,199,23.8,2,2,27,18,Yes,0.4779,8,760.82,760.82,831.18,Medium Risk,Medium Risk,0.64,486.92,Payment retry & Concierge billing call,65.0,421.92,7.5,True
904,2024-08-20,Basic,199,16.9,2,5,31,29,No,0.4871,8,775.46,775.46,816.54,Medium Risk,Medium Risk,0.27,209.37,Payment retry & Concierge billing call,65.0,144.37,3.2,True
905,2024-01-15,Basic,199,11.9,2,5,30,25,Yes,0.7477,8,1190.34,1190.34,401.66,High Risk,High Risk,0.22,261.87,Payment retry & Concierge billing call,65.0,196.87,4.0,True
906,2024-12-08,Premium,699,17.7,0,5,30,4,No,0.2774,8,1551.22,1551.22,4040.78,Low Risk,Low Risk,0.48,744.59,No action,0.0,744.59,744.6,False
907,2024-07-09,Standard,399,1.3,6,2,34,44,Yes,0.9522,8,3039.42,3039.42,152.58,Critical Risk,Critical Risk,0.05,151.97,Payment retry & Concierge billing call,65.0,86.97,2.3,True
908,2023-02-26,Premium,699,19.8,1,4,14,56,Yes,0.7254,6,3042.33,3042.33,1151.67,High Risk,High Risk,0.36,1095.24,Payment retry & Concierge billing call,65.0,1030.24,16.8,True
909,2023-02-11,Premium,699,22.3,1,3,24,23,Yes,0.7537,8,4214.69,4214.69,1377.31,High Risk,High Risk,0.44,1854.46,Payment retry & Concierge billing call,65.0,1789.46,28.5,True
910,2023-07-29,Standard,399,4.8,8,5,24,4,Yes,0.9368,8,2990.27,2990.27,201.73,Critical Risk,Critical Risk,0.05,149.51,Payment retry & Concierge billing call,65.0,84.51,2.3,True
911,2024-08-17,Basic,199,6.3,1,5,22,30,No,0.7269,8,1157.22,1157.22,434.78,High Risk,High Risk,0.2,231.44,Payment retry & Concierge billing call,65.0,166.44,3.6,True
912,2024-05-30,Premium,699,19.0,3,2,14,22,No,0.6853,6,2874.15,2874.15,1319.85,High Risk,High Risk,0.55,1580.78,Payment retry & Concierge billing call,65.0,1515.78,24.3,True
913,2024-05-28,Premium,699,7.3,1,2,28,22,Yes,0.5947,8,3325.56,3325.56,2266.44,Medium Risk,Medium Risk,0.51,1696.04,Payment retry & Concierge billing call,65.0,1631.04,26.1,True
914,2023-10-27,Premium,699,12.0,8,5,8,52,Yes,0.7812,6,3276.35,3276.35,917.65,High Risk,High Risk,0.05,163.82,Payment retry & Concierge billing call,65.0,98.82,2.5,True
915,2023-03-31,Standard,399,20.1,1,1,24,57,No,0.3409,8,1088.15,1088.15,2103.85,Low Risk,Low Risk,0.66,718.18,No action,0.0,718.18,718.2,False
916,2023-04-25,Basic,199,22.5,4,0,26,6,Yes,0.5927,8,943.58,943.58,648.42,Medium Risk,Medium Risk,0.86,811.48,Customer support follow-up,120.0,691.48,6.8,True
917,2023-10-28,Premium,699,12.7,3,4,10,60,No,0.6407,6,2687.1,2687.1,1506.9,High Risk,High Risk,0.13,349.32,Payment retry & Concierge billing call,65.0,284.32,5.4,True
918,2024-10-22,Standard,399,23.3,7,2,35,26,Yes,0.7147,8,2281.32,2281.32,910.68,High Risk,High Risk,0.43,980.97,Payment retry & Concierge billing call,65.0,915.97,15.1,True
919,2024-10-22,Basic,199,5.1,0,1,19,53,No,0.2151,8,342.44,342.44,1249.56,Low Risk,Low Risk,0.55,188.34,No action,0.0,188.34,188.3,False
920,2024-06-26,Standard,399,14.7,5,3,27,37,Yes,0.8523,8,2720.54,2720.54,471.46,Critical Risk,Critical Risk,0.13,353.67,Payment retry & Concierge billing call,65.0,288.67,5.4,True
921,2023-08-21,Premium,699,11.7,2,2,29,10,No,0.4034,8,2255.81,2255.81,3336.19,Medium Risk,Medium Risk,0.64,1443.72,Payment retry & Concierge billing call,65.0,1378.72,22.2,True
922,2023-06-20,Standard,399,24.3,0,1,24,22,Yes,0.4694,8,1498.32,1498.32,1693.68,Medium Risk,Medium Risk,0.82,1228.62,Payment reminder & Priority billing assistance,35.0,1193.62,35.1,True
923,2024-12-10,Premium,699,17.9,4,1,11,11,No,0.1754,6,735.63,735.63,3458.37,Low Risk,Low Risk,0.64,470.8,No action,0.0,470.8,470.8,False
924,2024-03-27,Premium,699,4.5,1,0,10,20,No,0.6243,6,2618.31,2618.31,1575.69,High Risk,High Risk,0.6,1570.99,Engagement campaign,10.0,1560.99,157.1,True
925,2023-12-19,Standard,399,5.0,8,5,24,2,No,0.6219,8,1985.1,1985.1,1206.9,High Risk,High Risk,0.05,99.26,Payment retry & Concierge billing call,65.0,34.26,1.5,True
926,2023-01-26,Basic,199,11.5,2,4,24,19,Yes,0.4771,8,759.54,759.54,832.46,Medium Risk,Medium Risk,0.31,235.46,Payment retry & Concierge billing call,65.0,170.46,3.6,True
927,2024-07-13,Standard,399,19.3,7,2,32,9,Yes,0.6075,8,1939.14,1939.14,1252.86,High Risk,High Risk,0.51,988.96,Payment retry & Concierge billing call,65.0,923.96,15.2,True
928,2024-08-10,Premium,699,16.4,4,3,22,57,Yes,0.8004,8,4475.84,4475.84,1116.16,Critical Risk,Critical Risk,0.18,805.65,Payment retry & Concierge billing call,65.0,740.65,12.4,True
929,2024-05-05,Premium,699,20.1,7,2,10,44,Yes,0.8634,6,3621.1,3621.1,572.9,Critical Risk,Critical Risk,0.12,434.53,Payment retry & Concierge billing call,65.0,369.53,6.7,True
930,2023-08-14,Basic,199,17.1,1,2,9,1,No,0.3308,6,394.98,394.98,799.02,Low Risk,Low Risk,0.65,256.74,No action,0.0,256.74,256.7,False
931,2024-06-23,Standard,399,2.8,0,4,23,41,Yes,0.9296,8,2967.28,2967.28,224.72,Critical Risk,Critical Risk,0.11,326.4,Payment retry & Concierge billing call,65.0,261.4,5.0,True
932,2024-11-18,Basic,199,5.3,1,4,18,54,Yes,0.6114,6,730.01,730.01,463.99,High Risk,High Risk,0.21,153.3,Payment retry & Concierge billing call,65.0,88.3,2.4,True
933,2023-02-27,Basic,199,10.2,7,2,33,38,Yes,0.7807,8,1242.87,1242.87,349.13,High Risk,High Risk,0.1,124.29,Payment retry & Concierge billing call,65.0,59.29,1.9,True
934,2023-10-19,Premium,699,10.2,6,2,24,24,Yes,0.7909,8,4422.71,4422.71,1169.29,High Risk,High Risk,0.22,973.0,Payment retry & Concierge billing call,65.0,908.0,15.0,True
935,2024-03-30,Standard,399,8.0,7,4,23,5,Yes,0.5816,8,1856.47,1856.47,1335.53,Medium Risk,Medium Risk,0.2,371.29,Payment retry & Concierge billing call,65.0,306.29,5.7,True
936,2024-03-10,Premium,699,20.2,4,1,27,51,No,0.484,8,2706.53,2706.53,2885.47,Medium Risk,Medium Risk,0.54,1461.53,Payment reminder & Priority billing assistance,35.0,1426.53,41.8,True
937,2024-06-21,Premium,699,3.9,1,1,27,13,Yes,0.4741,8,2651.17,2651.17,2940.83,Medium Risk,Medium Risk,0.7,1855.82,Payment reminder & Priority billing assistance,35.0,1820.82,53.0,True
938,2023-10-07,Standard,399,23.4,6,0,5,0,No,0.2644,6,632.97,632.97,1761.03,Low Risk,Low Risk,0.71,449.41,No action,0.0,449.41,449.4,False
939,2023-10-24,Standard,399,14.1,2,1,12,11,No,0.1947,6,466.11,466.11,1927.89,Low Risk,Low Risk,0.68,316.95,No action,0.0,316.95,317.0,False
940,2024-04-19,Premium,699,1.5,4,4,32,19,Yes,0.729,8,4076.57,4076.57,1515.43,High Risk,High Risk,0.13,529.95,Payment retry & Concierge billing call,65.0,464.95,8.2,True
941,2024-10-13,Basic,199,19.9,2,2,2,19,No,0.5252,4,418.06,418.06,377.94,Medium Risk,Medium Risk,0.52,217.39,Payment retry & Concierge billing call,65.0,152.39,3.3,True
942,2024-12-05,Standard,399,16.5,4,3,8,11,Yes,0.4959,6,1187.18,1187.18,1206.82,Medium Risk,Medium Risk,0.42,498.62,Payment retry & Concierge billing call,65.0,433.62,7.7,True
943,2024-01-06,Premium,699,1.2,4,3,16,4,Yes,0.8386,6,3517.09,3517.09,676.91,Critical Risk,Critical Risk,0.23,808.93,Payment retry & Concierge billing call,65.0,743.93,12.4,True
944,2024-12-11,Premium,699,14.4,4,5,31,43,Yes,0.8017,8,4483.11,4483.11,1108.89,Critical Risk,Critical Risk,0.05,224.16,Payment retry & Concierge billing call,65.0,159.16,3.4,True
945,2023-05-30,Basic,199,13.1,0,2,24,10,No,0.2187,8,348.17,348.17,1243.83,Low Risk,Low Risk,0.73,254.16,No action,0.0,254.16,254.2,False
946,2024-01-05,Standard,399,22.0,2,2,30,10,Yes,0.4759,8,1519.07,1519.07,1672.93,Medium Risk,Medium Risk,0.74,1124.11,Payment retry & Concierge billing call,65.0,1059.11,17.3,True
947,2024-06-10,Standard,399,1.7,4,4,23,40,Yes,0.9569,8,3054.42,3054.42,137.58,Critical Risk,Critical Risk,0.05,152.72,Payment retry & Concierge billing call,65.0,87.72,2.3,True
948,2024-12-02,Basic,199,19.2,2,4,12,20,No,0.6015,6,718.19,718.19,475.81,High Risk,High Risk,0.31,222.64,Payment retry & Concierge billing call,65.0,157.64,3.4,True
949,2023-05-28,Standard,399,17.3,5,0,18,34,No,0.3943,6,943.95,943.95,1450.05,Medium Risk,Medium Risk,0.57,538.05,Customer support follow-up,120.0,418.05,4.5,True
950,2023-06-16,Basic,199,13.2,5,3,9,26,Yes,0.769,6,918.19,918.19,275.81,High Risk,High Risk,0.11,101.0,Payment retry & Concierge billing call,65.0,36.0,1.6,True
951,2024-09-20,Basic,199,4.3,3,1,14,50,No,0.5568,6,664.82,664.82,529.18,Medium Risk,Medium Risk,0.42,279.22,Payment reminder,15.0,264.22,18.6,True
952,2024-03-03,Premium,699,21.2,8,5,34,48,No,0.7669,8,4288.5,4288.5,1303.5,High Risk,High Risk,0.05,214.42,Payment retry & Concierge billing call,65.0,149.42,3.3,True
953,2024-12-08,Standard,399,3.4,2,0,5,30,Yes,0.6187,6,1481.17,1481.17,912.83,High Risk,High Risk,0.55,814.64,Engagement campaign,10.0,804.64,81.5,True
954,2023-01-30,Standard,399,20.5,8,2,9,11,No,0.5737,6,1373.44,1373.44,1020.56,Medium Risk,Medium Risk,0.4,549.38,Payment retry & Concierge billing call,65.0,484.38,8.5,True
955,2023-08-03,Premium,699,5.9,2,5,8,14,Yes,0.4942,6,2072.67,2072.67,2121.33,Medium Risk,Medium Risk,0.2,414.53,Payment retry & Concierge billing call,65.0,349.53,6.4,True
956,2024-03-17,Basic,199,10.9,1,0,6,1,No,0.2073,6,247.52,247.52,946.48,Low Risk,Low Risk,0.79,195.54,No action,0.0,195.54,195.5,False
957,2023-09-17,Basic,199,3.1,8,4,13,3,Yes,0.9034,6,1078.66,1078.66,115.34,Critical Risk,Critical Risk,0.05,53.93,Payment retry & Concierge billing call,65.0,-11.07,0.8,False
958,2024-09-08,Basic,199,7.9,0,0,5,50,Yes,0.4214,6,503.15,503.15,690.85,Medium Risk,Medium Risk,0.6,301.89,Engagement campaign,10.0,291.89,30.2,True
959,2023-10-12,Basic,199,5.0,5,0,13,5,Yes,0.4872,6,581.72,581.72,612.28,Medium Risk,Medium Risk,0.65,378.12,Customer support follow-up,120.0,258.12,3.2,True
960,2024-08-06,Premium,699,9.1,8,5,23,39,Yes,0.8217,8,4594.95,4594.95,997.05,Critical Risk,Critical Risk,0.05,229.75,Payment retry & Concierge billing call,65.0,164.75,3.5,True
961,2023-10-16,Basic,199,20.6,0,4,7,13,No,0.371,6,442.97,442.97,751.03,Medium Risk,Medium Risk,0.53,234.77,Payment retry & Concierge billing call,65.0,169.77,3.6,True
962,2024-12-25,Basic,199,0.6,1,1,35,58,Yes,0.6449,8,1026.68,1026.68,565.32,High Risk,High Risk,0.47,482.54,Payment reminder,15.0,467.54,32.2,True
963,2023-07-05,Standard,399,17.6,2,3,24,43,No,0.527,8,1682.18,1682.18,1509.82,Medium Risk,Medium Risk,0.4,672.87,Payment retry & Concierge billing call,65.0,607.87,10.4,True
964,2023-11-18,Standard,399,10.9,8,1,25,26,Yes,0.6392,8,2040.33,2040.33,1151.67,High Risk,High Risk,0.37,754.92,Payment reminder & Priority billing assistance,35.0,719.92,21.6,True
965,2023-10-23,Basic,199,3.2,2,3,30,48,Yes,0.8583,8,1366.41,1366.41,225.59,Critical Risk,Critical Risk,0.13,177.63,Payment retry & Concierge billing call,65.0,112.63,2.7,True
966,2024-09-06,Premium,699,2.5,7,0,3,24,Yes,0.8175,4,2285.73,2285.73,510.27,Critical Risk,Critical Risk,0.22,502.86,Customer support follow-up,120.0,382.86,4.2,True
967,2024-03-14,Premium,699,17.3,7,1,20,35,Yes,0.4638,8,2593.57,2593.57,2998.43,Medium Risk,Medium Risk,0.39,1011.49,Payment reminder & Priority billing assistance,35.0,976.49,28.9,True
968,2024-11-21,Basic,199,22.4,7,5,5,23,Yes,0.7647,6,913.05,913.05,280.95,High Risk,High Risk,0.05,45.65,Payment retry & Concierge billing call,65.0,-19.35,0.7,False
969,2023-05-27,Standard,399,10.2,8,5,7,43,Yes,0.787,6,1884.08,1884.08,509.92,High Risk,High Risk,0.05,94.2,Payment retry & Concierge billing call,65.0,29.2,1.4,True
970,2023-06-22,Standard,399,17.5,1,5,26,59,No,0.6737,8,2150.45,2150.45,1041.55,High Risk,High Risk,0.24,516.11,Payment retry & Concierge billing call,65.0,451.11,7.9,True
971,2024-02-18,Basic,199,24.4,5,1,24,38,No,0.5298,8,843.44,843.44,748.56,Medium Risk,Medium Risk,0.54,455.46,Payment reminder,15.0,440.46,30.4,True
972,2024-08-18,Basic,199,21.0,7,2,15,48,Yes,0.7318,6,873.77,873.77,320.23,High Risk,High Risk,0.33,288.34,Payment retry & Concierge billing call,65.0,223.34,4.4,True
973,2024-02-19,Premium,699,19.0,6,2,18,30,Yes,0.862,6,3615.23,3615.23,578.77,Critical Risk,Critical Risk,0.31,1120.72,Payment retry & Concierge billing call,65.0,1055.72,17.2,True
974,2024-05-24,Standard,399,7.3,7,0,33,7,No,0.2092,8,667.77,667.77,2524.23,Low Risk,Low Risk,0.59,393.98,No action,0.0,393.98,394.0,False
975,2023-07-03,Basic,199,1.2,0,0,9,31,No,0.5319,6,635.09,635.09,558.91,Medium Risk,Medium Risk,0.53,336.6,Engagement campaign,10.0,326.6,33.7,True
976,2024-05-19,Standard,399,4.2,1,0,21,42,No,0.6766,8,2159.71,2159.71,1032.29,High Risk,High Risk,0.6,1295.83,Engagement campaign,10.0,1285.83,129.6,True
977,2023-12-18,Standard,399,7.7,7,3,13,32,Yes,0.7642,6,1829.49,1829.49,564.51,High Risk,High Risk,0.05,91.47,Payment retry & Concierge billing call,65.0,26.47,1.4,True
978,2024-01-28,Premium,699,0.9,0,3,35,56,No,0.5008,8,2800.47,2800.47,2791.53,Medium Risk,Medium Risk,0.31,868.15,Payment retry & Concierge billing call,65.0,803.15,13.4,True
979,2024-07-24,Standard,399,21.4,7,3,21,2,Yes,0.7156,8,2284.2,2284.2,907.8,High Risk,High Risk,0.43,982.21,Payment retry & Concierge billing call,65.0,917.21,15.1,True
980,2024-02-03,Premium,699,22.2,2,3,20,27,Yes,0.7365,8,4118.51,4118.51,1473.49,High Risk,High Risk,0.52,2141.63,Payment retry & Concierge billing call,65.0,2076.63,32.9,True
981,2024-08-08,Standard,399,14.4,7,5,8,35,Yes,0.8142,6,1949.19,1949.19,444.81,Critical Risk,Critical Risk,0.05,97.46,Payment retry & Concierge billing call,65.0,32.46,1.5,True
982,2024-05-21,Standard,399,14.3,2,4,31,3,No,0.3891,8,1242.01,1242.01,1949.99,Medium Risk,Medium Risk,0.46,571.32,Payment retry & Concierge billing call,65.0,506.32,8.8,True
983,2024-08-27,Premium,699,15.6,5,2,25,20,Yes,0.4676,8,2614.82,2614.82,2977.18,Medium Risk,Medium Risk,0.44,1150.52,Payment retry & Concierge billing call,65.0,1085.52,17.7,True
984,2024-10-02,Basic,199,21.0,5,5,9,37,Yes,0.8182,6,976.93,976.93,217.07,Critical Risk,Critical Risk,0.05,48.85,Payment retry & Concierge billing call,65.0,-16.15,0.8,False
985,2024-11-08,Standard,399,2.9,5,2,25,26,Yes,0.9157,8,2922.91,2922.91,269.09,Critical Risk,Critical Risk,0.19,555.35,Payment retry & Concierge billing call,65.0,490.35,8.5,True
986,2023-03-09,Basic,199,6.2,4,4,16,5,No,0.4363,6,520.94,520.94,673.06,Medium Risk,Medium Risk,0.3,156.28,Payment retry & Concierge billing call,65.0,91.28,2.4,True
987,2024-11-04,Standard,399,8.8,0,4,8,20,Yes,0.5275,6,1262.84,1262.84,1131.16,Medium Risk,Medium Risk,0.29,366.22,Payment retry & Concierge billing call,65.0,301.22,5.6,True
988,2023-01-23,Standard,399,22.6,4,0,33,44,Yes,0.7754,8,2475.08,2475.08,716.92,High Risk,High Risk,0.55,1361.29,Customer support follow-up,120.0,1241.29,11.3,True
989,2023-04-13,Standard,399,14.5,5,4,25,6,No,0.5816,8,1856.47,1856.47,1335.53,Medium Risk,Medium Risk,0.34,631.2,Payment retry & Concierge billing call,65.0,566.2,9.7,True
990,2023-11-03,Premium,699,8.7,8,5,14,21,Yes,0.816,6,3422.3,3422.3,771.7,Critical Risk,Critical Risk,0.05,171.12,Payment retry & Concierge billing call,65.0,106.12,2.6,True
991,2023-02-18,Standard,399,5.4,1,4,28,13,Yes,0.3866,8,1234.03,1234.03,1957.97,Medium Risk,Medium Risk,0.41,505.95,Payment retry & Concierge billing call,65.0,440.95,7.8,True
992,2024-08-29,Standard,399,20.2,1,5,26,54,Yes,0.5874,8,1874.98,1874.98,1317.02,Medium Risk,Medium Risk,0.26,487.49,Payment retry & Concierge billing call,65.0,422.49,7.5,True
993,2023-03-20,Standard,399,2.1,8,3,18,27,Yes,0.9858,6,2360.01,2360.01,33.99,Critical Risk,Critical Risk,0.05,118.0,Payment retry & Concierge billing call,65.0,53.0,1.8,True
994,2023-07-24,Premium,699,12.9,4,3,20,42,Yes,0.7019,8,3925.02,3925.02,1666.98,High Risk,High Risk,0.27,1059.76,Payment retry & Concierge billing call,65.0,994.76,16.3,True
995,2023-07-04,Standard,399,6.7,8,3,26,42,No,0.7744,8,2471.88,2471.88,720.12,High Risk,High Risk,0.05,123.59,Payment retry & Concierge billing call,65.0,58.59,1.9,True
996,2024-04-23,Basic,199,21.6,7,1,34,42,No,0.3928,8,625.34,625.34,966.66,Medium Risk,Medium Risk,0.44,275.15,Payment reminder,15.0,260.15,18.3,True
997,2024-06-18,Standard,399,20.3,6,4,35,46,Yes,0.832,8,2655.74,2655.74,536.26,Critical Risk,Critical Risk,0.05,132.79,Payment retry & Concierge billing call,65.0,67.79,2.0,True
998,2023-11-04,Basic,199,11.8,3,1,24,47,No,0.3143,8,500.37,500.37,1091.63,Low Risk,Low Risk,0.5,250.18,No action,0.0,250.18,250.2,False
999,2023-10-01,Standard,399,8.3,1,5,27,13,No,0.3978,8,1269.78,1269.78,1922.22,Medium Risk,Medium Risk,0.34,431.73,Payment retry & Concierge billing call,65.0,366.73,6.6,True
1000,2023-07-16,Standard,399,6.8,3,3,11,15,Yes,0.4561,6,1091.9,1091.9,1302.1,Medium Risk,Medium Risk,0.25,272.98,Payment retry & Concierge billing call,65.0,207.98,4.2,True
1001,2024-03-22,Basic,199,20.0,4,3,16,31,Yes,0.7317,6,873.65,873.65,320.35,High Risk,High Risk,0.34,297.04,Payment retry & Concierge billing call,65.0,232.04,4.6,True
1002,2023-10-12,Standard,399,5.4,4,1,3,1,No,0.1083,4,172.85,172.85,1423.15,Low Risk,Low Risk,0.51,88.15,No action,0.0,88.15,88.2,False
1003,2023-02-26,Premium,699,4.8,0,5,36,31,Yes,0.9333,8,5219.01,5219.01,372.99,Critical Risk,Critical Risk,0.05,260.95,Payment retry & Concierge billing call,65.0,195.95,4.0,True
1004,2024-11-04,Basic,199,15.2,1,3,21,57,Yes,0.7316,8,1164.71,1164.71,427.29,High Risk,High Risk,0.41,477.53,Payment retry & Concierge billing call,65.0,412.53,7.3,True
1005,2024-05-27,Basic,199,23.6,2,1,26,7,No,0.4292,8,683.29,683.29,908.71,Medium Risk,Medium Risk,0.86,587.63,Payment reminder,15.0,572.63,39.2,True
1006,2023-09-01,Basic,199,16.8,8,2,34,31,No,0.4059,8,646.19,646.19,945.81,Medium Risk,Medium Risk,0.25,161.55,Payment retry & Concierge billing call,65.0,96.55,2.5,True
1007,2024-02-04,Premium,699,19.4,5,2,8,53,Yes,0.7914,6,3319.13,3319.13,874.87,High Risk,High Risk,0.19,630.63,Payment retry & Concierge billing call,65.0,565.63,9.7,True
1008,2023-10-09,Premium,699,23.4,3,1,16,6,No,0.1823,6,764.57,764.57,3429.43,Low Risk,Low Risk,0.81,619.3,No action,0.0,619.3,619.3,False
1009,2023-04-26,Standard,399,6.7,0,3,27,34,Yes,0.6066,8,1936.27,1936.27,1255.73,High Risk,High Risk,0.37,716.42,Payment retry & Concierge billing call,65.0,651.42,11.0,True
1010,2023-05-29,Standard,399,10.9,3,2,35,56,No,0.5077,8,1620.58,1620.58,1571.42,Medium Risk,Medium Risk,0.39,632.03,Payment retry & Concierge billing call,65.0,567.03,9.7,True
1011,2024-09-12,Standard,399,18.0,4,0,31,41,No,0.4126,8,1317.02,1317.02,1874.98,Medium Risk,Medium Risk,0.62,816.55,Customer support follow-up,120.0,696.55,6.8,True
1012,2024-10-16,Basic,199,17.4,3,2,4,35,Yes,0.6015,4,478.79,478.79,317.21,High Risk,High Risk,0.37,177.15,Payment retry & Concierge billing call,65.0,112.15,2.7,True
1013,2024-03-29,Premium,699,22.6,1,4,24,55,Yes,0.6589,8,3684.57,3684.57,1907.43,High Risk,High Risk,0.39,1436.98,Payment retry & Concierge billing call,65.0,1371.98,22.1,True
1014,2023-08-30,Standard,399,22.8,6,2,1,19,Yes,0.8565,4,1366.97,1366.97,229.03,Critical Risk,Critical Risk,0.27,369.08,Payment retry & Concierge billing call,65.0,304.08,5.7,True
1015,2024-10-21,Standard,399,21.6,2,3,14,40,Yes,0.664,6,1589.62,1589.62,804.38,High Risk,High Risk,0.44,699.43,Payment retry & Concierge billing call,65.0,634.43,10.8,True
1016,2023-12-07,Standard,399,7.2,1,3,3,30,No,0.5475,4,873.81,873.81,722.19,Medium Risk,Medium Risk,0.33,288.36,Payment retry & Concierge billing call,65.0,223.36,4.4,True
1017,2023-03-09,Premium,699,22.0,1,1,28,44,Yes,0.5219,8,2918.46,2918.46,2673.54,Medium Risk,Medium Risk,0.68,1984.55,Payment reminder & Priority billing assistance,35.0,1949.55,56.7,True
1018,2023-01-29,Standard,399,15.3,8,5,27,20,Yes,0.7024,8,2242.06,2242.06,949.94,High Risk,High Risk,0.05,112.1,Payment retry & Concierge billing call,65.0,47.1,1.7,True
1019,2023-11-09,Basic,199,15.9,2,0,12,25,Yes,0.3607,6,430.68,430.68,763.32,Medium Risk,Medium Risk,0.68,292.86,Engagement campaign,10.0,282.86,29.3,True
1020,2024-10-26,Standard,399,3.2,3,4,6,45,No,0.7625,6,1825.42,1825.42,568.58,High Risk,High Risk,0.05,91.27,Payment retry & Concierge billing call,65.0,26.27,1.4,True
1021,2023-05-17,Basic,199,19.9,5,3,27,30,No,0.7239,8,1152.45,1152.45,439.55,High Risk,High Risk,0.38,437.93,Payment retry & Concierge billing call,65.0,372.93,6.7,True
1022,2024-01-12,Standard,399,17.3,5,2,12,12,Yes,0.5359,6,1282.94,1282.94,1111.06,Medium Risk,Medium Risk,0.49,628.64,Payment retry & Concierge billing call,65.0,563.64,9.7,True
1023,2024-07-25,Basic,199,22.0,3,0,26,60,Yes,0.5364,8,853.95,853.95,738.05,Medium Risk,Medium Risk,0.7,597.76,Customer support follow-up,120.0,477.76,5.0,True
1024,2023-06-22,Premium,699,22.7,7,1,15,16,No,0.2734,6,1146.64,1146.64,3047.36,Low Risk,Low Risk,0.53,607.72,No action,0.0,607.72,607.7,False
1025,2023-06-24,Basic,199,15.6,4,1,26,5,No,0.2072,8,329.86,329.86,1262.14,Low Risk,Low Risk,0.7,230.9,No action,0.0,230.9,230.9,False
1026,2024-04-09,Premium,699,0.8,8,3,8,49,Yes,0.9897,6,4150.8,4150.8,43.2,Critical Risk,Critical Risk,0.05,207.54,Payment retry & Concierge billing call,65.0,142.54,3.2,True
1027,2023-09-30,Premium,699,3.4,3,1,32,60,No,0.5159,8,2884.91,2884.91,2707.09,Medium Risk,Medium Risk,0.41,1182.81,Payment reminder & Priority billing assistance,35.0,1147.81,33.8,True
1028,2023-10-17,Standard,399,9.9,6,1,32,38,Yes,0.5607,8,1789.75,1789.75,1402.25,Medium Risk,Medium Risk,0.36,644.31,Payment reminder & Priority billing assistance,35.0,609.31,18.4,True
1029,2023-09-26,Premium,699,10.7,6,1,13,1,No,0.2563,6,1074.92,1074.92,3119.08,Low Risk,Low Risk,0.57,612.7,No action,0.0,612.7,612.7,False
1030,2023-03-29,Basic,199,22.7,5,4,29,43,Yes,0.8702,8,1385.36,1385.36,206.64,Critical Risk,Critical Risk,0.11,152.39,Payment retry & Concierge billing call,65.0,87.39,2.3,True
1031,2024-12-31,Basic,199,3.8,5,5,31,25,Yes,0.9083,8,1446.01,1446.01,145.99,Critical Risk,Critical Risk,0.05,72.3,Payment retry & Concierge billing call,65.0,7.3,1.1,True
1032,2023-02-23,Standard,399,18.5,4,0,28,6,No,0.1171,8,373.78,373.78,2818.22,Low Risk,Low Risk,0.82,306.5,No action,0.0,306.5,306.5,False
1033,2024-09-04,Standard,399,12.0,5,4,16,60,Yes,0.7976,6,1909.45,1909.45,484.55,High Risk,High Risk,0.05,95.47,Payment retry & Concierge billing call,65.0,30.47,1.5,True
1034,2024-02-09,Premium,699,0.6,8,4,3,24,Yes,0.9887,4,2764.41,2764.41,31.59,Critical Risk,Critical Risk,0.05,138.22,Payment retry & Concierge billing call,65.0,73.22,2.1,True
1035,2023-06-23,Premium,699,3.7,8,0,24,37,Yes,0.724,8,4048.61,4048.61,1543.39,High Risk,High Risk,0.32,1295.56,Customer support follow-up,120.0,1175.56,10.8,True
1036,2024-06-27,Premium,699,23.3,7,1,32,5,No,0.3818,8,2135.03,2135.03,3456.97,Medium Risk,Medium Risk,0.65,1387.77,Payment reminder & Priority billing assistance,35.0,1352.77,39.7,True
1037,2023-10-15,Standard,399,6.9,5,0,10,8,No,0.141,6,337.55,337.55,2056.45,Low Risk,Low Risk,0.59,199.15,No action,0.0,199.15,199.2,False
1038,2023-09-28,Premium,699,23.2,4,2,24,39,No,0.5188,8,2901.13,2901.13,2690.87,Medium Risk,Medium Risk,0.47,1363.53,Payment retry & Concierge billing call,65.0,1298.53,21.0,True
1039,2023-06-04,Premium,699,11.2,2,2,21,47,No,0.5006,8,2799.36,2799.36,2792.64,Medium Risk,Medium Risk,0.43,1203.72,Payment retry & Concierge billing call,65.0,1138.72,18.5,True
1040,2024-04-26,Premium,699,1.8,2,0,29,14,Yes,0.5993,8,3351.29,3351.29,2240.71,Medium Risk,Medium Risk,0.74,2479.95,Engagement campaign,10.0,2469.95,248.0,True
1041,2023-02-11,Standard,399,17.8,6,0,11,57,No,0.4221,6,1010.51,1010.51,1383.49,Medium Risk,Medium Risk,0.46,464.83,Customer support follow-up,120.0,344.83,3.9,True
1042,2023-06-01,Standard,399,24.7,8,3,23,29,Yes,0.8257,8,2635.63,2635.63,556.37,Critical Risk,Critical Risk,0.19,500.77,Payment retry & Concierge billing call,65.0,435.77,7.7,True
1043,2024-06-04,Basic,199,2.8,4,1,23,53,Yes,0.7477,8,1190.34,1190.34,401.66,High Risk,High Risk,0.37,440.43,Payment reminder,15.0,425.43,29.4,True
1044,2024-03-02,Standard,399,14.8,0,4,14,49,Yes,0.5894,6,1411.02,1411.02,982.98,Medium Risk,Medium Risk,0.35,493.86,Payment retry & Concierge billing call,65.0,428.86,7.6,True
1045,2024-11-27,Basic,199,19.3,1,2,16,1,Yes,0.5167,6,616.94,616.94,577.06,Medium Risk,Medium Risk,0.75,462.71,Payment retry & Concierge billing call,65.0,397.71,7.1,True
1046,2024-04-16,Basic,199,9.7,1,2,26,9,Yes,0.3985,8,634.41,634.41,957.59,Medium Risk,Medium Risk,0.66,418.71,Payment retry & Concierge billing call,65.0,353.71,6.4,True
1047,2023-02-14,Premium,699,11.6,4,4,31,42,Yes,0.8041,8,4496.53,4496.53,1095.47,Critical Risk,Critical Risk,0.05,224.83,Payment retry & Concierge billing call,65.0,159.83,3.5,True
1048,2024-10-21,Premium,699,8.5,2,1,29,55,Yes,0.2887,8,1614.41,1614.41,3977.59,Low Risk,Low Risk,0.5,807.2,No action,0.0,807.2,807.2,False
1049,2023-04-05,Standard,399,20.1,1,4,21,60,No,0.6352,8,2027.56,2027.56,1164.44,High Risk,High Risk,0.36,729.92,Payment retry & Concierge billing call,65.0,664.92,11.2,True
1050,2023-06-16,Standard,399,4.9,6,0,17,1,No,0.3187,6,762.97,762.97,1631.03,Low Risk,Low Risk,0.61,465.41,No action,0.0,465.41,465.4,False
1051,2024-03-18,Standard,399,7.5,2,0,26,19,No,0.1525,8,486.78,486.78,2705.22,Low Risk,Low Risk,0.68,331.01,No action,0.0,331.01,331.0,False
1052,2024-01-12,Premium,699,22.6,2,2,20,42,Yes,0.6842,8,3826.05,3826.05,1765.95,High Risk,High Risk,0.55,2104.33,Payment retry & Concierge billing call,65.0,2039.33,32.4,True
1053,2024-03-09,Premium,699,12.5,6,3,13,17,No,0.5309,6,2226.59,2226.59,1967.41,Medium Risk,Medium Risk,0.26,578.91,Payment retry & Concierge billing call,65.0,513.91,8.9,True
1054,2023-02-11,Basic,199,20.4,2,3,28,40,Yes,0.7175,8,1142.26,1142.26,449.74,High Risk,High Risk,0.42,479.75,Payment retry & Concierge billing call,65.0,414.75,7.4,True
1055,2024-05-22,Premium,699,24.3,3,5,22,43,No,0.4729,8,2644.46,2644.46,2947.54,Medium Risk,Medium Risk,0.22,581.78,Payment retry & Concierge billing call,65.0,516.78,9.0,True
1056,2024-05-04,Premium,699,2.6,7,3,34,5,No,0.623,8,3483.82,3483.82,2108.18,High Risk,High Risk,0.25,870.96,Payment retry & Concierge billing call,65.0,805.96,13.4,True
1057,2024-08-05,Standard,399,24.6,4,1,10,33,Yes,0.5269,6,1261.4,1261.4,1132.6,Medium Risk,Medium Risk,0.51,643.31,Payment reminder & Priority billing assistance,35.0,608.31,18.4,True
1058,2024-02-27,Basic,199,2.4,0,4,36,6,Yes,0.7489,8,1192.25,1192.25,399.75,High Risk,High Risk,0.42,500.74,Payment retry & Concierge billing call,65.0,435.74,7.7,True
1059,2024-05-30,Basic,199,16.7,4,2,30,16,No,0.3243,8,516.29,516.29,1075.71,Low Risk,Low Risk,0.49,252.98,No action,0.0,252.98,253.0,False
1060,2024-02-07,Basic,199,18.6,7,1,8,50,Yes,0.6714,6,801.65,801.65,392.35,High Risk,High Risk,0.33,264.54,Payment reminder,15.0,249.54,17.6,True
1061,2024-11-17,Basic,199,10.7,4,2,6,37,Yes,0.6564,6,783.74,783.74,410.26,High Risk,High Risk,0.27,211.61,Payment retry & Concierge billing call,65.0,146.61,3.3,True
1062,2024-09-10,Standard,399,8.9,2,1,17,11,Yes,0.1544,6,369.63,369.63,2024.37,Low Risk,Low Risk,0.71,262.44,No action,0.0,262.44,262.4,False
1063,2023-06-25,Standard,399,11.1,0,0,7,25,Yes,0.309,6,739.75,739.75,1654.25,Low Risk,Low Risk,0.71,525.22,No action,0.0,525.22,525.2,False
1064,2024-05-13,Premium,699,11.8,6,5,31,47,Yes,0.8207,8,4589.35,4589.35,1002.65,Critical Risk,Critical Risk,0.05,229.47,Payment retry & Concierge billing call,65.0,164.47,3.5,True
1065,2023-01-15,Standard,399,17.4,6,2,24,5,Yes,0.4678,8,1493.22,1493.22,1698.78,Medium Risk,Medium Risk,0.53,791.41,Payment retry & Concierge billing call,65.0,726.41,12.2,True
1066,2023-05-29,Basic,199,20.5,3,0,8,13,No,0.1992,6,237.84,237.84,956.16,Low Risk,Low Risk,0.8,190.27,No action,0.0,190.27,190.3,False
1067,2024-04-19,Premium,699,11.2,8,1,16,5,No,0.2393,6,1003.62,1003.62,3190.38,Low Risk,Low Risk,0.49,491.77,No action,0.0,491.77,491.8,False
1068,2024-12-20,Basic,199,10.8,1,1,31,57,Yes,0.3703,8,589.52,589.52,1002.48,Medium Risk,Medium Risk,0.57,336.03,Payment reminder,15.0,321.03,22.4,True
1069,2024-08-06,Standard,399,12.1,7,4,32,15,Yes,0.6637,8,2118.53,2118.53,1073.47,High Risk,High Risk,0.12,254.22,Payment retry & Concierge billing call,65.0,189.22,3.9,True
1070,2024-03-01,Standard,399,8.7,1,5,4,54,No,0.6748,4,1076.98,1076.98,519.02,High Risk,High Risk,0.07,75.39,Payment retry & Concierge billing call,65.0,10.39,1.2,True
1071,2024-08-28,Standard,399,25.0,0,3,36,25,Yes,0.4358,8,1391.07,1391.07,1800.93,Medium Risk,Medium Risk,0.63,876.37,Payment retry & Concierge billing call,65.0,811.37,13.5,True
1072,2023-11-20,Premium,699,6.2,0,4,32,1,No,0.2021,8,1130.14,1130.14,4461.86,Low Risk,Low Risk,0.46,519.86,No action,0.0,519.86,519.9,False
1073,2024-10-23,Premium,699,7.1,6,3,5,7,Yes,0.5516,6,2313.41,2313.41,1880.59,Medium Risk,Medium Risk,0.25,578.35,Payment retry & Concierge billing call,65.0,513.35,8.9,True
1074,2024-04-25,Standard,399,17.6,0,1,29,18,No,0.1631,8,520.62,520.62,2671.38,Low Risk,Low Risk,0.76,395.67,No action,0.0,395.67,395.7,False
1075,2024-09-08,Standard,399,6.2,3,4,29,58,No,0.6029,8,1924.46,1924.46,1267.54,High Risk,High Risk,0.14,269.42,Payment retry & Concierge billing call,65.0,204.42,4.1,True
1076,2024-03-02,Premium,699,3.7,4,5,30,45,Yes,0.9486,8,5304.57,5304.57,287.43,Critical Risk,Critical Risk,0.05,265.23,Payment retry & Concierge billing call,65.0,200.23,4.1,True
1077,2023-03-30,Premium,699,20.0,2,4,24,13,Yes,0.5552,8,3104.68,3104.68,2487.32,Medium Risk,Medium Risk,0.52,1614.43,Payment retry & Concierge billing call,65.0,1549.43,24.8,True
1078,2024-03-01,Premium,699,3.7,3,1,31,38,Yes,0.7002,8,3915.52,3915.52,1676.48,High Risk,High Risk,0.42,1644.52,Payment reminder & Priority billing assistance,35.0,1609.52,47.0,True
1079,2023-09-25,Standard,399,6.3,8,0,20,1,No,0.265,8,845.88,845.88,2346.12,Low Risk,Low Risk,0.54,456.78,No action,0.0,456.78,456.8,False
1080,2024-03-16,Standard,399,4.8,8,0,11,51,Yes,0.6484,6,1552.27,1552.27,841.73,High Risk,High Risk,0.25,388.07,Customer support follow-up,120.0,268.07,3.2,True
1081,2023-12-30,Basic,199,3.5,3,3,15,16,No,0.6346,6,757.71,757.71,436.29,High Risk,High Risk,0.29,219.74,Payment retry & Concierge billing call,65.0,154.74,3.4,True
1082,2024-11-16,Basic,199,7.1,2,5,36,55,Yes,0.6825,8,1086.54,1086.54,505.46,High Risk,High Risk,0.09,97.79,Payment retry & Concierge billing call,65.0,32.79,1.5,True
1083,2023-04-19,Basic,199,23.2,7,3,4,53,No,0.2572,4,204.73,204.73,591.27,Low Risk,Low Risk,0.17,34.8,No action,0.0,34.8,34.8,False
1084,2023-05-01,Premium,699,20.7,0,4,7,6,Yes,0.4598,6,1928.4,1928.4,2265.6,Medium Risk,Medium Risk,0.53,1022.05,Payment retry & Concierge billing call,65.0,957.05,15.7,True
1085,2024-05-25,Basic,199,4.3,4,5,24,28,Yes,0.8636,8,1374.85,1374.85,217.15,Critical Risk,Critical Risk,0.05,68.74,Payment retry & Concierge billing call,65.0,3.74,1.1,True
1086,2023-07-26,Premium,699,4.3,5,2,7,52,Yes,0.9777,6,4100.47,4100.47,93.53,Critical Risk,Critical Risk,0.05,205.02,Payment retry & Concierge billing call,65.0,140.02,3.2,True
1087,2023-12-16,Standard,399,19.3,0,1,27,53,No,0.223,8,711.82,711.82,2480.18,Low Risk,Low Risk,0.69,491.16,No action,0.0,491.16,491.2,False
1088,2024-01-05,Standard,399,4.7,4,2,33,45,Yes,0.9392,8,2997.93,2997.93,194.07,Critical Risk,Critical Risk,0.17,509.65,Payment retry & Concierge billing call,65.0,444.65,7.8,True
1089,2024-03-15,Premium,699,4.2,8,3,16,50,Yes,0.9835,6,4124.8,4124.8,69.2,Critical Risk,Critical Risk,0.05,206.24,Payment retry & Concierge billing call,65.0,141.24,3.2,True
1090,2024-03-29,Standard,399,22.5,8,5,27,23,No,0.8833,8,2819.49,2819.49,372.51,Critical Risk,Critical Risk,0.05,140.97,Payment retry & Concierge billing call,65.0,75.97,2.2,True
1091,2024-02-16,Basic,199,18.1,8,0,1,5,No,0.2803,4,223.12,223.12,572.88,Low Risk,Low Risk,0.58,129.41,No action,0.0,129.41,129.4,False
1092,2024-08-11,Basic,199,2.0,0,5,28,59,Yes,0.9394,8,1495.52,1495.52,96.48,Critical Risk,Critical Risk,0.05,74.78,Payment retry & Concierge billing call,65.0,9.78,1.2,True
1093,2024-07-20,Basic,199,24.3,6,3,34,56,Yes,0.7577,8,1206.26,1206.26,385.74,High Risk,High Risk,0.18,217.13,Payment retry & Concierge billing call,65.0,152.13,3.3,True
1094,2023-05-31,Standard,399,22.8,0,2,21,57,Yes,0.4013,8,1280.95,1280.95,1911.05,Medium Risk,Medium Risk,0.63,807.0,Payment retry & Concierge billing call,65.0,742.0,12.4,True
1095,2024-10-29,Premium,699,11.4,3,4,26,39,No,0.6709,8,3751.67,3751.67,1840.33,High Risk,High Risk,0.19,712.82,Payment retry & Concierge billing call,65.0,647.82,11.0,True
1096,2023-02-07,Standard,399,22.2,6,1,23,56,Yes,0.5786,8,1846.89,1846.89,1345.11,Medium Risk,Medium Risk,0.48,886.51,Payment reminder & Priority billing assistance,35.0,851.51,25.3,True
1097,2023-04-06,Premium,699,10.1,2,4,22,34,Yes,0.6527,8,3649.9,3649.9,1942.1,High Risk,High Risk,0.22,802.98,Payment retry & Concierge billing call,65.0,737.98,12.4,True
1098,2024-07-06,Premium,699,8.2,5,5,36,10,Yes,0.5655,8,3162.28,3162.28,2429.72,Medium Risk,Medium Risk,0.18,569.21,Payment retry & Concierge billing call,65.0,504.21,8.8,True
1099,2023-04-24,Premium,699,6.4,4,5,17,27,No,0.6562,6,2752.1,2752.1,1441.9,High Risk,High Risk,0.08,220.17,Payment retry & Concierge billing call,65.0,155.17,3.4,True
1100,2023-02-18,Premium,699,21.1,4,5,4,32,Yes,0.7819,4,2186.19,2186.19,609.81,High Risk,High Risk,0.05,109.31,Payment retry & Concierge billing call,65.0,44.31,1.7,True
1101,2024-08-18,Premium,699,11.5,0,3,8,21,No,0.4783,6,2005.99,2005.99,2188.01,Medium Risk,Medium Risk,0.41,822.46,Payment retry & Concierge billing call,65.0,757.46,12.7,True
1102,2024-08-09,Premium,699,21.2,3,2,35,19,Yes,0.4027,8,2251.9,2251.9,3340.1,Medium Risk,Medium Risk,0.57,1283.58,Payment retry & Concierge billing call,65.0,1218.58,19.7,True
1103,2024-06-12,Premium,699,18.0,8,5,9,15,Yes,0.6854,6,2874.57,2874.57,1319.43,High Risk,High Risk,0.05,143.73,Payment retry & Concierge billing call,65.0,78.73,2.2,True
1104,2024-03-11,Premium,699,20.7,5,3,13,6,Yes,0.6397,6,2682.9,2682.9,1511.1,High Risk,High Risk,0.51,1368.28,Payment retry & Concierge billing call,65.0,1303.28,21.1,True
1105,2023-03-21,Standard,399,2.8,6,1,6,30,Yes,0.9155,6,2191.71,2191.71,202.29,Critical Risk,Critical Risk,0.17,372.59,Payment reminder & Priority billing assistance,35.0,337.59,10.6,True
1106,2023-09-28,Standard,399,10.4,8,4,34,49,Yes,0.8376,8,2673.62,2673.62,518.38,Critical Risk,Critical Risk,0.05,133.68,Payment retry & Concierge billing call,65.0,68.68,2.1,True
1107,2024-03-02,Premium,699,16.1,7,5,32,59,No,0.693,8,3875.26,3875.26,1716.74,High Risk,High Risk,0.05,193.76,Payment retry & Concierge billing call,65.0,128.76,3.0,True
1108,2024-12-22,Basic,199,12.9,7,5,10,29,Yes,0.7959,6,950.3,950.3,243.7,High Risk,High Risk,0.05,47.52,Payment retry & Concierge billing call,65.0,-17.48,0.7,False
1109,2023-06-10,Premium,699,3.4,3,3,34,30,Yes,0.8887,8,4969.61,4969.61,622.39,Critical Risk,Critical Risk,0.17,844.83,Payment retry & Concierge billing call,65.0,779.83,13.0,True
1110,2023-05-04,Premium,699,23.1,1,4,24,54,Yes,0.6351,8,3551.48,3551.48,2040.52,High Risk,High Risk,0.39,1385.08,Payment retry & Concierge billing call,65.0,1320.08,21.3,True
1111,2024-01-19,Standard,399,1.5,2,0,19,23,Yes,0.6678,8,2131.62,2131.62,1060.38,High Risk,High Risk,0.62,1321.6,Engagement campaign,10.0,1311.6,132.2,True
1112,2023-02-19,Standard,399,12.4,2,1,19,50,No,0.2764,8,882.27,882.27,2309.73,Low Risk,Low Risk,0.54,476.43,No action,0.0,476.43,476.4,False
1113,2023-03-11,Standard,399,5.8,7,0,19,7,No,0.1877,8,599.14,599.14,2592.86,Low Risk,Low Risk,0.58,347.5,No action,0.0,347.5,347.5,False
1114,2024-01-22,Basic,199,12.3,4,4,27,28,No,0.7624,8,1213.74,1213.74,378.26,High Risk,High Risk,0.12,145.65,Payment retry & Concierge billing call,65.0,80.65,2.2,True
1115,2024-11-14,Standard,399,19.2,8,5,9,29,No,0.8294,6,1985.58,1985.58,408.42,Critical Risk,Critical Risk,0.05,99.28,Payment retry & Concierge billing call,65.0,34.28,1.5,True
1116,2024-09-30,Standard,399,21.7,5,0,10,51,No,0.3671,6,878.84,878.84,1515.16,Medium Risk,Medium Risk,0.54,474.57,Customer support follow-up,120.0,354.57,4.0,True
1117,2024-11-17,Standard,399,6.2,6,2,25,34,Yes,0.8348,8,2664.68,2664.68,527.32,Critical Risk,Critical Risk,0.1,266.47,Payment retry & Concierge billing call,65.0,201.47,4.1,True
1118,2024-12-25,Standard,399,16.3,2,5,18,1,No,0.3982,6,953.29,953.29,1440.71,Medium Risk,Medium Risk,0.38,362.25,Payment retry & Concierge billing call,65.0,297.25,5.6,True
1119,2024-07-08,Standard,399,16.3,8,0,36,12,No,0.1266,8,404.11,404.11,2787.89,Low Risk,Low Risk,0.64,258.63,No action,0.0,258.63,258.6,False
1120,2023-01-20,Premium,699,24.0,8,1,4,48,Yes,0.7646,4,2137.82,2137.82,658.18,High Risk,High Risk,0.22,470.32,Payment reminder & Priority billing assistance,35.0,435.32,13.4,True
1121,2024-12-23,Basic,199,4.9,0,2,35,50,Yes,0.8864,8,1411.15,1411.15,180.85,Critical Risk,Critical Risk,0.33,465.68,Payment retry & Concierge billing call,65.0,400.68,7.2,True
1122,2023-02-16,Premium,699,2.6,8,4,29,20,Yes,0.9686,8,5416.41,5416.41,175.59,Critical Risk,Critical Risk,0.05,270.82,Payment retry & Concierge billing call,65.0,205.82,4.2,True
1123,2023-11-21,Standard,399,8.8,2,3,2,1,No,0.2749,4,438.74,438.74,1157.26,Low Risk,Low Risk,0.43,188.66,No action,0.0,188.66,188.7,False
1124,2023-07-07,Standard,399,2.7,1,4,17,10,Yes,0.8096,6,1938.18,1938.18,455.82,Critical Risk,Critical Risk,0.27,523.31,Payment retry & Concierge billing call,65.0,458.31,8.1,True
1125,2023-11-30,Standard,399,4.3,6,5,6,10,Yes,0.9294,6,2224.98,2224.98,169.02,Critical Risk,Critical Risk,0.05,111.25,Payment retry & Concierge billing call,65.0,46.25,1.7,True
1126,2024-02-27,Basic,199,18.0,4,3,2,6,Yes,0.4328,4,344.51,344.51,451.49,Medium Risk,Medium Risk,0.44,151.58,Payment retry & Concierge billing call,65.0,86.58,2.3,True
1127,2024-09-03,Standard,399,9.7,1,0,17,12,No,0.14,6,335.16,335.16,2058.84,Low Risk,Low Risk,0.86,288.24,No action,0.0,288.24,288.2,False
1128,2023-03-04,Premium,699,12.6,8,3,16,60,Yes,0.8482,6,3557.35,3557.35,636.65,Critical Risk,Critical Risk,0.05,177.87,Payment retry & Concierge billing call,65.0,112.87,2.7,True
1129,2023-08-28,Standard,399,14.1,1,3,30,1,No,0.3546,8,1131.88,1131.88,2060.12,Medium Risk,Medium Risk,0.6,679.13,Payment retry & Concierge billing call,65.0,614.13,10.4,True
1130,2023-05-09,Basic,199,14.1,1,1,18,48,No,0.3721,6,444.29,444.29,749.71,Medium Risk,Medium Risk,0.6,266.57,Payment reminder,15.0,251.57,17.8,True
1131,2024-01-18,Standard,399,11.4,8,1,27,50,No,0.4929,8,1573.34,1573.34,1618.66,Medium Risk,Medium Risk,0.29,456.27,Payment reminder & Priority billing assistance,35.0,421.27,13.0,True
1132,2023-02-12,Premium,699,19.7,8,3,11,58,Yes,0.8283,6,3473.89,3473.89,720.11,Critical Risk,Critical Risk,0.05,173.69,Payment retry & Concierge billing call,65.0,108.69,2.7,True
1133,2024-05-08,Basic,199,24.0,4,5,30,10,Yes,0.6578,8,1047.22,1047.22,544.78,High Risk,High Risk,0.38,397.94,Payment retry & Concierge billing call,65.0,332.94,6.1,True
1134,2024-08-22,Standard,399,21.1,6,2,17,53,Yes,0.7397,6,1770.84,1770.84,623.16,High Risk,High Risk,0.37,655.21,Payment retry & Concierge billing call,65.0,590.21,10.1,True
1135,2024-02-09,Premium,699,1.6,8,4,19,4,Yes,0.8975,8,5018.82,5018.82,573.18,Critical Risk,Critical Risk,0.05,250.94,Payment retry & Concierge billing call,65.0,185.94,3.9,True
1136,2024-09-17,Premium,699,20.8,8,2,8,56,Yes,0.7718,6,3236.93,3236.93,957.07,High Risk,High Risk,0.09,291.32,Payment retry & Concierge billing call,65.0,226.32,4.5,True
1137,2024-12-25,Premium,699,22.2,5,5,21,16,No,0.5618,8,3141.59,3141.59,2450.41,Medium Risk,Medium Risk,0.2,628.32,Payment retry & Concierge billing call,65.0,563.32,9.7,True
1138,2024-09-05,Standard,399,6.5,5,2,18,13,Yes,0.4933,6,1180.96,1180.96,1213.04,Medium Risk,Medium Risk,0.46,543.24,Payment retry & Concierge billing call,65.0,478.24,8.4,True
1139,2024-05-02,Standard,399,22.9,2,5,2,59,Yes,0.7764,4,1239.13,1239.13,356.87,High Risk,High Risk,0.05,61.96,Payment retry & Concierge billing call,65.0,-3.04,1.0,False
1140,2024-05-15,Basic,199,17.0,6,4,1,57,Yes,0.763,4,607.35,607.35,188.65,High Risk,High Risk,0.05,30.37,Payment retry & Concierge billing call,65.0,-34.63,0.5,False
1141,2024-11-18,Standard,399,2.5,1,4,35,1,No,0.3382,8,1079.53,1079.53,2112.47,Low Risk,Low Risk,0.38,410.22,No action,0.0,410.22,410.2,False
1142,2024-12-14,Standard,399,9.1,6,4,8,22,Yes,0.7405,6,1772.76,1772.76,621.24,High Risk,High Risk,0.05,88.64,Payment retry & Concierge billing call,65.0,23.64,1.4,True
1143,2023-01-21,Basic,199,11.8,3,3,8,0,Yes,0.5227,6,624.1,624.1,569.9,Medium Risk,Medium Risk,0.42,262.12,Payment retry & Concierge billing call,65.0,197.12,4.0,True
1144,2024-05-20,Standard,399,5.2,4,5,23,14,Yes,0.4238,8,1352.77,1352.77,1839.23,Medium Risk,Medium Risk,0.19,257.03,Payment retry & Concierge billing call,65.0,192.03,4.0,True
1145,2024-10-15,Standard,399,7.4,3,0,3,12,No,0.1278,4,203.97,203.97,1392.03,Low Risk,Low Risk,0.67,136.66,No action,0.0,136.66,136.7,False
1146,2024-11-06,Standard,399,21.8,8,3,8,10,No,0.6219,6,1488.83,1488.83,905.17,High Risk,High Risk,0.32,476.43,Payment retry & Concierge billing call,65.0,411.43,7.3,True
1147,2024-08-06,Premium,699,2.1,2,5,12,4,Yes,0.7504,6,3147.18,3147.18,1046.82,High Risk,High Risk,0.05,157.36,Payment retry & Concierge billing call,65.0,92.36,2.4,True
1148,2024-12-10,Basic,199,18.4,4,1,34,54,No,0.2375,8,378.1,378.1,1213.9,Low Risk,Low Risk,0.52,196.61,No action,0.0,196.61,196.6,False
1149,2024-10-18,Premium,699,15.6,8,3,35,0,No,0.4376,8,2447.06,2447.06,3144.94,Medium Risk,Medium Risk,0.34,832.0,Payment retry & Concierge billing call,65.0,767.0,12.8,True
1150,2023-10-08,Premium,699,21.4,5,3,4,54,No,0.5413,4,1513.47,1513.47,1282.53,Medium Risk,Medium Risk,0.23,348.1,Payment retry & Concierge billing call,65.0,283.1,5.4,True
1151,2023-08-18,Basic,199,11.9,5,4,34,48,Yes,0.8327,8,1325.66,1325.66,266.34,Critical Risk,Critical Risk,0.05,66.28,Payment retry & Concierge billing call,65.0,1.28,1.0,True
1152,2023-07-19,Basic,199,23.0,8,3,18,20,Yes,0.7732,6,923.2,923.2,270.8,High Risk,High Risk,0.17,156.94,Payment retry & Concierge billing call,65.0,91.94,2.4,True
1153,2024-03-09,Standard,399,22.1,0,5,6,14,No,0.4553,6,1089.99,1089.99,1304.01,Medium Risk,Medium Risk,0.44,479.6,Payment retry & Concierge billing call,65.0,414.6,7.4,True
1154,2023-04-10,Basic,199,5.3,5,2,16,4,No,0.4628,6,552.58,552.58,641.42,Medium Risk,Medium Risk,0.45,248.66,Payment retry & Concierge billing call,65.0,183.66,3.8,True
1155,2023-12-09,Basic,199,11.1,0,4,31,51,No,0.3559,8,566.59,566.59,1025.41,Medium Risk,Medium Risk,0.31,175.64,Payment retry & Concierge billing call,65.0,110.64,2.7,True
1156,2023-12-08,Standard,399,3.1,3,2,16,53,Yes,0.9102,6,2179.02,2179.02,214.98,Critical Risk,Critical Risk,0.19,414.01,Payment retry & Concierge billing call,65.0,349.01,6.4,True
1157,2023-05-08,Premium,699,23.6,7,0,16,40,Yes,0.6494,6,2723.58,2723.58,1470.42,High Risk,High Risk,0.56,1525.2,Customer support follow-up,120.0,1405.2,12.7,True
1158,2023-03-08,Basic,199,23.0,6,2,4,56,No,0.4558,4,362.82,362.82,433.18,Medium Risk,Medium Risk,0.31,112.47,Payment retry & Concierge billing call,65.0,47.47,1.7,True
1159,2024-03-18,Basic,199,23.0,7,0,4,19,No,0.2291,4,182.36,182.36,613.64,Low Risk,Low Risk,0.55,100.3,No action,0.0,100.3,100.3,False
1160,2024-02-16,Basic,199,17.1,8,0,7,18,No,0.2039,6,243.46,243.46,950.54,Low Risk,Low Risk,0.45,109.56,No action,0.0,109.56,109.6,False
1161,2024-03-14,Basic,199,6.2,0,3,27,24,Yes,0.6017,8,957.91,957.91,634.09,High Risk,High Risk,0.44,421.48,Payment retry & Concierge billing call,65.0,356.48,6.5,True
1162,2023-07-17,Premium,699,8.8,0,3,7,33,Yes,0.6072,6,2546.6,2546.6,1647.4,High Risk,High Risk,0.31,789.45,Payment retry & Concierge billing call,65.0,724.45,12.1,True
1163,2024-08-09,Basic,199,0.8,1,4,7,50,Yes,0.8831,6,1054.42,1054.42,139.58,Critical Risk,Critical Risk,0.05,52.72,Payment retry & Concierge billing call,65.0,-12.28,0.8,False
1164,2023-07-10,Basic,199,6.8,6,3,33,46,Yes,0.8437,8,1343.17,1343.17,248.83,Critical Risk,Critical Risk,0.05,67.16,Payment retry & Concierge billing call,65.0,2.16,1.0,True
1165,2024-06-09,Basic,199,20.0,0,1,9,19,No,0.1684,6,201.07,201.07,992.93,Low Risk,Low Risk,0.7,140.75,No action,0.0,140.75,140.8,False
1166,2024-09-09,Premium,699,8.1,8,1,23,9,No,0.2005,8,1121.2,1121.2,4470.8,Low Risk,Low Risk,0.46,515.75,No action,0.0,515.75,515.8,False
1167,2023-05-29,Standard,399,9.5,0,4,19,37,No,0.5309,8,1694.63,1694.63,1497.37,Medium Risk,Medium Risk,0.29,491.44,Payment retry & Concierge billing call,65.0,426.44,7.6,True
1168,2023-07-25,Basic,199,12.9,8,0,16,27,Yes,0.6001,6,716.52,716.52,477.48,High Risk,High Risk,0.49,351.09,Customer support follow-up,120.0,231.09,2.9,True
1169,2024-12-09,Premium,699,19.7,5,1,13,42,Yes,0.6578,6,2758.81,2758.81,1435.19,High Risk,High Risk,0.5,1379.4,Payment reminder & Priority billing assistance,35.0,1344.4,39.4,True
1170,2023-06-16,Standard,399,21.4,5,4,22,19,Yes,0.6339,8,2023.41,2023.41,1168.59,High Risk,High Risk,0.29,586.79,Payment retry & Concierge billing call,65.0,521.79,9.0,True
1171,2024-10-16,Basic,199,22.0,0,3,30,14,No,0.3725,8,593.02,593.02,998.98,Medium Risk,Medium Risk,0.72,426.97,Payment retry & Concierge billing call,65.0,361.97,6.6,True
1172,2023-12-06,Basic,199,11.9,3,1,15,30,No,0.2559,6,305.54,305.54,888.46,Low Risk,Low Risk,0.58,177.21,No action,0.0,177.21,177.2,False
1173,2024-01-02,Premium,699,5.5,2,0,25,23,Yes,0.3829,8,2141.18,2141.18,3450.82,Medium Risk,Medium Risk,0.66,1413.18,Engagement campaign,10.0,1403.18,141.3,True
1174,2024-01-04,Basic,199,3.3,4,3,36,12,Yes,0.7109,8,1131.75,1131.75,460.25,High Risk,High Risk,0.37,418.75,Payment retry & Concierge billing call,65.0,353.75,6.4,True
1175,2023-06-28,Basic,199,5.4,4,1,2,14,No,0.3545,4,282.18,282.18,513.82,Medium Risk,Medium Risk,0.51,143.91,Payment reminder,15.0,128.91,9.6,True
1176,2023-04-14,Standard,399,6.5,3,0,36,11,No,0.1482,8,473.05,473.05,2718.95,Low Risk,Low Risk,0.74,350.06,No action,0.0,350.06,350.1,False
1177,2024-04-12,Basic,199,9.8,1,2,9,59,Yes,0.7318,6,873.77,873.77,320.23,High Risk,High Risk,0.38,332.03,Payment retry & Concierge billing call,65.0,267.03,5.1,True
1178,2024-03-20,Basic,199,20.3,2,4,24,51,No,0.5553,8,884.04,884.04,707.96,Medium Risk,Medium Risk,0.32,282.89,Payment retry & Concierge billing call,65.0,217.89,4.4,True
1179,2024-12-12,Premium,699,3.4,2,1,5,12,No,0.5809,6,2436.29,2436.29,1757.71,Medium Risk,Medium Risk,0.57,1388.69,Payment reminder & Priority billing assistance,35.0,1353.69,39.7,True
1180,2023-07-13,Standard,399,15.2,3,0,21,48,No,0.3561,8,1136.67,1136.67,2055.33,Medium Risk,Medium Risk,0.63,716.1,Customer support follow-up,120.0,596.1,6.0,True
1181,2023-10-14,Premium,699,19.8,5,1,19,3,No,0.2212,8,1236.95,1236.95,4355.05,Low Risk,Low Risk,0.7,865.86,No action,0.0,865.86,865.9,False
1182,2024-04-26,Basic,199,24.2,7,1,33,46,Yes,0.6997,8,1113.92,1113.92,478.08,High Risk,High Risk,0.46,512.4,Payment reminder,15.0,497.4,34.2,True
1183,2024-05-25,Premium,699,4.6,6,5,5,48,Yes,0.9821,6,4118.93,4118.93,75.07,Critical Risk,Critical Risk,0.05,205.95,Payment retry & Concierge billing call,65.0,140.95,3.2,True
1184,2024-05-21,Premium,699,4.9,5,4,30,44,Yes,0.9466,8,5293.39,5293.39,298.61,Critical Risk,Critical Risk,0.05,264.67,Payment retry & Concierge billing call,65.0,199.67,4.1,True
1185,2024-04-07,Standard,399,14.7,0,1,18,14,No,0.2089,6,500.11,500.11,1893.89,Low Risk,Low Risk,0.85,425.09,No action,0.0,425.09,425.1,False
1186,2024-01-19,Basic,199,5.9,6,3,26,36,Yes,0.8509,8,1354.63,1354.63,237.37,Critical Risk,Critical Risk,0.05,67.73,Payment retry & Concierge billing call,65.0,2.73,1.0,True
1187,2023-08-24,Standard,399,2.6,1,2,36,28,Yes,0.8978,8,2865.78,2865.78,326.22,Critical Risk,Critical Risk,0.35,1003.02,Payment retry & Concierge billing call,65.0,938.02,15.4,True
1188,2024-02-23,Premium,699,11.9,5,3,3,28,Yes,0.7459,4,2085.54,2085.54,710.46,High Risk,High Risk,0.22,458.82,Payment retry & Concierge billing call,65.0,393.82,7.1,True
1189,2023-09-29,Standard,399,8.3,6,0,32,11,No,0.2037,8,650.21,650.21,2541.79,Low Risk,Low Risk,0.64,416.13,No action,0.0,416.13,416.1,False
1190,2024-07-13,Premium,699,9.3,1,2,5,53,Yes,0.649,6,2721.91,2721.91,1472.09,High Risk,High Risk,0.37,1007.11,Payment retry & Concierge billing call,65.0,942.11,15.5,True
1191,2023-02-09,Premium,699,19.8,3,0,6,7,Yes,0.2384,6,999.85,999.85,3194.15,Low Risk,Low Risk,0.8,799.88,No action,0.0,799.88,799.9,False
1192,2024-11-30,Premium,699,8.7,5,2,13,19,No,0.4182,6,1753.93,1753.93,2440.07,Medium Risk,Medium Risk,0.37,648.95,Payment retry & Concierge billing call,65.0,583.95,10.0,True
1193,2023-09-25,Standard,399,17.8,2,5,13,47,Yes,0.6361,6,1522.82,1522.82,871.18,High Risk,High Risk,0.2,304.56,Payment retry & Concierge billing call,65.0,239.56,4.7,True
1194,2024-08-16,Basic,199,7.4,5,3,20,60,Yes,0.8053,8,1282.04,1282.04,309.96,Critical Risk,Critical Risk,0.05,64.1,Payment retry & Concierge billing call,65.0,-0.9,1.0,False
1195,2023-08-21,Premium,699,12.1,8,1,1,55,Yes,0.8584,4,2400.09,2400.09,395.91,Critical Risk,Critical Risk,0.1,240.01,Payment reminder & Priority billing assistance,35.0,205.01,6.9,True
1196,2024-04-24,Premium,699,12.1,8,4,14,50,Yes,0.8202,6,3439.92,3439.92,754.08,Critical Risk,Critical Risk,0.05,172.0,Payment retry & Concierge billing call,65.0,107.0,2.6,True
1197,2024-12-15,Premium,699,8.8,1,2,30,54,Yes,0.6553,8,3664.44,3664.44,1927.56,High Risk,High Risk,0.45,1649.0,Payment retry & Concierge billing call,65.0,1584.0,25.4,True
1198,2023-05-12,Standard,399,11.2,8,0,14,23,Yes,0.5749,6,1376.31,1376.31,1017.69,Medium Risk,Medium Risk,0.47,646.87,Customer support follow-up,120.0,526.87,5.4,True
1199,2024-12-03,Standard,399,12.7,5,2,1,14,Yes,0.7088,4,1131.24,1131.24,464.76,High Risk,High Risk,0.45,509.06,Payment retry & Concierge billing call,65.0,444.06,7.8,True
1200,2023-05-23,Standard,399,7.8,0,4,35,50,Yes,0.5861,8,1870.83,1870.83,1321.17,Medium Risk,Medium Risk,0.28,523.83,Payment retry & Concierge billing call,65.0,458.83,8.1,True
1201,2023-03-07,Basic,199,14.4,6,3,22,13,No,0.5586,8,889.29,889.29,702.71,Medium Risk,Medium Risk,0.4,355.72,Payment retry & Concierge billing call,65.0,290.72,5.5,True
1202,2024-10-16,Premium,699,5.1,1,2,25,36,No,0.4477,8,2503.54,2503.54,3088.46,Medium Risk,Medium Risk,0.41,1026.45,Payment retry & Concierge billing call,65.0,961.45,15.8,True
1203,2024-09-09,Standard,399,4.7,8,1,6,2,No,0.2933,6,702.16,702.16,1691.84,Low Risk,Low Risk,0.35,245.76,No action,0.0,245.76,245.8,False
1204,2023-10-26,Standard,399,5.1,1,3,2,18,Yes,0.407,4,649.57,649.57,946.43,Medium Risk,Medium Risk,0.31,201.37,Payment retry & Concierge billing call,65.0,136.37,3.1,True
1205,2023-12-01,Premium,699,2.2,0,2,34,33,Yes,0.9475,8,5298.42,5298.42,293.58,Critical Risk,Critical Risk,0.3,1589.53,Payment retry & Concierge billing call,65.0,1524.53,24.5,True
1206,2023-03-12,Standard,399,4.3,1,1,26,34,Yes,0.7753,8,2474.76,2474.76,717.24,High Risk,High Risk,0.38,940.41,Payment reminder & Priority billing assistance,35.0,905.41,26.9,True
1207,2024-11-11,Standard,399,3.7,3,2,14,27,Yes,0.881,6,2109.11,2109.11,284.89,Critical Risk,Critical Risk,0.28,590.55,Payment retry & Concierge billing call,65.0,525.55,9.1,True
1208,2024-12-02,Standard,399,15.3,4,4,11,12,No,0.5205,6,1246.08,1246.08,1147.92,Medium Risk,Medium Risk,0.31,386.28,Payment retry & Concierge billing call,65.0,321.28,5.9,True
1209,2024-09-11,Standard,399,5.4,2,3,18,4,No,0.3027,6,724.66,724.66,1669.34,Low Risk,Low Risk,0.47,340.59,No action,0.0,340.59,340.6,False
1210,2023-04-04,Basic,199,8.6,7,3,34,29,Yes,0.7934,8,1263.09,1263.09,328.91,High Risk,High Risk,0.07,88.42,Payment retry & Concierge billing call,65.0,23.42,1.4,True
1211,2023-06-29,Standard,399,9.0,4,3,30,39,No,0.7753,8,2474.76,2474.76,717.24,High Risk,High Risk,0.11,272.22,Payment retry & Concierge billing call,65.0,207.22,4.2,True
1212,2023-07-07,Standard,399,4.9,6,3,16,24,Yes,0.9056,6,2168.01,2168.01,225.99,Critical Risk,Critical Risk,0.07,151.76,Payment retry & Concierge billing call,65.0,86.76,2.3,True
1213,2023-10-08,Premium,699,10.1,0,1,7,56,No,0.4466,6,1873.04,1873.04,2320.96,Medium Risk,Medium Risk,0.52,973.98,Payment reminder & Priority billing assistance,35.0,938.98,27.8,True
1214,2023-08-11,Premium,699,7.7,1,5,35,46,No,0.6949,8,3885.88,3885.88,1706.12,High Risk,High Risk,0.14,544.02,Payment retry & Concierge billing call,65.0,479.02,8.4,True
1215,2023-04-18,Standard,399,24.8,8,0,27,23,Yes,0.8377,8,2673.94,2673.94,518.06,Critical Risk,Critical Risk,0.49,1310.23,Customer support follow-up,120.0,1190.23,10.9,True
1216,2024-04-18,Premium,699,10.5,2,2,21,13,No,0.3426,8,1915.82,1915.82,3676.18,Low Risk,Low Risk,0.62,1187.81,No action,0.0,1187.81,1187.8,False
1217,2023-07-19,Basic,199,16.2,7,3,5,21,Yes,0.6166,6,736.22,736.22,457.78,High Risk,High Risk,0.18,132.52,Payment retry & Concierge billing call,65.0,67.52,2.0,True
1218,2024-11-17,Standard,399,0.8,1,5,3,58,Yes,0.9627,4,1536.47,1536.47,59.53,Critical Risk,Critical Risk,0.05,76.82,Payment retry & Concierge billing call,65.0,11.82,1.2,True
1219,2024-12-31,Premium,699,12.4,1,0,30,35,No,0.3627,8,2028.22,2028.22,3563.78,Medium Risk,Medium Risk,0.68,1379.19,Engagement campaign,10.0,1369.19,137.9,True
1220,2024-09-13,Standard,399,12.0,4,1,9,10,No,0.1618,6,387.35,387.35,2006.65,Low Risk,Low Risk,0.58,224.66,No action,0.0,224.66,224.7,False
1221,2024-11-18,Basic,199,7.7,8,5,12,25,Yes,0.8118,6,969.29,969.29,224.71,Critical Risk,Critical Risk,0.05,48.46,Payment retry & Concierge billing call,65.0,-16.54,0.7,False
1222,2024-11-22,Basic,199,4.3,5,1,18,13,No,0.3255,6,388.65,388.65,805.35,Low Risk,Low Risk,0.54,209.87,No action,0.0,209.87,209.9,False
1223,2024-11-09,Premium,699,11.3,0,5,14,51,Yes,0.6003,6,2517.66,2517.66,1676.34,High Risk,High Risk,0.21,528.71,Payment retry & Concierge billing call,65.0,463.71,8.1,True
1224,2023-02-19,Premium,699,10.1,4,3,7,3,No,0.4314,6,1809.29,1809.29,2384.71,Medium Risk,Medium Risk,0.36,651.34,Payment retry & Concierge billing call,65.0,586.34,10.0,True
1225,2024-03-07,Standard,399,23.3,5,1,13,12,Yes,0.417,6,998.3,998.3,1395.7,Medium Risk,Medium Risk,0.73,728.76,Payment reminder & Priority billing assistance,35.0,693.76,20.8,True
1226,2023-04-09,Basic,199,8.8,3,5,1,42,Yes,0.715,4,569.14,569.14,226.86,High Risk,High Risk,0.05,28.46,Payment retry & Concierge billing call,65.0,-36.54,0.4,False
1227,2023-12-01,Premium,699,18.2,0,3,11,32,Yes,0.5038,6,2112.94,2112.94,2081.06,Medium Risk,Medium Risk,0.4,845.18,Payment retry & Concierge billing call,65.0,780.18,13.0,True
1228,2023-05-04,Standard,399,15.9,3,4,36,25,No,0.6283,8,2005.53,2005.53,1186.47,High Risk,High Risk,0.32,641.77,Payment retry & Concierge billing call,65.0,576.77,9.9,True
1229,2023-11-20,Basic,199,3.1,5,1,14,0,Yes,0.3396,6,405.48,405.48,788.52,Low Risk,Low Risk,0.53,214.9,No action,0.0,214.9,214.9,False
1230,2024-10-27,Basic,199,5.7,3,0,25,42,No,0.2823,8,449.42,449.42,1142.58,Low Risk,Low Risk,0.54,242.69,No action,0.0,242.69,242.7,False
1231,2024-05-26,Premium,699,1.6,3,3,24,19,No,0.6438,8,3600.13,3600.13,1991.87,High Risk,High Risk,0.28,1008.04,Payment retry & Concierge billing call,65.0,943.04,15.5,True
1232,2024-10-08,Basic,199,19.9,2,2,35,6,No,0.471,8,749.83,749.83,842.17,Medium Risk,Medium Risk,0.72,539.88,Payment retry & Concierge billing call,65.0,474.88,8.3,True
1233,2024-12-05,Premium,699,17.1,2,2,25,11,No,0.3244,8,1814.04,1814.04,3777.96,Low Risk,Low Risk,0.69,1251.69,No action,0.0,1251.69,1251.7,False
1234,2024-01-27,Standard,399,2.2,0,4,31,58,Yes,0.932,8,2974.94,2974.94,217.06,Critical Risk,Critical Risk,0.1,297.49,Payment retry & Concierge billing call,65.0,232.49,4.6,True
1235,2023-05-08,Premium,699,12.8,0,1,15,1,No,0.1624,6,681.11,681.11,3512.89,Low Risk,Low Risk,0.83,565.32,No action,0.0,565.32,565.3,False
1236,2024-01-19,Standard,399,18.6,3,4,16,5,Yes,0.6015,6,1439.99,1439.99,954.01,High Risk,High Risk,0.47,676.8,Payment retry & Concierge billing call,65.0,611.8,10.4,True
1237,2024-09-04,Standard,399,5.4,6,1,19,41,Yes,0.5012,8,1599.83,1599.83,1592.17,Medium Risk,Medium Risk,0.31,495.95,Payment reminder & Priority billing assistance,35.0,460.95,14.2,True
1238,2024-06-17,Standard,399,3.8,5,5,22,50,Yes,0.9379,8,2993.78,2993.78,198.22,Critical Risk,Critical Risk,0.05,149.69,Payment retry & Concierge billing call,65.0,84.69,2.3,True
1239,2023-07-30,Standard,399,18.9,3,5,19,21,Yes,0.7212,8,2302.07,2302.07,889.93,High Risk,High Risk,0.25,575.52,Payment retry & Concierge billing call,65.0,510.52,8.9,True
1240,2024-09-14,Premium,699,22.7,3,5,4,44,No,0.7054,4,1972.3,1972.3,823.7,High Risk,High Risk,0.13,256.4,Payment retry & Concierge billing call,65.0,191.4,3.9,True
1241,2024-05-18,Standard,399,8.4,7,5,34,0,Yes,0.6494,8,2072.88,2072.88,1119.12,High Risk,High Risk,0.1,207.29,Payment retry & Concierge billing call,65.0,142.29,3.2,True
1242,2024-08-29,Basic,199,1.8,2,1,13,8,Yes,0.4497,6,536.94,536.94,657.06,Medium Risk,Medium Risk,0.64,343.64,Payment reminder,15.0,328.64,22.9,True
1243,2023-06-18,Premium,699,6.3,1,3,14,46,Yes,0.5993,6,2513.46,2513.46,1680.54,Medium Risk,Medium Risk,0.32,804.31,Payment retry & Concierge billing call,65.0,739.31,12.4,True
1244,2024-08-13,Premium,699,6.5,2,4,13,15,Yes,0.4897,6,2053.8,2053.8,2140.2,Medium Risk,Medium Risk,0.26,533.99,Payment retry & Concierge billing call,65.0,468.99,8.2,True
1245,2024-02-12,Standard,399,7.2,7,0,13,60,No,0.4098,6,981.06,981.06,1412.94,Medium Risk,Medium Risk,0.39,382.61,Customer support follow-up,120.0,262.61,3.2,True
1246,2023-06-09,Standard,399,12.0,6,4,11,39,Yes,0.7752,6,1855.83,1855.83,538.17,High Risk,High Risk,0.05,92.79,Payment retry & Concierge billing call,65.0,27.79,1.4,True
1247,2023-11-04,Standard,399,19.2,6,0,2,48,No,0.4778,4,762.57,762.57,833.43,Medium Risk,Medium Risk,0.47,358.41,Customer support follow-up,120.0,238.41,3.0,True
1248,2024-04-09,Premium,699,4.2,2,2,35,24,Yes,0.9371,8,5240.26,5240.26,351.74,Critical Risk,Critical Risk,0.32,1676.88,Payment retry & Concierge billing call,65.0,1611.88,25.8,True
1249,2024-04-25,Standard,399,14.3,7,0,25,21,Yes,0.4425,8,1412.46,1412.46,1779.54,Medium Risk,Medium Risk,0.54,762.73,Customer support follow-up,120.0,642.73,6.4,True
1250,2024-01-19,Basic,199,22.9,0,0,10,55,No,0.3388,6,404.53,404.53,789.47,Low Risk,Low Risk,0.75,303.4,No action,0.0,303.4,303.4,False
1251,2023-11-12,Standard,399,23.2,6,5,26,23,Yes,0.8804,8,2810.24,2810.24,381.76,Critical Risk,Critical Risk,0.05,140.51,Payment retry & Concierge billing call,65.0,75.51,2.2,True
1252,2023-06-16,Premium,699,10.5,0,0,5,24,No,0.2643,6,1108.47,1108.47,3085.53,Low Risk,Low Risk,0.7,775.93,No action,0.0,775.93,775.9,False
1253,2024-12-06,Basic,199,23.9,5,4,28,45,Yes,0.8399,8,1337.12,1337.12,254.88,Critical Risk,Critical Risk,0.12,160.45,Payment retry & Concierge billing call,65.0,95.45,2.5,True
1254,2023-02-05,Standard,399,16.4,6,5,4,15,Yes,0.6086,4,971.33,971.33,624.67,High Risk,High Risk,0.05,48.57,Payment retry & Concierge billing call,65.0,-16.43,0.7,False
1255,2024-11-28,Standard,399,17.6,2,2,2,38,Yes,0.8217,4,1311.43,1311.43,284.57,Critical Risk,Critical Risk,0.3,393.43,Payment retry & Concierge billing call,65.0,328.43,6.1,True
1256,2024-10-21,Basic,199,6.6,2,0,17,7,No,0.2027,6,242.02,242.02,951.98,Low Risk,Low Risk,0.79,191.2,No action,0.0,191.2,191.2,False
1257,2024-03-09,Premium,699,10.2,1,4,25,58,Yes,0.7081,8,3959.7,3959.7,1632.3,High Risk,High Risk,0.26,1029.52,Payment retry & Concierge billing call,65.0,964.52,15.8,True
1258,2024-01-27,Basic,199,6.7,4,4,28,34,Yes,0.7435,8,1183.65,1183.65,408.35,High Risk,High Risk,0.11,130.2,Payment retry & Concierge billing call,65.0,65.2,2.0,True
1259,2023-12-19,Premium,699,18.5,1,0,20,40,No,0.2543,8,1422.05,1422.05,4169.95,Low Risk,Low Risk,0.74,1052.32,No action,0.0,1052.32,1052.3,False
1260,2023-06-22,Basic,199,18.8,6,5,18,19,Yes,0.7902,6,943.5,943.5,250.5,High Risk,High Risk,0.05,47.18,Payment retry & Concierge billing call,65.0,-17.82,0.7,False
1261,2024-03-17,Standard,399,2.9,6,4,1,26,Yes,0.9042,4,1443.1,1443.1,152.9,Critical Risk,Critical Risk,0.05,72.16,Payment retry & Concierge billing call,65.0,7.16,1.1,True
1262,2023-04-23,Basic,199,9.7,2,1,12,31,Yes,0.3021,6,360.71,360.71,833.29,Low Risk,Low Risk,0.44,158.71,No action,0.0,158.71,158.7,False
1263,2023-07-16,Standard,399,5.0,0,5,14,11,No,0.1859,6,445.04,445.04,1948.96,Low Risk,Low Risk,0.35,155.76,No action,0.0,155.76,155.8,False
1264,2023-03-29,Standard,399,11.3,1,5,27,10,Yes,0.4894,8,1562.16,1562.16,1629.84,Medium Risk,Medium Risk,0.37,578.0,Payment retry & Concierge billing call,65.0,513.0,8.9,True
1265,2024-05-11,Standard,399,7.3,5,0,8,37,Yes,0.457,6,1094.06,1094.06,1299.94,Medium Risk,Medium Risk,0.39,426.68,Customer support follow-up,120.0,306.68,3.6,True
1266,2023-02-12,Premium,699,0.7,4,0,7,42,Yes,0.8459,6,3547.7,3547.7,646.3,Critical Risk,Critical Risk,0.25,886.92,Customer support follow-up,120.0,766.92,7.4,True
1267,2023-09-30,Basic,199,13.3,0,3,14,38,Yes,0.5423,6,647.51,647.51,546.49,Medium Risk,Medium Risk,0.43,278.43,Payment retry & Concierge billing call,65.0,213.43,4.3,True
1268,2023-12-18,Standard,399,19.0,6,2,31,23,Yes,0.8397,8,2680.32,2680.32,511.68,Critical Risk,Critical Risk,0.31,830.9,Payment retry & Concierge billing call,65.0,765.9,12.8,True
1269,2023-12-31,Standard,399,23.6,6,3,16,39,Yes,0.801,6,1917.59,1917.59,476.41,Critical Risk,Critical Risk,0.18,345.17,Payment retry & Concierge billing call,65.0,280.17,5.3,True
1270,2023-05-23,Standard,399,0.6,6,5,7,53,Yes,0.9809,6,2348.27,2348.27,45.73,Critical Risk,Critical Risk,0.05,117.41,Payment retry & Concierge billing call,65.0,52.41,1.8,True
1271,2024-01-13,Basic,199,21.8,4,5,8,48,No,0.5729,6,684.04,684.04,509.96,Medium Risk,Medium Risk,0.08,54.72,Payment retry & Concierge billing call,65.0,-10.28,0.8,False
1272,2023-11-26,Standard,399,13.1,3,0,31,40,No,0.3738,8,1193.17,1193.17,1998.83,Medium Risk,Medium Risk,0.61,727.83,Customer support follow-up,120.0,607.83,6.1,True
1273,2024-05-11,Basic,199,21.9,5,5,24,28,Yes,0.6943,8,1105.33,1105.33,486.67,High Risk,High Risk,0.2,221.07,Payment retry & Concierge billing call,65.0,156.07,3.4,True
1274,2023-04-13,Standard,399,9.0,7,5,6,54,Yes,0.7856,6,1880.73,1880.73,513.27,High Risk,High Risk,0.05,94.04,Payment retry & Concierge billing call,65.0,29.04,1.4,True
1275,2024-08-08,Premium,699,7.7,3,5,25,9,No,0.3626,8,2027.66,2027.66,3564.34,Medium Risk,Medium Risk,0.26,527.19,Payment retry & Concierge billing call,65.0,462.19,8.1,True
1276,2024-07-15,Premium,699,1.3,7,0,33,19,No,0.2335,8,1305.73,1305.73,4286.27,Low Risk,Low Risk,0.41,535.35,No action,0.0,535.35,535.4,False
1277,2023-09-07,Standard,399,22.5,1,3,11,42,Yes,0.7101,6,1699.98,1699.98,694.02,High Risk,High Risk,0.4,679.99,Payment retry & Concierge billing call,65.0,614.99,10.5,True
1278,2023-01-30,Basic,199,19.0,1,0,11,27,No,0.277,6,330.74,330.74,863.26,Low Risk,Low Risk,0.75,248.06,No action,0.0,248.06,248.1,False
1279,2024-05-02,Basic,199,22.6,4,1,21,46,Yes,0.6723,8,1070.3,1070.3,521.7,High Risk,High Risk,0.57,610.07,Payment reminder,15.0,595.07,40.7,True
1280,2024-12-09,Premium,699,16.8,8,5,8,46,Yes,0.7822,6,3280.55,3280.55,913.45,High Risk,High Risk,0.05,164.03,Payment retry & Concierge billing call,65.0,99.03,2.5,True
1281,2024-01-26,Standard,399,23.3,1,5,15,21,Yes,0.5768,6,1380.86,1380.86,1013.14,Medium Risk,Medium Risk,0.37,510.92,Payment retry & Concierge billing call,65.0,445.92,7.9,True
1282,2023-10-25,Premium,699,24.2,6,1,36,14,No,0.3953,8,2210.52,2210.52,3381.48,Medium Risk,Medium Risk,0.7,1547.36,Payment reminder & Priority billing assistance,35.0,1512.36,44.2,True
1283,2024-01-12,Basic,199,2.7,3,5,8,60,Yes,0.9531,6,1138.0,1138.0,56.0,Critical Risk,Critical Risk,0.05,56.9,Payment retry & Concierge billing call,65.0,-8.1,0.9,False
1284,2023-07-14,Basic,199,23.9,0,2,21,3,No,0.2115,8,336.71,336.71,1255.29,Low Risk,Low Risk,0.84,282.84,No action,0.0,282.84,282.8,False
1285,2024-06-16,Standard,399,8.3,5,5,28,59,No,0.7557,8,2412.19,2412.19,779.81,High Risk,High Risk,0.05,120.61,Payment retry & Concierge billing call,65.0,55.61,1.9,True
1286,2023-05-29,Premium,699,3.1,0,4,15,54,Yes,0.9429,6,3954.52,3954.52,239.48,Critical Risk,Critical Risk,0.11,435.0,Payment retry & Concierge billing call,65.0,370.0,6.7,True
1287,2024-11-12,Standard,399,12.7,7,1,15,38,Yes,0.4554,6,1090.23,1090.23,1303.77,Medium Risk,Medium Risk,0.35,381.58,Payment reminder & Priority billing assistance,35.0,346.58,10.9,True
1288,2024-12-24,Premium,699,15.2,4,4,3,44,Yes,0.6689,4,1870.24,1870.24,925.76,High Risk,High Risk,0.11,205.73,Payment retry & Concierge billing call,65.0,140.73,3.2,True
1289,2024-01-21,Premium,699,16.0,3,3,31,18,No,0.3497,8,1955.52,1955.52,3636.48,Low Risk,Low Risk,0.42,821.32,No action,0.0,821.32,821.3,False
1290,2024-12-18,Basic,199,4.2,3,5,22,59,Yes,0.8452,8,1345.56,1345.56,246.44,Critical Risk,Critical Risk,0.05,67.28,Payment retry & Concierge billing call,65.0,2.28,1.0,True
1291,2024-11-06,Premium,699,23.1,2,3,4,46,Yes,0.7165,4,2003.33,2003.33,792.67,High Risk,High Risk,0.37,741.23,Payment retry & Concierge billing call,65.0,676.23,11.4,True
1292,2023-12-23,Basic,199,13.9,5,3,2,43,Yes,0.8946,4,712.1,712.1,83.9,Critical Risk,Critical Risk,0.05,35.61,Payment retry & Concierge billing call,65.0,-29.39,0.5,False
1293,2024-12-18,Standard,399,2.3,4,2,26,44,Yes,0.9306,8,2970.48,2970.48,221.52,Critical Risk,Critical Risk,0.14,415.87,Payment retry & Concierge billing call,65.0,350.87,6.4,True
1294,2024-12-27,Premium,699,2.9,5,4,26,55,Yes,0.9759,8,5457.23,5457.23,134.77,Critical Risk,Critical Risk,0.05,272.86,Payment retry & Concierge billing call,65.0,207.86,4.2,True
1295,2023-05-29,Standard,399,16.5,2,3,30,44,Yes,0.6582,8,2100.97,2100.97,1091.03,High Risk,High Risk,0.38,798.37,Payment retry & Concierge billing call,65.0,733.37,12.3,True
1296,2024-08-12,Basic,199,20.2,3,5,14,41,Yes,0.6779,6,809.41,809.41,384.59,High Risk,High Risk,0.18,145.69,Payment retry & Concierge billing call,65.0,80.69,2.2,True
1297,2023-02-27,Basic,199,9.7,6,5,10,53,Yes,0.7986,6,953.53,953.53,240.47,High Risk,High Risk,0.05,47.68,Payment retry & Concierge billing call,65.0,-17.32,0.7,False
1298,2024-10-27,Basic,199,24.4,2,0,23,7,No,0.2998,8,477.28,477.28,1114.72,Low Risk,Low Risk,0.95,453.42,No action,0.0,453.42,453.4,False
1299,2024-02-11,Standard,399,24.3,6,1,28,2,Yes,0.5904,8,1884.56,1884.56,1307.44,Medium Risk,Medium Risk,0.7,1319.19,Payment reminder & Priority billing assistance,35.0,1284.19,37.7,True
1300,2024-12-09,Standard,399,17.4,2,5,20,47,Yes,0.6104,8,1948.4,1948.4,1243.6,High Risk,High Risk,0.19,370.2,Payment retry & Concierge billing call,65.0,305.2,5.7,True
1301,2024-01-12,Premium,699,19.6,6,2,6,40,Yes,0.859,6,3602.65,3602.65,591.35,Critical Risk,Critical Risk,0.16,576.42,Payment retry & Concierge billing call,65.0,511.42,8.9,True
1302,2024-06-05,Basic,199,3.4,1,3,8,41,Yes,0.8677,6,1036.03,1036.03,157.97,Critical Risk,Critical Risk,0.09,93.24,Payment retry & Concierge billing call,65.0,28.24,1.4,True
1303,2024-08-30,Basic,199,14.9,7,2,2,44,Yes,0.8932,4,710.99,710.99,85.01,Critical Risk,Critical Risk,0.07,49.77,Payment retry & Concierge billing call,65.0,-15.23,0.8,False
1304,2023-11-30,Basic,199,12.4,6,2,25,36,Yes,0.7917,8,1260.39,1260.39,331.61,High Risk,High Risk,0.16,201.66,Payment retry & Concierge billing call,65.0,136.66,3.1,True
1305,2024-06-26,Basic,199,5.0,0,3,35,35,No,0.4448,8,708.12,708.12,883.88,Medium Risk,Medium Risk,0.35,247.84,Payment retry & Concierge billing call,65.0,182.84,3.8,True
1306,2023-05-08,Standard,399,13.2,8,5,5,52,No,0.7505,6,1796.7,1796.7,597.3,High Risk,High Risk,0.05,89.84,Payment retry & Concierge billing call,65.0,24.84,1.4,True
1307,2023-11-18,Basic,199,4.9,2,0,8,35,Yes,0.7216,6,861.59,861.59,332.41,High Risk,High Risk,0.49,422.18,Engagement campaign,10.0,412.18,42.2,True
1308,2023-09-20,Basic,199,3.7,3,5,3,10,Yes,0.8723,4,694.35,694.35,101.65,Critical Risk,Critical Risk,0.05,34.72,Payment retry & Concierge billing call,65.0,-30.28,0.5,False
1309,2023-06-25,Basic,199,24.5,8,2,6,23,No,0.5224,6,623.75,623.75,570.25,Medium Risk,Medium Risk,0.32,199.6,Payment retry & Concierge billing call,65.0,134.6,3.1,True
1310,2024-11-05,Standard,399,6.6,0,4,1,57,No,0.574,4,916.1,916.1,679.9,Medium Risk,Medium Risk,0.19,174.06,Payment retry & Concierge billing call,65.0,109.06,2.7,True
1311,2023-12-27,Premium,699,3.9,7,5,29,20,Yes,0.9618,8,5378.39,5378.39,213.61,Critical Risk,Critical Risk,0.05,268.92,Payment retry & Concierge billing call,65.0,203.92,4.1,True
1312,2023-02-07,Premium,699,13.0,1,5,35,52,Yes,0.6957,8,3890.35,3890.35,1701.65,High Risk,High Risk,0.19,739.17,Payment retry & Concierge billing call,65.0,674.17,11.4,True
1313,2024-08-28,Basic,199,7.8,3,1,10,38,No,0.2939,6,350.92,350.92,843.08,Low Risk,Low Risk,0.38,133.35,No action,0.0,133.35,133.4,False
1314,2024-01-26,Standard,399,3.6,6,0,18,35,Yes,0.7295,6,1746.42,1746.42,647.58,High Risk,High Risk,0.4,698.57,Customer support follow-up,120.0,578.57,5.8,True
1315,2024-12-12,Premium,699,10.3,1,2,11,43,Yes,0.5698,6,2389.74,2389.74,1804.26,Medium Risk,Medium Risk,0.38,908.1,Payment retry & Concierge billing call,65.0,843.1,14.0,True
1316,2024-01-17,Basic,199,5.5,4,5,35,44,Yes,0.7608,8,1211.19,1211.19,380.81,High Risk,High Risk,0.05,60.56,Payment retry & Concierge billing call,65.0,-4.44,0.9,False
1317,2024-03-20,Premium,699,15.3,6,1,33,20,No,0.1426,8,797.42,797.42,4794.58,Low Risk,Low Risk,0.49,390.74,No action,0.0,390.74,390.7,False
1318,2023-04-23,Standard,399,24.1,3,0,2,17,No,0.0882,4,140.77,140.77,1455.23,Low Risk,Low Risk,0.72,101.35,No action,0.0,101.35,101.4,False
1319,2023-12-08,Premium,699,10.5,5,5,36,5,Yes,0.6791,8,3797.53,3797.53,1794.47,High Risk,High Risk,0.2,759.51,Payment retry & Concierge billing call,65.0,694.51,11.7,True
1320,2023-08-16,Standard,399,21.8,3,2,10,0,Yes,0.5305,6,1270.02,1270.02,1123.98,Medium Risk,Medium Risk,0.62,787.41,Payment retry & Concierge billing call,65.0,722.41,12.1,True
1321,2023-11-10,Standard,399,19.7,1,1,7,33,No,0.3415,6,817.55,817.55,1576.45,Low Risk,Low Risk,0.58,474.18,No action,0.0,474.18,474.2,False
1322,2024-07-18,Premium,699,2.8,5,5,32,36,Yes,0.9688,8,5417.53,5417.53,174.47,Critical Risk,Critical Risk,0.05,270.88,Payment retry & Concierge billing call,65.0,205.88,4.2,True
1323,2023-07-05,Standard,399,22.5,2,2,7,60,No,0.5746,6,1375.59,1375.59,1018.41,Medium Risk,Medium Risk,0.46,632.77,Payment retry & Concierge billing call,65.0,567.77,9.7,True
1324,2023-01-10,Standard,399,14.0,6,3,35,37,Yes,0.8249,8,2633.08,2633.08,558.92,Critical Risk,Critical Risk,0.08,210.65,Payment retry & Concierge billing call,65.0,145.65,3.2,True
1325,2023-10-01,Premium,699,18.0,2,1,33,24,No,0.2441,8,1365.01,1365.01,4226.99,Low Risk,Low Risk,0.68,928.21,No action,0.0,928.21,928.2,False
1326,2024-04-13,Basic,199,17.8,3,5,24,38,Yes,0.6286,8,1000.73,1000.73,591.27,High Risk,High Risk,0.16,160.12,Payment retry & Concierge billing call,65.0,95.12,2.5,True
1327,2024-03-14,Basic,199,24.7,7,4,29,18,Yes,0.6287,8,1000.89,1000.89,591.11,High Risk,High Risk,0.25,250.22,Payment retry & Concierge billing call,65.0,185.22,3.8,True
1328,2023-04-03,Premium,699,8.0,1,2,15,26,No,0.489,6,2050.87,2050.87,2143.13,Medium Risk,Medium Risk,0.52,1066.45,Payment retry & Concierge billing call,65.0,1001.45,16.4,True
1329,2023-03-28,Premium,699,2.4,3,0,6,10,No,0.4375,6,1834.88,1834.88,2359.12,Medium Risk,Medium Risk,0.62,1137.63,Customer support follow-up,120.0,1017.63,9.5,True
1330,2024-06-04,Premium,699,14.1,7,0,19,60,Yes,0.5224,8,2921.26,2921.26,2670.74,Medium Risk,Medium Risk,0.46,1343.78,Customer support follow-up,120.0,1223.78,11.2,True
1331,2024-12-15,Premium,699,12.3,8,5,9,43,No,0.7342,6,3079.23,3079.23,1114.77,High Risk,High Risk,0.05,153.96,Payment retry & Concierge billing call,65.0,88.96,2.4,True
1332,2024-12-20,Basic,199,0.8,3,5,26,0,No,0.2125,8,338.3,338.3,1253.7,Low Risk,Low Risk,0.19,64.28,No action,0.0,64.28,64.3,False
1333,2024-04-04,Premium,699,6.5,8,5,23,38,Yes,0.8385,8,4688.89,4688.89,903.11,Critical Risk,Critical Risk,0.05,234.44,Payment retry & Concierge billing call,65.0,169.44,3.6,True
1334,2024-06-10,Basic,199,22.6,2,0,34,23,No,0.4462,8,710.35,710.35,881.65,Medium Risk,Medium Risk,0.83,589.59,Engagement campaign,10.0,579.59,59.0,True
1335,2023-12-13,Standard,399,10.9,6,1,4,23,No,0.3802,4,606.8,606.8,989.2,Medium Risk,Medium Risk,0.37,224.52,Payment reminder & Priority billing assistance,35.0,189.52,6.4,True
1336,2023-09-29,Premium,699,20.9,1,2,16,19,No,0.4184,6,1754.77,1754.77,2439.23,Medium Risk,Medium Risk,0.65,1140.6,Payment retry & Concierge billing call,65.0,1075.6,17.5,True
1337,2024-10-20,Basic,199,18.6,6,1,1,59,Yes,0.8162,4,649.7,649.7,146.3,Critical Risk,Critical Risk,0.25,162.43,Payment reminder,15.0,147.43,10.8,True
1338,2024-04-16,Premium,699,23.4,7,0,3,22,Yes,0.6346,4,1774.34,1774.34,1021.66,High Risk,High Risk,0.55,975.89,Customer support follow-up,120.0,855.89,8.1,True
1339,2024-02-16,Standard,399,9.2,0,2,20,56,No,0.3312,8,1057.19,1057.19,2134.81,Low Risk,Low Risk,0.49,518.02,No action,0.0,518.02,518.0,False
1340,2023-06-07,Standard,399,3.0,7,1,1,5,No,0.6679,4,1065.97,1065.97,530.03,High Risk,High Risk,0.37,394.41,Payment reminder & Priority billing assistance,35.0,359.41,11.3,True
1341,2023-08-20,Standard,399,22.9,0,1,8,49,No,0.3126,6,748.36,748.36,1645.64,Low Risk,Low Risk,0.65,486.43,No action,0.0,486.43,486.4,False
1342,2023-10-03,Standard,399,9.7,5,3,26,57,Yes,0.7888,8,2517.85,2517.85,674.15,High Risk,High Risk,0.08,201.43,Payment retry & Concierge billing call,65.0,136.43,3.1,True
1343,2024-03-20,Basic,199,16.6,7,1,29,8,No,0.2289,8,364.41,364.41,1227.59,Low Risk,Low Risk,0.59,215.0,No action,0.0,215.0,215.0,False
1344,2023-05-17,Basic,199,22.1,3,0,23,12,No,0.3513,8,559.27,559.27,1032.73,Medium Risk,Medium Risk,0.9,503.34,Customer support follow-up,120.0,383.34,4.2,True
1345,2024-05-05,Standard,399,18.7,0,1,27,42,Yes,0.4122,8,1315.74,1315.74,1876.26,Medium Risk,Medium Risk,0.69,907.86,Payment reminder & Priority billing assistance,35.0,872.86,25.9,True
1346,2023-05-11,Premium,699,3.4,7,4,18,31,Yes,0.9783,6,4102.99,4102.99,91.01,Critical Risk,Critical Risk,0.05,205.15,Payment retry & Concierge billing call,65.0,140.15,3.2,True
1347,2023-01-22,Standard,399,12.8,6,1,26,7,No,0.304,8,970.37,970.37,2221.63,Low Risk,Low Risk,0.59,572.52,No action,0.0,572.52,572.5,False
1348,2023-12-17,Basic,199,8.9,0,5,10,15,Yes,0.4846,6,578.61,578.61,615.39,Medium Risk,Medium Risk,0.19,109.94,Payment retry & Concierge billing call,65.0,44.94,1.7,True
1349,2024-03-15,Standard,399,11.1,4,2,1,31,Yes,0.6376,4,1017.61,1017.61,578.39,High Risk,High Risk,0.27,274.75,Payment retry & Concierge billing call,65.0,209.75,4.2,True
1350,2023-09-27,Basic,199,18.4,2,1,10,17,No,0.1322,6,157.85,157.85,1036.15,Low Risk,Low Risk,0.6,94.71,No action,0.0,94.71,94.7,False
1351,2023-04-16,Premium,699,16.8,6,1,16,30,No,0.4512,6,1892.33,1892.33,2301.67,Medium Risk,Medium Risk,0.51,965.09,Payment reminder & Priority billing assistance,35.0,930.09,27.6,True
1352,2023-08-23,Premium,699,15.5,3,4,33,40,No,0.6061,8,3389.31,3389.31,2202.69,High Risk,High Risk,0.23,779.54,Payment retry & Concierge billing call,65.0,714.54,12.0,True
1353,2023-01-19,Basic,199,10.3,4,1,9,59,Yes,0.5393,6,643.92,643.92,550.08,Medium Risk,Medium Risk,0.36,231.81,Payment reminder,15.0,216.81,15.5,True
1354,2024-12-17,Premium,699,2.7,0,3,13,26,Yes,0.9366,6,3928.1,3928.1,265.9,Critical Risk,Critical Risk,0.29,1139.15,Payment retry & Concierge billing call,65.0,1074.15,17.5,True
1355,2024-10-21,Premium,699,5.9,6,3,15,3,No,0.5428,6,2276.5,2276.5,1917.5,Medium Risk,Medium Risk,0.32,728.48,Payment retry & Concierge billing call,65.0,663.48,11.2,True
1356,2024-03-04,Basic,199,3.2,5,2,20,60,Yes,0.9288,8,1478.65,1478.65,113.35,Critical Risk,Critical Risk,0.11,162.65,Payment retry & Concierge billing call,65.0,97.65,2.5,True
1357,2023-11-26,Basic,199,22.4,2,0,21,0,Yes,0.5296,8,843.12,843.12,748.88,Medium Risk,Medium Risk,0.94,792.53,Personalized retention message,25.0,767.53,31.7,True
1358,2024-05-18,Basic,199,12.1,1,3,19,11,Yes,0.4544,8,723.4,723.4,868.6,Medium Risk,Medium Risk,0.58,419.57,Payment retry & Concierge billing call,65.0,354.57,6.5,True
1359,2023-05-14,Standard,399,8.0,1,5,22,0,No,0.3507,8,1119.43,1119.43,2072.57,Medium Risk,Medium Risk,0.34,380.61,Payment retry & Concierge billing call,65.0,315.61,5.9,True
1360,2024-09-11,Standard,399,18.7,5,5,24,49,Yes,0.8256,8,2635.32,2635.32,556.68,Critical Risk,Critical Risk,0.05,131.77,Payment retry & Concierge billing call,65.0,66.77,2.0,True
1361,2023-04-19,Standard,399,16.4,3,4,16,24,Yes,0.6245,6,1495.05,1495.05,898.95,High Risk,High Risk,0.32,478.42,Payment retry & Concierge billing call,65.0,413.42,7.4,True
1362,2023-04-12,Basic,199,1.5,3,1,8,45,Yes,0.8658,6,1033.77,1033.77,160.23,Critical Risk,Critical Risk,0.2,206.75,Payment reminder,15.0,191.75,13.8,True
1363,2023-07-26,Basic,199,15.7,4,5,35,30,No,0.5645,8,898.68,898.68,693.32,Medium Risk,Medium Risk,0.18,161.76,Payment retry & Concierge billing call,65.0,96.76,2.5,True
1364,2024-07-27,Premium,699,1.6,3,3,10,35,Yes,0.948,6,3975.91,3975.91,218.09,Critical Risk,Critical Risk,0.05,198.8,Payment retry & Concierge billing call,65.0,133.8,3.1,True
1365,2024-06-20,Standard,399,11.5,1,3,24,4,No,0.3526,8,1125.5,1125.5,2066.5,Medium Risk,Medium Risk,0.57,641.54,Payment retry & Concierge billing call,65.0,576.54,9.9,True
1366,2024-08-02,Premium,699,4.6,4,5,2,8,Yes,0.9148,4,2557.78,2557.78,238.22,Critical Risk,Critical Risk,0.05,127.89,Payment retry & Concierge billing call,65.0,62.89,2.0,True
1367,2024-06-09,Basic,199,18.6,6,3,13,43,Yes,0.8855,6,1057.29,1057.29,136.71,Critical Risk,Critical Risk,0.13,137.45,Payment retry & Concierge billing call,65.0,72.45,2.1,True
1368,2024-02-15,Basic,199,11.2,8,3,11,35,No,0.7199,6,859.56,859.56,334.44,High Risk,High Risk,0.05,42.98,Payment retry & Concierge billing call,65.0,-22.02,0.7,False
1369,2024-12-14,Premium,699,5.6,0,1,18,36,Yes,0.3245,6,1360.95,1360.95,2833.05,Low Risk,Low Risk,0.56,762.13,No action,0.0,762.13,762.1,False
1370,2023-10-31,Basic,199,11.7,8,2,33,19,No,0.5559,8,884.99,884.99,707.01,Medium Risk,Medium Risk,0.28,247.8,Payment retry & Concierge billing call,65.0,182.8,3.8,True
1371,2023-10-26,Premium,699,14.0,2,1,18,2,No,0.1603,6,672.3,672.3,3521.7,Low Risk,Low Risk,0.76,510.95,No action,0.0,510.95,511.0,False
1372,2023-02-22,Basic,199,23.6,4,1,10,17,No,0.2295,6,274.02,274.02,919.98,Low Risk,Low Risk,0.58,158.93,No action,0.0,158.93,158.9,False
1373,2023-12-22,Premium,699,24.7,3,4,16,7,Yes,0.3973,6,1666.28,1666.28,2527.72,Medium Risk,Medium Risk,0.53,883.13,Payment retry & Concierge billing call,65.0,818.13,13.6,True
1374,2024-09-18,Premium,699,8.5,8,2,24,46,Yes,0.7681,8,4295.22,4295.22,1296.78,High Risk,High Risk,0.05,214.76,Payment retry & Concierge billing call,65.0,149.76,3.3,True
1375,2023-10-14,Standard,399,24.6,0,2,21,14,No,0.1947,8,621.48,621.48,2570.52,Low Risk,Low Risk,0.85,528.26,No action,0.0,528.26,528.3,False
1376,2024-08-20,Basic,199,24.3,8,5,17,55,No,0.4828,6,576.46,576.46,617.54,Medium Risk,Medium Risk,0.05,28.82,Payment retry & Concierge billing call,65.0,-36.18,0.4,False
1377,2023-07-31,Basic,199,23.7,4,5,25,40,Yes,0.8468,8,1348.11,1348.11,243.89,Critical Risk,Critical Risk,0.06,80.89,Payment retry & Concierge billing call,65.0,15.89,1.2,True
1378,2024-02-09,Standard,399,8.4,3,4,15,40,No,0.5721,6,1369.61,1369.61,1024.39,Medium Risk,Medium Risk,0.16,219.14,Payment retry & Concierge billing call,65.0,154.14,3.4,True
1379,2023-04-06,Basic,199,6.2,6,2,29,9,No,0.4868,8,774.99,774.99,817.01,Medium Risk,Medium Risk,0.42,325.5,Payment retry & Concierge billing call,65.0,260.5,5.0,True
1380,2023-07-04,Standard,399,11.8,2,1,12,36,No,0.2812,6,673.19,673.19,1720.81,Low Risk,Low Risk,0.46,309.67,No action,0.0,309.67,309.7,False
1381,2024-09-14,Premium,699,1.0,2,1,19,52,Yes,0.9124,8,5102.14,5102.14,489.86,Critical Risk,Critical Risk,0.31,1581.66,Payment reminder & Priority billing assistance,35.0,1546.66,45.2,True
1382,2024-02-17,Basic,199,4.0,6,1,5,29,No,0.5749,6,686.43,686.43,507.57,Medium Risk,Medium Risk,0.3,205.93,Payment reminder,15.0,190.93,13.7,True
1383,2023-01-22,Basic,199,3.9,0,4,34,6,Yes,0.7145,8,1137.48,1137.48,454.52,High Risk,High Risk,0.44,500.49,Payment retry & Concierge billing call,65.0,435.49,7.7,True
1384,2023-10-02,Basic,199,19.2,0,1,1,15,No,0.1168,4,92.97,92.97,703.03,Low Risk,Low Risk,0.69,64.15,No action,0.0,64.15,64.2,False
1385,2023-12-13,Basic,199,19.9,0,0,1,34,No,0.2914,4,231.95,231.95,564.05,Low Risk,Low Risk,0.72,167.0,No action,0.0,167.0,167.0,False
1386,2023-06-17,Premium,699,5.5,7,4,6,57,Yes,0.9101,6,3816.96,3816.96,377.04,Critical Risk,Critical Risk,0.05,190.85,Payment retry & Concierge billing call,65.0,125.85,2.9,True
1387,2024-10-04,Standard,399,12.2,3,0,22,34,No,0.2847,8,908.76,908.76,2283.24,Low Risk,Low Risk,0.6,545.26,No action,0.0,545.26,545.3,False
1388,2024-06-07,Premium,699,1.0,0,0,8,34,Yes,0.7096,6,2976.06,2976.06,1217.94,High Risk,High Risk,0.53,1577.31,Engagement campaign,10.0,1567.31,157.7,True
1389,2023-05-31,Standard,399,0.5,3,0,10,14,No,0.1468,6,351.44,351.44,2042.56,Low Risk,Low Risk,0.6,210.86,No action,0.0,210.86,210.9,False
1390,2023-04-26,Standard,399,6.0,6,5,19,56,Yes,0.7998,8,2552.96,2552.96,639.04,High Risk,High Risk,0.05,127.65,Payment retry & Concierge billing call,65.0,62.65,2.0,True
1391,2024-09-22,Standard,399,24.8,3,0,11,18,No,0.2559,6,612.62,612.62,1781.38,Low Risk,Low Risk,0.73,447.21,No action,0.0,447.21,447.2,False
1392,2024-03-14,Standard,399,9.3,1,0,8,38,Yes,0.3132,6,749.8,749.8,1644.2,Low Risk,Low Risk,0.57,427.39,No action,0.0,427.39,427.4,False
1393,2023-11-05,Premium,699,15.2,6,1,22,57,No,0.5313,8,2971.03,2971.03,2620.97,Medium Risk,Medium Risk,0.41,1218.12,Payment reminder & Priority billing assistance,35.0,1183.12,34.8,True
1394,2024-01-13,Premium,699,9.0,1,2,19,58,Yes,0.6693,8,3742.73,3742.73,1849.27,High Risk,High Risk,0.45,1684.23,Payment retry & Concierge billing call,65.0,1619.23,25.9,True
1395,2024-02-04,Standard,399,19.8,2,5,5,9,Yes,0.5995,6,1435.2,1435.2,958.8,Medium Risk,Medium Risk,0.34,487.97,Payment retry & Concierge billing call,65.0,422.97,7.5,True
1396,2023-10-13,Standard,399,20.5,1,4,31,27,No,0.634,8,2023.73,2023.73,1168.27,High Risk,High Risk,0.44,890.44,Payment retry & Concierge billing call,65.0,825.44,13.7,True
1397,2023-11-23,Basic,199,8.4,2,1,6,49,No,0.3804,6,454.2,454.2,739.8,Medium Risk,Medium Risk,0.42,190.76,Payment reminder,15.0,175.76,12.7,True
1398,2023-05-22,Standard,399,12.3,6,4,28,50,Yes,0.7947,8,2536.68,2536.68,655.32,High Risk,High Risk,0.05,126.83,Payment retry & Concierge billing call,65.0,61.83,2.0,True
1399,2024-06-29,Premium,699,9.9,8,3,16,34,Yes,0.8284,6,3474.31,3474.31,719.69,Critical Risk,Critical Risk,0.05,173.72,Payment retry & Concierge billing call,65.0,108.72,2.7,True
1400,2023-08-13,Premium,699,9.9,6,4,15,36,No,0.8204,6,3440.76,3440.76,753.24,Critical Risk,Critical Risk,0.05,172.04,Payment retry & Concierge billing call,65.0,107.04,2.6,True
1401,2024-07-25,Premium,699,6.3,0,1,6,54,Yes,0.3603,6,1511.1,1511.1,2682.9,Medium Risk,Medium Risk,0.48,725.33,Payment reminder & Priority billing assistance,35.0,690.33,20.7,True
1402,2023-05-23,Standard,399,23.1,0,2,9,23,No,0.3468,6,830.24,830.24,1563.76,Low Risk,Low Risk,0.63,523.05,No action,0.0,523.05,523.0,False
1403,2023-08-18,Standard,399,4.0,8,3,30,15,Yes,0.9109,8,2907.59,2907.59,284.41,Critical Risk,Critical Risk,0.05,145.38,Payment retry & Concierge billing call,65.0,80.38,2.2,True
1404,2024-03-10,Basic,199,3.4,2,3,9,46,Yes,0.8819,6,1052.99,1052.99,141.01,Critical Risk,Critical Risk,0.05,52.65,Payment retry & Concierge billing call,65.0,-12.35,0.8,False
1405,2023-06-11,Standard,399,17.7,1,3,4,53,Yes,0.722,4,1152.31,1152.31,443.69,High Risk,High Risk,0.36,414.83,Payment retry & Concierge billing call,65.0,349.83,6.4,True
1406,2024-03-02,Basic,199,9.4,1,1,10,4,Yes,0.1921,6,229.37,229.37,964.63,Low Risk,Low Risk,0.67,153.68,No action,0.0,153.68,153.7,False
1407,2023-11-03,Basic,199,12.0,2,5,12,33,No,0.5738,6,685.12,685.12,508.88,Medium Risk,Medium Risk,0.06,41.11,Payment retry & Concierge billing call,65.0,-23.89,0.6,False
1408,2023-04-24,Standard,399,18.2,7,5,27,44,Yes,0.7402,8,2362.72,2362.72,829.28,High Risk,High Risk,0.05,118.14,Payment retry & Concierge billing call,65.0,53.14,1.8,True
1409,2023-06-14,Basic,199,22.1,0,4,4,48,Yes,0.7758,4,617.54,617.54,178.46,High Risk,High Risk,0.22,135.86,Payment retry & Concierge billing call,65.0,70.86,2.1,True
1410,2024-08-08,Basic,199,20.9,7,4,26,45,No,0.7752,8,1234.12,1234.12,357.88,High Risk,High Risk,0.05,61.71,Payment retry & Concierge billing call,65.0,-3.29,0.9,False
1411,2024-06-18,Premium,699,17.9,6,1,20,17,No,0.1908,8,1066.95,1066.95,4525.05,Low Risk,Low Risk,0.52,554.81,No action,0.0,554.81,554.8,False
1412,2023-07-08,Standard,399,18.7,6,4,9,3,Yes,0.7095,6,1698.54,1698.54,695.46,High Risk,High Risk,0.27,458.61,Payment retry & Concierge billing call,65.0,393.61,7.1,True
1413,2024-10-30,Premium,699,15.3,1,5,36,29,Yes,0.5889,8,3293.13,3293.13,2298.87,Medium Risk,Medium Risk,0.29,955.01,Payment retry & Concierge billing call,65.0,890.01,14.7,True
1414,2024-03-10,Premium,699,20.8,2,0,26,51,No,0.2512,8,1404.71,1404.71,4187.29,Low Risk,Low Risk,0.73,1025.44,No action,0.0,1025.44,1025.4,False
1415,2023-12-10,Basic,199,3.2,1,2,18,38,Yes,0.8098,6,966.9,966.9,227.1,Critical Risk,Critical Risk,0.27,261.06,Payment retry & Concierge billing call,65.0,196.06,4.0,True
1416,2023-01-12,Basic,199,7.4,8,0,16,4,Yes,0.2686,6,320.71,320.71,873.29,Low Risk,Low Risk,0.55,176.39,No action,0.0,176.39,176.4,False
1417,2024-08-06,Standard,399,14.0,0,1,13,17,Yes,0.222,6,531.47,531.47,1862.53,Low Risk,Low Risk,0.72,382.66,No action,0.0,382.66,382.7,False
1418,2023-11-13,Premium,699,14.3,7,0,3,3,No,0.1979,4,553.33,553.33,2242.67,Low Risk,Low Risk,0.58,320.93,No action,0.0,320.93,320.9,False
1419,2024-02-05,Basic,199,18.9,6,4,23,12,Yes,0.7436,8,1183.81,1183.81,408.19,High Risk,High Risk,0.35,414.33,Payment retry & Concierge billing call,65.0,349.33,6.4,True
1420,2024-05-30,Premium,699,24.4,1,2,23,26,No,0.4813,8,2691.43,2691.43,2900.57,Medium Risk,Medium Risk,0.68,1830.17,Payment retry & Concierge billing call,65.0,1765.17,28.2,True
1421,2024-05-03,Basic,199,20.3,2,0,33,37,No,0.3148,8,501.16,501.16,1090.84,Low Risk,Low Risk,0.72,360.84,No action,0.0,360.84,360.8,False
1422,2024-10-02,Premium,699,7.6,2,5,3,29,Yes,0.6287,4,1757.85,1757.85,1038.15,High Risk,High Risk,0.1,175.78,Payment retry & Concierge billing call,65.0,110.78,2.7,True
1423,2024-05-28,Basic,199,22.2,2,5,15,10,No,0.433,6,517.0,517.0,677.0,Medium Risk,Medium Risk,0.44,227.48,Payment retry & Concierge billing call,65.0,162.48,3.5,True
1424,2023-10-25,Premium,699,23.3,5,3,34,50,Yes,0.7625,8,4263.9,4263.9,1328.1,High Risk,High Risk,0.21,895.42,Payment retry & Concierge billing call,65.0,830.42,13.8,True
1425,2024-09-13,Standard,399,1.5,6,1,28,13,No,0.2899,8,925.36,925.36,2266.64,Low Risk,Low Risk,0.48,444.17,No action,0.0,444.17,444.2,False
1426,2023-11-13,Basic,199,14.4,7,0,10,51,Yes,0.5461,6,652.04,652.04,541.96,Medium Risk,Medium Risk,0.38,247.78,Customer support follow-up,120.0,127.78,2.1,True
1427,2023-06-15,Premium,699,12.7,7,2,6,10,No,0.51,6,2138.94,2138.94,2055.06,Medium Risk,Medium Risk,0.37,791.41,Payment retry & Concierge billing call,65.0,726.41,12.2,True
1428,2024-04-16,Basic,199,14.6,5,0,18,4,Yes,0.2939,6,350.92,350.92,843.08,Low Risk,Low Risk,0.75,263.19,No action,0.0,263.19,263.2,False
1429,2023-05-07,Standard,399,24.5,7,5,31,59,Yes,0.8017,8,2559.03,2559.03,632.97,Critical Risk,Critical Risk,0.05,127.95,Payment retry & Concierge billing call,65.0,62.95,2.0,True
1430,2024-11-27,Premium,699,1.5,4,3,32,26,Yes,0.9082,8,5078.65,5078.65,513.35,Critical Risk,Critical Risk,0.11,558.65,Payment retry & Concierge billing call,65.0,493.65,8.6,True
1431,2024-06-02,Basic,199,9.5,5,2,29,5,No,0.512,8,815.1,815.1,776.9,Medium Risk,Medium Risk,0.5,407.55,Payment retry & Concierge billing call,65.0,342.55,6.3,True
1432,2023-09-08,Standard,399,22.0,0,4,17,41,Yes,0.5839,6,1397.86,1397.86,996.14,Medium Risk,Medium Risk,0.42,587.1,Payment retry & Concierge billing call,65.0,522.1,9.0,True
1433,2024-02-13,Premium,699,0.7,1,2,36,24,Yes,0.638,8,3567.7,3567.7,2024.3,High Risk,High Risk,0.45,1605.46,Payment retry & Concierge billing call,65.0,1540.46,24.7,True
1434,2024-04-24,Basic,199,10.0,7,5,15,5,Yes,0.6158,6,735.27,735.27,458.73,High Risk,High Risk,0.12,88.23,Payment retry & Concierge billing call,65.0,23.23,1.4,True
1435,2023-04-21,Premium,699,22.6,7,0,35,5,Yes,0.5244,8,2932.44,2932.44,2659.56,Medium Risk,Medium Risk,0.75,2199.33,Customer support follow-up,120.0,2079.33,18.3,True
1436,2024-09-10,Standard,399,5.4,5,0,28,20,No,0.219,8,699.05,699.05,2492.95,Low Risk,Low Risk,0.53,370.5,No action,0.0,370.5,370.5,False
1437,2024-07-12,Standard,399,17.7,7,0,14,17,No,0.1838,6,440.02,440.02,1953.98,Low Risk,Low Risk,0.58,255.21,No action,0.0,255.21,255.2,False
1438,2024-09-07,Basic,199,4.1,3,2,31,36,Yes,0.8806,8,1401.92,1401.92,190.08,Critical Risk,Critical Risk,0.2,280.38,Payment retry & Concierge billing call,65.0,215.38,4.3,True
1439,2023-08-05,Standard,399,23.4,5,3,4,30,Yes,0.7756,4,1237.86,1237.86,358.14,High Risk,High Risk,0.21,259.95,Payment retry & Concierge billing call,65.0,194.95,4.0,True
1440,2024-02-19,Basic,199,7.1,2,0,28,9,Yes,0.2616,8,416.47,416.47,1175.53,Low Risk,Low Risk,0.79,329.01,No action,0.0,329.01,329.0,False
1441,2023-09-23,Basic,199,21.9,7,3,20,33,Yes,0.8035,8,1279.17,1279.17,312.83,Critical Risk,Critical Risk,0.12,153.5,Payment retry & Concierge billing call,65.0,88.5,2.4,True
1442,2023-07-23,Basic,199,2.8,6,2,4,48,Yes,0.9667,4,769.49,769.49,26.51,Critical Risk,Critical Risk,0.05,38.47,Payment retry & Concierge billing call,65.0,-26.53,0.6,False
1443,2024-12-14,Standard,399,12.3,8,5,27,50,Yes,0.8236,8,2628.93,2628.93,563.07,Critical Risk,Critical Risk,0.05,131.45,Payment retry & Concierge billing call,65.0,66.45,2.0,True
1444,2024-09-03,Standard,399,22.9,6,0,23,35,No,0.7744,8,2471.88,2471.88,720.12,High Risk,High Risk,0.47,1161.78,Customer support follow-up,120.0,1041.78,9.7,True
1445,2023-11-21,Basic,199,18.2,2,2,5,42,No,0.5002,6,597.24,597.24,596.76,Medium Risk,Medium Risk,0.42,250.84,Payment retry & Concierge billing call,65.0,185.84,3.9,True
1446,2024-11-21,Basic,199,22.5,2,3,10,55,Yes,0.7401,6,883.68,883.68,310.32,High Risk,High Risk,0.36,318.12,Payment retry & Concierge billing call,65.0,253.12,4.9,True
1447,2023-05-09,Standard,399,13.3,0,3,17,60,No,0.7164,6,1715.06,1715.06,678.94,High Risk,High Risk,0.43,737.48,Payment retry & Concierge billing call,65.0,672.48,11.3,True
1448,2023-07-12,Premium,699,16.2,1,0,29,13,No,0.1288,8,720.25,720.25,4871.75,Low Risk,Low Risk,0.92,662.63,No action,0.0,662.63,662.6,False
1449,2023-07-15,Standard,399,19.5,6,1,35,22,Yes,0.5399,8,1723.36,1723.36,1468.64,Medium Risk,Medium Risk,0.54,930.61,Payment reminder & Priority billing assistance,35.0,895.61,26.6,True
1450,2024-05-29,Premium,699,9.6,5,0,1,19,No,0.3981,4,1113.09,1113.09,1682.91,Medium Risk,Medium Risk,0.5,556.54,Customer support follow-up,120.0,436.54,4.6,True
1451,2024-07-09,Basic,199,16.4,7,3,32,26,Yes,0.6133,8,976.37,976.37,615.63,High Risk,High Risk,0.26,253.86,Payment retry & Concierge billing call,65.0,188.86,3.9,True
1452,2024-03-14,Standard,399,24.4,5,0,34,59,Yes,0.6586,8,2102.25,2102.25,1089.75,High Risk,High Risk,0.64,1345.44,Customer support follow-up,120.0,1225.44,11.2,True
1453,2024-11-06,Standard,399,14.0,2,4,12,27,Yes,0.5878,6,1407.19,1407.19,986.81,Medium Risk,Medium Risk,0.26,365.87,Payment retry & Concierge billing call,65.0,300.87,5.6,True
1454,2023-04-02,Premium,699,16.0,1,0,28,51,No,0.2836,8,1585.89,1585.89,4006.11,Low Risk,Low Risk,0.72,1141.84,No action,0.0,1141.84,1141.8,False
1455,2024-09-30,Premium,699,15.6,6,0,2,31,No,0.213,4,595.55,595.55,2200.45,Low Risk,Low Risk,0.44,262.04,No action,0.0,262.04,262.0,False
1456,2023-10-24,Premium,699,16.0,8,4,7,51,Yes,0.8423,6,3532.61,3532.61,661.39,Critical Risk,Critical Risk,0.05,176.63,Payment retry & Concierge billing call,65.0,111.63,2.7,True
1457,2024-04-25,Standard,399,6.0,7,4,14,24,Yes,0.7734,6,1851.52,1851.52,542.48,High Risk,High Risk,0.05,92.58,Payment retry & Concierge billing call,65.0,27.58,1.4,True
1458,2024-12-21,Basic,199,24.2,7,3,23,58,No,0.4411,8,702.23,702.23,889.77,Medium Risk,Medium Risk,0.26,182.58,Payment retry & Concierge billing call,65.0,117.58,2.8,True
1459,2024-11-05,Premium,699,0.7,5,1,26,32,Yes,0.8391,8,4692.25,4692.25,899.75,Critical Risk,Critical Risk,0.19,891.53,Payment reminder & Priority billing assistance,35.0,856.53,25.5,True
1460,2024-02-29,Standard,399,21.0,6,5,20,15,Yes,0.664,8,2119.49,2119.49,1072.51,High Risk,High Risk,0.15,317.92,Payment retry & Concierge billing call,65.0,252.92,4.9,True
1461,2023-11-22,Basic,199,1.1,5,4,1,52,Yes,0.9692,4,771.48,771.48,24.52,Critical Risk,Critical Risk,0.05,38.57,Payment retry & Concierge billing call,65.0,-26.43,0.6,False
1462,2023-07-17,Standard,399,24.0,6,1,11,35,No,0.4908,6,1174.98,1174.98,1219.02,Medium Risk,Medium Risk,0.42,493.49,Payment reminder & Priority billing assistance,35.0,458.49,14.1,True
1463,2023-06-27,Premium,699,20.8,6,1,26,60,No,0.3545,8,1982.36,1982.36,3609.64,Medium Risk,Medium Risk,0.47,931.71,Payment reminder & Priority billing assistance,35.0,896.71,26.6,True
1464,2023-05-10,Standard,399,13.2,6,1,21,6,No,0.2401,8,766.4,766.4,2425.6,Low Risk,Low Risk,0.59,452.18,No action,0.0,452.18,452.2,False
1465,2024-07-20,Premium,699,16.0,6,5,8,58,Yes,0.8319,6,3488.99,3488.99,705.01,Critical Risk,Critical Risk,0.05,174.45,Payment retry & Concierge billing call,65.0,109.45,2.7,True
1466,2024-08-30,Basic,199,5.5,1,0,21,27,Yes,0.3225,8,513.42,513.42,1078.58,Low Risk,Low Risk,0.7,359.39,No action,0.0,359.39,359.4,False
1467,2023-05-14,Basic,199,15.6,8,0,2,36,Yes,0.8055,4,641.18,641.18,154.82,Critical Risk,Critical Risk,0.24,153.88,Customer support follow-up,120.0,33.88,1.3,True
1468,2023-09-09,Standard,399,5.1,3,2,23,12,No,0.1963,8,626.59,626.59,2565.41,Low Risk,Low Risk,0.53,332.09,No action,0.0,332.09,332.1,False
1469,2024-10-04,Premium,699,19.4,0,2,25,5,No,0.2173,8,1215.14,1215.14,4376.86,Low Risk,Low Risk,0.79,959.96,No action,0.0,959.96,960.0,False
1470,2023-07-04,Basic,199,3.2,1,0,7,9,Yes,0.4395,6,524.76,524.76,669.24,Medium Risk,Medium Risk,0.71,372.58,Engagement campaign,10.0,362.58,37.3,True
1471,2023-01-23,Basic,199,12.6,5,1,5,25,Yes,0.4539,6,541.96,541.96,652.04,Medium Risk,Medium Risk,0.43,233.04,Payment reminder,15.0,218.04,15.5,True
1472,2023-11-18,Standard,399,12.4,1,1,5,43,No,0.2994,6,716.76,716.76,1677.24,Low Risk,Low Risk,0.5,358.38,No action,0.0,358.38,358.4,False
1473,2024-11-06,Premium,699,20.3,2,2,29,0,No,0.3479,8,1945.46,1945.46,3646.54,Low Risk,Low Risk,0.72,1400.73,No action,0.0,1400.73,1400.7,False
1474,2024-09-06,Premium,699,3.4,5,2,3,30,Yes,0.9649,4,2697.86,2697.86,98.14,Critical Risk,Critical Risk,0.11,296.76,Payment retry & Concierge billing call,65.0,231.76,4.6,True
1475,2024-07-02,Premium,699,4.4,4,0,1,12,No,0.6165,4,1723.73,1723.73,1072.27,High Risk,High Risk,0.6,1034.24,Customer support follow-up,120.0,914.24,8.6,True
1476,2023-08-11,Basic,199,13.0,2,1,34,55,No,0.3415,8,543.67,543.67,1048.33,Low Risk,Low Risk,0.55,299.02,No action,0.0,299.02,299.0,False
1477,2023-10-02,Basic,199,3.9,1,5,21,44,No,0.7976,8,1269.78,1269.78,322.22,High Risk,High Risk,0.05,63.49,Payment retry & Concierge billing call,65.0,-1.51,1.0,False
1478,2023-10-29,Standard,399,5.4,1,2,31,45,Yes,0.6849,8,2186.2,2186.2,1005.8,High Risk,High Risk,0.41,896.34,Payment retry & Concierge billing call,65.0,831.34,13.8,True
1479,2024-12-04,Standard,399,11.2,6,1,32,16,Yes,0.3001,8,957.92,957.92,2234.08,Low Risk,Low Risk,0.45,431.06,No action,0.0,431.06,431.1,False
1480,2023-11-16,Premium,699,24.1,1,4,18,50,No,0.5165,6,2166.2,2166.2,2027.8,Medium Risk,Medium Risk,0.4,866.48,Payment retry & Concierge billing call,65.0,801.48,13.3,True
1481,2024-09-02,Basic,199,23.9,7,3,14,56,Yes,0.5854,6,698.97,698.97,495.03,Medium Risk,Medium Risk,0.26,181.73,Payment retry & Concierge billing call,65.0,116.73,2.8,True
1482,2024-08-03,Premium,699,20.5,1,4,18,24,Yes,0.7146,6,2997.03,2997.03,1196.97,High Risk,High Risk,0.44,1318.69,Payment retry & Concierge billing call,65.0,1253.69,20.3,True
1483,2024-06-07,Standard,399,22.5,1,3,24,10,No,0.5167,8,1649.31,1649.31,1542.69,Medium Risk,Medium Risk,0.68,1121.53,Payment retry & Concierge billing call,65.0,1056.53,17.3,True
1484,2023-07-04,Standard,399,7.7,8,2,27,25,Yes,0.8504,8,2714.48,2714.48,477.52,Critical Risk,Critical Risk,0.12,325.74,Payment retry & Concierge billing call,65.0,260.74,5.0,True
1485,2024-01-16,Standard,399,19.9,5,1,28,4,Yes,0.3496,8,1115.92,1115.92,2076.08,Low Risk,Low Risk,0.7,781.14,No action,0.0,781.14,781.1,False
1486,2023-12-03,Standard,399,19.6,1,0,10,20,No,0.201,6,481.19,481.19,1912.81,Low Risk,Low Risk,0.76,365.7,No action,0.0,365.7,365.7,False
1487,2023-10-18,Basic,199,14.4,5,1,30,35,Yes,0.5251,8,835.96,835.96,756.04,Medium Risk,Medium Risk,0.44,367.82,Payment reminder,15.0,352.82,24.5,True
1488,2024-11-18,Premium,699,13.4,1,4,14,17,No,0.465,6,1950.21,1950.21,2243.79,Medium Risk,Medium Risk,0.37,721.58,Payment retry & Concierge billing call,65.0,656.58,11.1,True
1489,2023-07-21,Basic,199,17.2,6,2,27,52,Yes,0.6913,8,1100.55,1100.55,491.45,High Risk,High Risk,0.33,363.18,Payment retry & Concierge billing call,65.0,298.18,5.6,True
1490,2023-06-25,Basic,199,12.7,4,3,32,7,Yes,0.493,8,784.86,784.86,807.14,Medium Risk,Medium Risk,0.47,368.88,Payment retry & Concierge billing call,65.0,303.88,5.7,True
1491,2024-10-21,Premium,699,15.0,3,4,21,1,Yes,0.5364,8,2999.55,2999.55,2592.45,Medium Risk,Medium Risk,0.43,1289.81,Payment retry & Concierge billing call,65.0,1224.81,19.8,True
1492,2023-02-07,Premium,699,22.8,4,1,1,53,No,0.4681,4,1308.81,1308.81,1487.19,Medium Risk,Medium Risk,0.49,641.32,Payment reminder & Priority billing assistance,35.0,606.32,18.3,True
1493,2024-03-01,Premium,699,1.5,0,0,34,30,Yes,0.6603,8,3692.4,3692.4,1899.6,High Risk,High Risk,0.7,2584.68,Engagement campaign,10.0,2574.68,258.5,True
1494,2023-11-17,Premium,699,7.2,5,3,20,5,No,0.5013,8,2803.27,2803.27,2788.73,Medium Risk,Medium Risk,0.37,1037.21,Payment retry & Concierge billing call,65.0,972.21,16.0,True
1495,2023-05-05,Standard,399,10.1,7,3,4,54,Yes,0.8399,4,1340.48,1340.48,255.52,Critical Risk,Critical Risk,0.05,67.02,Payment retry & Concierge billing call,65.0,2.02,1.0,True
1496,2023-11-27,Standard,399,1.2,0,0,7,8,Yes,0.5691,6,1362.43,1362.43,1031.57,Medium Risk,Medium Risk,0.73,994.57,Engagement campaign,10.0,984.57,99.5,True
1497,2024-01-13,Premium,699,6.0,1,1,28,46,No,0.2181,8,1219.62,1219.62,4372.38,Low Risk,Low Risk,0.52,634.2,No action,0.0,634.2,634.2,False
1498,2023-04-24,Premium,699,23.4,0,2,1,56,No,0.3163,4,884.37,884.37,1911.63,Low Risk,Low Risk,0.55,486.4,No action,0.0,486.4,486.4,False
1499,2024-01-24,Basic,199,2.3,5,5,20,39,Yes,0.979,8,1558.57,1558.57,33.43,Critical Risk,Critical Risk,0.05,77.93,Payment retry & Concierge billing call,65.0,12.93,1.2,True
1500,2023-06-01,Standard,399,23.2,7,0,11,8,No,0.2834,6,678.46,678.46,1715.54,Low Risk,Low Risk,0.67,454.57,No action,0.0,454.57,454.6,False
1501,2024-05-04,Premium,699,16.1,1,4,27,33,Yes,0.6766,8,3783.55,3783.55,1808.45,High Risk,High Risk,0.32,1210.74,Payment retry & Concierge billing call,65.0,1145.74,18.6,True
1502,2023-09-28,Premium,699,24.4,5,5,32,30,Yes,0.8203,8,4587.12,4587.12,1004.88,Critical Risk,Critical Risk,0.1,458.71,Payment retry & Concierge billing call,65.0,393.71,7.1,True
1503,2023-07-30,Standard,399,9.1,3,5,6,41,No,0.5918,6,1416.77,1416.77,977.23,Medium Risk,Medium Risk,0.05,70.84,Payment retry & Concierge billing call,65.0,5.84,1.1,True
1504,2023-08-10,Premium,699,2.3,7,0,5,13,Yes,0.6396,6,2682.48,2682.48,1511.52,High Risk,High Risk,0.46,1233.94,Customer support follow-up,120.0,1113.94,10.3,True
1505,2024-06-24,Standard,399,5.1,1,2,25,13,No,0.1835,8,585.73,585.73,2606.27,Low Risk,Low Risk,0.61,357.3,No action,0.0,357.3,357.3,False
1506,2024-05-31,Premium,699,19.1,4,5,21,29,Yes,0.869,8,4859.45,4859.45,732.55,Critical Risk,Critical Risk,0.09,437.35,Payment retry & Concierge billing call,65.0,372.35,6.7,True
1507,2024-06-09,Basic,199,5.9,5,3,9,28,No,0.7105,6,848.34,848.34,345.66,High Risk,High Risk,0.16,135.73,Payment retry & Concierge billing call,65.0,70.73,2.1,True
1508,2024-08-14,Basic,199,5.1,4,3,26,10,No,0.3462,8,551.15,551.15,1040.85,Low Risk,Low Risk,0.39,214.95,No action,0.0,214.95,215.0,False
1509,2024-04-16,Premium,699,4.1,1,5,7,7,Yes,0.7524,6,3155.57,3155.57,1038.43,High Risk,High Risk,0.1,315.56,Payment retry & Concierge billing call,65.0,250.56,4.9,True
1510,2024-07-17,Basic,199,1.2,8,3,18,22,Yes,0.9831,6,1173.82,1173.82,20.18,Critical Risk,Critical Risk,0.05,58.69,Payment retry & Concierge billing call,65.0,-6.31,0.9,False
1511,2023-12-08,Basic,199,11.1,2,3,23,32,Yes,0.7237,8,1152.13,1152.13,439.87,High Risk,High Risk,0.33,380.2,Payment retry & Concierge billing call,65.0,315.2,5.8,True
1512,2024-03-08,Basic,199,7.2,1,0,29,41,No,0.4063,8,646.83,646.83,945.17,Medium Risk,Medium Risk,0.63,407.5,Engagement campaign,10.0,397.5,40.8,True
1513,2024-05-20,Basic,199,5.1,2,4,19,17,No,0.347,8,552.42,552.42,1039.58,Low Risk,Low Risk,0.25,138.1,No action,0.0,138.1,138.1,False
1514,2023-08-13,Premium,699,3.2,0,5,28,15,No,0.7405,8,4140.88,4140.88,1451.12,High Risk,High Risk,0.21,869.58,Payment retry & Concierge billing call,65.0,804.58,13.4,True
1515,2023-10-10,Basic,199,22.4,4,1,4,4,No,0.2829,4,225.19,225.19,570.81,Low Risk,Low Risk,0.68,153.13,No action,0.0,153.13,153.1,False
1516,2024-12-09,Basic,199,10.1,1,1,26,46,No,0.324,8,515.81,515.81,1076.19,Low Risk,Low Risk,0.56,288.85,No action,0.0,288.85,288.8,False
1517,2024-09-02,Standard,399,5.5,3,2,32,40,Yes,0.7131,8,2276.22,2276.22,915.78,High Risk,High Risk,0.34,773.91,Payment retry & Concierge billing call,65.0,708.91,11.9,True
1518,2023-11-09,Standard,399,2.8,8,5,1,39,Yes,0.9495,4,1515.4,1515.4,80.6,Critical Risk,Critical Risk,0.05,75.77,Payment retry & Concierge billing call,65.0,10.77,1.2,True
1519,2024-04-11,Premium,699,4.7,1,1,16,11,Yes,0.4983,6,2089.87,2089.87,2104.13,Medium Risk,Medium Risk,0.71,1483.81,Payment reminder & Priority billing assistance,35.0,1448.81,42.4,True
1520,2023-09-28,Basic,199,16.8,6,2,1,1,Yes,0.6359,4,506.18,506.18,289.82,High Risk,High Risk,0.45,227.78,Payment retry & Concierge billing call,65.0,162.78,3.5,True
1521,2024-08-20,Basic,199,17.1,0,4,11,22,No,0.335,6,399.99,399.99,794.01,Low Risk,Low Risk,0.37,148.0,No action,0.0,148.0,148.0,False
1522,2024-08-03,Basic,199,21.9,7,0,32,2,No,0.3092,8,492.25,492.25,1099.75,Low Risk,Low Risk,0.74,364.26,No action,0.0,364.26,364.3,False
1523,2023-04-07,Premium,699,21.0,8,4,19,10,No,0.7553,8,4223.64,4223.64,1368.36,High Risk,High Risk,0.17,718.02,Payment retry & Concierge billing call,65.0,653.02,11.0,True
1524,2024-07-12,Basic,199,20.2,5,3,20,31,Yes,0.8201,8,1305.6,1305.6,286.4,Critical Risk,Critical Risk,0.18,235.01,Payment retry & Concierge billing call,65.0,170.01,3.6,True
1525,2024-12-28,Standard,399,6.7,7,0,32,52,Yes,0.4349,8,1388.2,1388.2,1803.8,Medium Risk,Medium Risk,0.39,541.4,Customer support follow-up,120.0,421.4,4.5,True
1526,2024-10-17,Standard,399,19.5,7,0,34,17,No,0.2561,8,817.47,817.47,2374.53,Low Risk,Low Risk,0.59,482.31,No action,0.0,482.31,482.3,False
1527,2023-02-01,Basic,199,24.5,3,5,10,9,No,0.3866,6,461.6,461.6,732.4,Medium Risk,Medium Risk,0.34,156.94,Payment retry & Concierge billing call,65.0,91.94,2.4,True
1528,2024-10-16,Basic,199,9.3,1,1,28,58,No,0.3506,8,558.16,558.16,1033.84,Medium Risk,Medium Risk,0.55,306.99,Payment reminder,15.0,291.99,20.5,True
1529,2023-09-29,Basic,199,22.0,8,3,18,56,Yes,0.7555,6,902.07,902.07,291.93,High Risk,High Risk,0.08,72.17,Payment retry & Concierge billing call,65.0,7.17,1.1,True
1530,2023-10-10,Premium,699,22.3,6,4,23,26,No,0.7847,8,4388.04,4388.04,1203.96,High Risk,High Risk,0.14,614.33,Payment retry & Concierge billing call,65.0,549.33,9.5,True
1531,2023-05-06,Standard,399,1.5,8,5,13,21,Yes,0.9734,6,2330.32,2330.32,63.68,Critical Risk,Critical Risk,0.05,116.52,Payment retry & Concierge billing call,65.0,51.52,1.8,True
1532,2024-05-25,Standard,399,14.4,5,2,30,7,No,0.4989,8,1592.49,1592.49,1599.51,Medium Risk,Medium Risk,0.54,859.94,Payment retry & Concierge billing call,65.0,794.94,13.2,True
1533,2024-11-11,Premium,699,11.9,2,4,10,18,No,0.5112,6,2143.97,2143.97,2050.03,Medium Risk,Medium Risk,0.24,514.55,Payment retry & Concierge billing call,65.0,449.55,7.9,True
1534,2023-08-11,Basic,199,12.4,1,2,20,0,No,0.3762,8,598.91,598.91,993.09,Medium Risk,Medium Risk,0.68,407.26,Payment retry & Concierge billing call,65.0,342.26,6.3,True
1535,2023-01-01,Standard,399,1.8,4,0,8,27,Yes,0.7767,6,1859.42,1859.42,534.58,High Risk,High Risk,0.34,632.2,Customer support follow-up,120.0,512.2,5.3,True
1536,2024-07-28,Basic,199,3.9,4,4,17,42,Yes,0.896,6,1069.82,1069.82,124.18,Critical Risk,Critical Risk,0.05,53.49,Payment retry & Concierge billing call,65.0,-11.51,0.8,False
1537,2023-03-24,Basic,199,18.0,2,5,6,12,No,0.5005,6,597.6,597.6,596.4,Medium Risk,Medium Risk,0.32,191.23,Payment retry & Concierge billing call,65.0,126.23,2.9,True
1538,2024-01-31,Standard,399,1.3,5,1,15,51,Yes,0.9321,6,2231.45,2231.45,162.55,Critical Risk,Critical Risk,0.19,423.98,Payment reminder & Priority billing assistance,35.0,388.98,12.1,True
1539,2023-11-15,Standard,399,24.2,1,2,26,58,Yes,0.6482,8,2069.05,2069.05,1122.95,High Risk,High Risk,0.6,1241.43,Payment retry & Concierge billing call,65.0,1176.43,19.1,True
1540,2023-07-24,Basic,199,17.1,5,4,28,8,No,0.5048,8,803.64,803.64,788.36,Medium Risk,Medium Risk,0.37,297.35,Payment retry & Concierge billing call,65.0,232.35,4.6,True
1541,2024-08-03,Standard,399,10.7,3,2,9,19,Yes,0.5077,6,1215.43,1215.43,1178.57,Medium Risk,Medium Risk,0.39,474.02,Payment retry & Concierge billing call,65.0,409.02,7.3,True
1542,2024-03-28,Premium,699,13.9,6,3,30,6,Yes,0.611,8,3416.71,3416.71,2175.29,High Risk,High Risk,0.4,1366.68,Payment retry & Concierge billing call,65.0,1301.68,21.0,True
1543,2024-03-06,Premium,699,12.8,5,3,21,22,Yes,0.7777,8,4348.9,4348.9,1243.1,High Risk,High Risk,0.19,826.29,Payment retry & Concierge billing call,65.0,761.29,12.7,True
1544,2023-05-24,Standard,399,1.2,8,0,30,49,Yes,0.9126,8,2913.02,2913.02,278.98,Critical Risk,Critical Risk,0.17,495.21,Customer support follow-up,120.0,375.21,4.1,True
1545,2024-08-02,Premium,699,19.8,8,2,20,8,No,0.5842,8,3266.85,3266.85,2325.15,Medium Risk,Medium Risk,0.48,1568.09,Payment retry & Concierge billing call,65.0,1503.09,24.1,True
1546,2024-04-18,Standard,399,19.0,6,1,4,25,No,0.3869,4,617.49,617.49,978.51,Medium Risk,Medium Risk,0.45,277.87,Payment reminder & Priority billing assistance,35.0,242.87,7.9,True
1547,2024-10-27,Premium,699,21.1,1,0,30,17,No,0.1937,8,1083.17,1083.17,4508.83,Low Risk,Low Risk,0.85,920.69,No action,0.0,920.69,920.7,False
1548,2023-03-04,Basic,199,15.1,4,4,22,30,Yes,0.7999,8,1273.44,1273.44,318.56,High Risk,High Risk,0.15,191.02,Payment retry & Concierge billing call,65.0,126.02,2.9,True
1549,2024-07-29,Basic,199,18.6,0,5,33,13,No,0.4943,8,786.93,786.93,805.07,Medium Risk,Medium Risk,0.49,385.6,Payment retry & Concierge billing call,65.0,320.6,5.9,True
1550,2023-01-07,Premium,699,3.8,2,2,32,40,Yes,0.9121,8,5100.46,5100.46,491.54,Critical Risk,Critical Risk,0.24,1224.11,Payment retry & Concierge billing call,65.0,1159.11,18.8,True
1551,2024-06-16,Standard,399,3.3,0,1,13,38,No,0.4495,6,1076.1,1076.1,1317.9,Medium Risk,Medium Risk,0.53,570.33,Payment reminder & Priority billing assistance,35.0,535.33,16.3,True
1552,2024-02-05,Basic,199,5.5,7,0,16,53,No,0.4633,6,553.18,553.18,640.82,Medium Risk,Medium Risk,0.37,204.68,Customer support follow-up,120.0,84.68,1.7,True
1553,2024-07-13,Basic,199,7.8,7,1,8,52,Yes,0.5381,6,642.49,642.49,551.51,Medium Risk,Medium Risk,0.22,141.35,Payment reminder,15.0,126.35,9.4,True
1554,2023-07-09,Standard,399,21.6,1,3,29,9,No,0.3959,8,1263.71,1263.71,1928.29,Medium Risk,Medium Risk,0.68,859.32,Payment retry & Concierge billing call,65.0,794.32,13.2,True
1555,2023-10-24,Basic,199,4.7,8,1,16,30,Yes,0.7414,6,885.23,885.23,308.77,High Risk,High Risk,0.31,274.42,Payment reminder,15.0,259.42,18.3,True
1556,2024-01-31,Premium,699,24.0,7,2,7,42,Yes,0.722,6,3028.07,3028.07,1165.93,High Risk,High Risk,0.28,847.86,Payment retry & Concierge billing call,65.0,782.86,13.0,True
1557,2023-05-04,Premium,699,11.9,6,1,7,1,No,0.2404,6,1008.24,1008.24,3185.76,Low Risk,Low Risk,0.5,504.12,No action,0.0,504.12,504.1,False
1558,2024-11-03,Premium,699,0.8,4,0,25,41,Yes,0.6878,8,3846.18,3846.18,1745.82,High Risk,High Risk,0.45,1730.78,Customer support follow-up,120.0,1610.78,14.4,True
1559,2024-04-14,Premium,699,1.5,5,1,29,29,No,0.6215,8,3475.43,3475.43,2116.57,High Risk,High Risk,0.4,1390.17,Payment reminder & Priority billing assistance,35.0,1355.17,39.7,True
1560,2023-08-04,Standard,399,24.6,5,4,1,54,No,0.3033,4,484.07,484.07,1111.93,Low Risk,Low Risk,0.17,82.29,No action,0.0,82.29,82.3,False
1561,2024-11-02,Standard,399,10.1,1,1,34,41,Yes,0.5277,8,1684.42,1684.42,1507.58,Medium Risk,Medium Risk,0.56,943.28,Payment reminder & Priority billing assistance,35.0,908.28,27.0,True
1562,2023-11-07,Premium,699,11.8,2,2,22,50,No,0.4799,8,2683.6,2683.6,2908.4,Medium Risk,Medium Risk,0.44,1180.78,Payment retry & Concierge billing call,65.0,1115.78,18.2,True
1563,2023-07-04,Standard,399,22.9,7,3,5,30,Yes,0.7803,6,1868.04,1868.04,525.96,High Risk,High Risk,0.13,242.85,Payment retry & Concierge billing call,65.0,177.85,3.7,True
1564,2024-08-25,Premium,699,19.5,8,2,33,8,No,0.4116,8,2301.67,2301.67,3290.33,Medium Risk,Medium Risk,0.48,1104.8,Payment retry & Concierge billing call,65.0,1039.8,17.0,True
1565,2023-06-12,Premium,699,14.8,6,0,23,2,Yes,0.2499,8,1397.44,1397.44,4194.56,Low Risk,Low Risk,0.71,992.18,No action,0.0,992.18,992.2,False
1566,2023-08-26,Basic,199,16.8,7,5,7,30,Yes,0.7649,6,913.29,913.29,280.71,High Risk,High Risk,0.05,45.66,Payment retry & Concierge billing call,65.0,-19.34,0.7,False
1567,2024-03-06,Premium,699,3.1,2,5,16,57,Yes,0.9448,6,3962.49,3962.49,231.51,Critical Risk,Critical Risk,0.05,198.12,Payment retry & Concierge billing call,65.0,133.12,3.0,True
1568,2024-03-28,Basic,199,15.5,1,0,4,54,No,0.2942,4,234.18,234.18,561.82,Low Risk,Low Risk,0.63,147.53,No action,0.0,147.53,147.5,False
1569,2023-05-17,Standard,399,23.1,5,0,2,44,Yes,0.7044,4,1124.22,1124.22,471.78,High Risk,High Risk,0.55,618.32,Customer support follow-up,120.0,498.32,5.2,True
1570,2023-08-19,Premium,699,5.4,4,3,36,28,Yes,0.8216,8,4594.39,4594.39,997.61,Critical Risk,Critical Risk,0.15,689.16,Payment retry & Concierge billing call,65.0,624.16,10.6,True
1571,2024-10-06,Basic,199,11.1,8,1,11,5,No,0.2086,6,249.07,249.07,944.93,Low Risk,Low Risk,0.41,102.12,No action,0.0,102.12,102.1,False
1572,2024-08-04,Premium,699,5.5,2,0,7,23,No,0.247,6,1035.92,1035.92,3158.08,Low Risk,Low Risk,0.58,600.83,No action,0.0,600.83,600.8,False
1573,2024-08-07,Premium,699,8.8,8,3,5,12,No,0.5139,6,2155.3,2155.3,2038.7,Medium Risk,Medium Risk,0.19,409.51,Payment retry & Concierge billing call,65.0,344.51,6.3,True
1574,2024-03-13,Standard,399,9.1,8,1,33,51,Yes,0.5176,8,1652.18,1652.18,1539.82,Medium Risk,Medium Risk,0.27,446.09,Payment reminder & Priority billing assistance,35.0,411.09,12.7,True
1575,2023-04-14,Premium,699,21.9,1,1,25,50,No,0.2338,8,1307.41,1307.41,4284.59,Low Risk,Low Risk,0.68,889.04,No action,0.0,889.04,889.0,False
1576,2023-10-24,Basic,199,6.1,8,2,32,1,Yes,0.5921,8,942.62,942.62,649.38,Medium Risk,Medium Risk,0.34,320.49,Payment retry & Concierge billing call,65.0,255.49,4.9,True
1577,2024-08-12,Standard,399,17.7,1,1,25,18,Yes,0.1917,8,611.91,611.91,2580.09,Low Risk,Low Risk,0.72,440.58,No action,0.0,440.58,440.6,False
1578,2024-07-13,Basic,199,23.3,8,2,34,25,Yes,0.5674,8,903.3,903.3,688.7,Medium Risk,Medium Risk,0.39,352.29,Payment retry & Concierge billing call,65.0,287.29,5.4,True
1579,2024-03-07,Premium,699,14.8,4,5,8,1,Yes,0.4414,6,1851.23,1851.23,2342.77,Medium Risk,Medium Risk,0.21,388.76,Payment retry & Concierge billing call,65.0,323.76,6.0,True
1580,2023-12-04,Standard,399,8.7,0,1,13,13,No,0.1652,6,395.49,395.49,1998.51,Low Risk,Low Risk,0.79,312.44,No action,0.0,312.44,312.4,False
1581,2023-02-06,Premium,699,6.3,1,4,4,57,No,0.4757,4,1330.06,1330.06,1465.94,Medium Risk,Medium Risk,0.14,186.21,Payment retry & Concierge billing call,65.0,121.21,2.9,True
1582,2023-10-05,Standard,399,23.8,1,4,5,30,No,0.4861,6,1163.72,1163.72,1230.28,Medium Risk,Medium Risk,0.4,465.49,Payment retry & Concierge billing call,65.0,400.49,7.2,True
1583,2024-03-17,Premium,699,3.0,7,4,3,14,Yes,0.8711,4,2435.6,2435.6,360.4,Critical Risk,Critical Risk,0.05,121.78,Payment retry & Concierge billing call,65.0,56.78,1.9,True
1584,2023-07-20,Standard,399,19.6,3,0,20,59,Yes,0.4593,8,1466.09,1466.09,1725.91,Medium Risk,Medium Risk,0.68,996.94,Customer support follow-up,120.0,876.94,8.3,True
1585,2024-01-22,Premium,699,17.2,0,4,25,30,Yes,0.5753,8,3217.08,3217.08,2374.92,Medium Risk,Medium Risk,0.45,1447.69,Payment retry & Concierge billing call,65.0,1382.69,22.3,True
1586,2023-05-01,Premium,699,11.0,6,4,9,8,Yes,0.5762,6,2416.58,2416.58,1777.42,Medium Risk,Medium Risk,0.19,459.15,Payment retry & Concierge billing call,65.0,394.15,7.1,True
1587,2023-08-26,Premium,699,9.1,5,3,24,58,Yes,0.7763,8,4341.07,4341.07,1250.93,High Risk,High Risk,0.07,303.87,Payment retry & Concierge billing call,65.0,238.87,4.7,True
1588,2023-01-16,Basic,199,6.1,8,4,1,2,No,0.2822,4,224.63,224.63,571.37,Low Risk,Low Risk,0.06,13.48,No action,0.0,13.48,13.5,False
1589,2023-10-17,Premium,699,20.4,1,0,16,8,No,0.1558,6,653.43,653.43,3540.57,Low Risk,Low Risk,0.95,620.76,No action,0.0,620.76,620.8,False
1590,2024-05-05,Basic,199,9.1,3,2,21,8,No,0.419,8,667.05,667.05,924.95,Medium Risk,Medium Risk,0.57,380.22,Payment retry & Concierge billing call,65.0,315.22,5.8,True
1591,2024-05-21,Premium,699,16.6,1,2,8,60,Yes,0.7273,6,3050.3,3050.3,1143.7,High Risk,High Risk,0.45,1372.64,Payment retry & Concierge billing call,65.0,1307.64,21.1,True
1592,2024-01-11,Premium,699,22.5,3,3,23,45,Yes,0.6764,8,3782.43,3782.43,1809.57,High Risk,High Risk,0.4,1512.97,Payment retry & Concierge billing call,65.0,1447.97,23.3,True
1593,2024-12-15,Premium,699,21.8,3,4,19,57,Yes,0.7449,8,4165.48,4165.48,1426.52,High Risk,High Risk,0.3,1249.64,Payment retry & Concierge billing call,65.0,1184.64,19.2,True
1594,2024-05-12,Premium,699,3.1,5,3,33,45,Yes,0.9477,8,5299.54,5299.54,292.46,Critical Risk,Critical Risk,0.05,264.98,Payment retry & Concierge billing call,65.0,199.98,4.1,True
1595,2024-07-20,Standard,399,5.5,2,4,6,14,Yes,0.5015,6,1200.59,1200.59,1193.41,Medium Risk,Medium Risk,0.29,348.17,Payment retry & Concierge billing call,65.0,283.17,5.4,True
1596,2024-10-27,Basic,199,9.6,2,0,8,15,No,0.1746,6,208.47,208.47,985.53,Low Risk,Low Risk,0.62,129.25,No action,0.0,129.25,129.2,False
1597,2023-11-04,Standard,399,1.0,0,2,8,17,Yes,0.9231,6,2209.9,2209.9,184.1,Critical Risk,Critical Risk,0.29,640.87,Payment retry & Concierge billing call,65.0,575.87,9.9,True
1598,2024-01-29,Basic,199,7.3,6,3,4,1,No,0.4402,4,350.4,350.4,445.6,Medium Risk,Medium Risk,0.25,87.6,Payment retry & Concierge billing call,65.0,22.6,1.3,True
1599,2023-02-23,Standard,399,6.0,6,1,3,42,Yes,0.545,4,869.82,869.82,726.18,Medium Risk,Medium Risk,0.24,208.76,Payment reminder & Priority billing assistance,35.0,173.76,6.0,True
1600,2023-12-11,Premium,699,1.3,5,0,20,58,Yes,0.8685,8,4856.65,4856.65,735.35,Critical Risk,Critical Risk,0.29,1408.43,Customer support follow-up,120.0,1288.43,11.7,True
1601,2024-03-13,Standard,399,19.1,5,5,14,53,Yes,0.7582,6,1815.13,1815.13,578.87,High Risk,High Risk,0.05,90.76,Payment retry & Concierge billing call,65.0,25.76,1.4,True
1602,2024-11-25,Premium,699,20.3,8,3,4,60,Yes,0.6416,4,1793.91,1793.91,1002.09,High Risk,High Risk,0.1,179.39,Payment retry & Concierge billing call,65.0,114.39,2.8,True
1603,2024-04-23,Standard,399,11.9,8,2,35,10,No,0.5247,8,1674.84,1674.84,1517.16,Medium Risk,Medium Risk,0.4,669.94,Payment retry & Concierge billing call,65.0,604.94,10.3,True
1604,2023-10-08,Premium,699,3.7,0,2,16,51,Yes,0.9107,6,3819.48,3819.48,374.52,Critical Risk,Critical Risk,0.32,1222.23,Payment retry & Concierge billing call,65.0,1157.23,18.8,True
1605,2024-09-22,Basic,199,19.4,4,2,16,36,Yes,0.686,6,819.08,819.08,374.92,High Risk,High Risk,0.43,352.2,Payment retry & Concierge billing call,65.0,287.2,5.4,True
1606,2023-01-13,Standard,399,7.1,4,5,24,51,No,0.6614,8,2111.19,2111.19,1080.81,High Risk,High Risk,0.05,105.56,Payment retry & Concierge billing call,65.0,40.56,1.6,True
1607,2024-04-18,Basic,199,14.4,5,2,20,54,Yes,0.7842,8,1248.45,1248.45,343.55,High Risk,High Risk,0.22,274.66,Payment retry & Concierge billing call,65.0,209.66,4.2,True
1608,2024-07-23,Basic,199,0.7,0,2,29,30,Yes,0.8474,8,1349.06,1349.06,242.94,Critical Risk,Critical Risk,0.37,499.15,Payment retry & Concierge billing call,65.0,434.15,7.7,True
1609,2023-11-18,Basic,199,1.9,1,2,27,57,Yes,0.9408,8,1497.75,1497.75,94.25,Critical Risk,Critical Risk,0.26,389.42,Payment retry & Concierge billing call,65.0,324.42,6.0,True
1610,2023-08-21,Basic,199,4.9,4,2,29,55,Yes,0.8819,8,1403.98,1403.98,188.02,Critical Risk,Critical Risk,0.17,238.68,Payment retry & Concierge billing call,65.0,173.68,3.7,True
1611,2023-07-08,Premium,699,4.1,0,1,12,7,No,0.3858,6,1618.05,1618.05,2575.95,Medium Risk,Medium Risk,0.66,1067.91,Payment reminder & Priority billing assistance,35.0,1032.91,30.5,True
1612,2023-03-04,Premium,699,21.6,5,0,33,35,No,0.427,8,2387.78,2387.78,3204.22,Medium Risk,Medium Risk,0.62,1480.42,Customer support follow-up,120.0,1360.42,12.3,True
1613,2023-12-28,Premium,699,24.4,0,5,17,54,No,0.3786,6,1587.85,1587.85,2606.15,Medium Risk,Medium Risk,0.34,539.87,Payment retry & Concierge billing call,65.0,474.87,8.3,True
1614,2023-04-26,Premium,699,15.2,5,0,3,4,No,0.2126,4,594.43,594.43,2201.57,Low Risk,Low Risk,0.67,398.27,No action,0.0,398.27,398.3,False
1615,2024-11-28,Premium,699,6.3,5,4,5,23,No,0.4289,6,1798.81,1798.81,2395.19,Medium Risk,Medium Risk,0.06,107.93,Payment retry & Concierge billing call,65.0,42.93,1.7,True
1616,2024-01-04,Standard,399,16.2,4,1,5,1,No,0.1772,6,424.22,424.22,1969.78,Low Risk,Low Risk,0.62,263.02,No action,0.0,263.02,263.0,False
1617,2024-09-28,Standard,399,22.5,5,3,27,60,No,0.758,8,2419.54,2419.54,772.46,High Risk,High Risk,0.2,483.91,Payment retry & Concierge billing call,65.0,418.91,7.4,True
1618,2023-04-19,Basic,199,9.5,4,1,11,58,No,0.3282,6,391.87,391.87,802.13,Low Risk,Low Risk,0.36,141.07,No action,0.0,141.07,141.1,False
1619,2024-08-18,Premium,699,20.3,8,5,14,49,Yes,0.8687,6,3643.33,3643.33,550.67,Critical Risk,Critical Risk,0.05,182.17,Payment retry & Concierge billing call,65.0,117.17,2.8,True
1620,2023-06-03,Premium,699,23.5,6,4,23,2,No,0.4072,8,2277.06,2277.06,3314.94,Medium Risk,Medium Risk,0.39,888.05,Payment retry & Concierge billing call,65.0,823.05,13.7,True
1621,2024-10-07,Standard,399,23.9,3,4,6,32,No,0.5091,6,1218.79,1218.79,1175.21,Medium Risk,Medium Risk,0.24,292.51,Payment retry & Concierge billing call,65.0,227.51,4.5,True
1622,2024-04-28,Premium,699,13.7,1,4,27,51,Yes,0.6324,8,3536.38,3536.38,2055.62,High Risk,High Risk,0.3,1060.91,Payment retry & Concierge billing call,65.0,995.91,16.3,True
1623,2023-10-28,Premium,699,13.2,5,2,34,12,No,0.4357,8,2436.43,2436.43,3155.57,Medium Risk,Medium Risk,0.53,1291.31,Payment retry & Concierge billing call,65.0,1226.31,19.9,True
1624,2023-04-29,Basic,199,6.5,5,1,22,29,Yes,0.4981,8,792.98,792.98,799.02,Medium Risk,Medium Risk,0.44,348.91,Payment reminder,15.0,333.91,23.3,True
1625,2024-06-01,Premium,699,11.4,6,2,16,5,Yes,0.5281,6,2214.85,2214.85,1979.15,Medium Risk,Medium Risk,0.47,1040.98,Payment retry & Concierge billing call,65.0,975.98,16.0,True
1626,2024-08-06,Basic,199,16.5,3,3,24,50,Yes,0.5586,8,889.29,889.29,702.71,Medium Risk,Medium Risk,0.34,302.36,Payment retry & Concierge billing call,65.0,237.36,4.7,True
1627,2024-09-12,Basic,199,6.5,6,5,35,37,Yes,0.8455,8,1346.04,1346.04,245.96,Critical Risk,Critical Risk,0.05,67.3,Payment retry & Concierge billing call,65.0,2.3,1.0,True
1628,2023-06-01,Standard,399,8.9,1,0,19,26,No,0.3313,8,1057.51,1057.51,2134.49,Low Risk,Low Risk,0.73,771.98,No action,0.0,771.98,772.0,False
1629,2023-06-20,Premium,699,16.0,3,1,32,56,No,0.1694,8,947.28,947.28,4644.72,Low Risk,Low Risk,0.54,511.53,No action,0.0,511.53,511.5,False
1630,2023-04-14,Basic,199,7.0,8,5,27,59,Yes,0.8186,8,1303.21,1303.21,288.79,Critical Risk,Critical Risk,0.05,65.16,Payment retry & Concierge billing call,65.0,0.16,1.0,True
1631,2023-05-16,Basic,199,20.9,0,5,3,10,No,0.373,4,296.91,296.91,499.09,Medium Risk,Medium Risk,0.43,127.67,Payment retry & Concierge billing call,65.0,62.67,2.0,True
1632,2024-07-24,Premium,699,23.0,6,2,34,8,Yes,0.6039,8,3377.01,3377.01,2214.99,High Risk,High Risk,0.59,1992.44,Payment retry & Concierge billing call,65.0,1927.44,30.7,True
1633,2023-02-16,Basic,199,3.4,5,4,19,38,Yes,0.9469,8,1507.46,1507.46,84.54,Critical Risk,Critical Risk,0.05,75.37,Payment retry & Concierge billing call,65.0,10.37,1.2,True
1634,2024-03-22,Basic,199,23.8,6,5,23,28,Yes,0.6902,8,1098.8,1098.8,493.2,High Risk,High Risk,0.18,197.78,Payment retry & Concierge billing call,65.0,132.78,3.0,True
1635,2024-06-05,Standard,399,17.7,2,5,31,49,Yes,0.6545,8,2089.16,2089.16,1102.84,High Risk,High Risk,0.2,417.83,Payment retry & Concierge billing call,65.0,352.83,6.4,True
1636,2023-11-25,Basic,199,22.4,5,5,10,41,Yes,0.844,6,1007.74,1007.74,186.26,Critical Risk,Critical Risk,0.05,50.39,Payment retry & Concierge billing call,65.0,-14.61,0.8,False
1637,2023-12-16,Standard,399,13.0,4,0,12,14,No,0.1232,6,294.94,294.94,2099.06,Low Risk,Low Risk,0.69,203.51,No action,0.0,203.51,203.5,False
1638,2023-11-23,Basic,199,22.5,8,3,34,18,Yes,0.6938,8,1104.53,1104.53,487.47,High Risk,High Risk,0.28,309.27,Payment retry & Concierge billing call,65.0,244.27,4.8,True
1639,2024-09-22,Basic,199,1.5,3,3,10,33,Yes,0.939,6,1121.17,1121.17,72.83,Critical Risk,Critical Risk,0.05,56.06,Payment retry & Concierge billing call,65.0,-8.94,0.9,False
1640,2024-03-25,Standard,399,9.0,2,0,7,18,No,0.2405,6,575.76,575.76,1818.24,Low Risk,Low Risk,0.61,351.21,No action,0.0,351.21,351.2,False
1641,2023-08-26,Basic,199,7.6,4,4,11,48,Yes,0.6827,6,815.14,815.14,378.86,High Risk,High Risk,0.05,40.76,Payment retry & Concierge billing call,65.0,-24.24,0.6,False
1642,2023-06-22,Premium,699,4.0,3,4,18,53,Yes,0.9343,6,3918.45,3918.45,275.55,Critical Risk,Critical Risk,0.05,195.92,Payment retry & Concierge billing call,65.0,130.92,3.0,True
1643,2024-05-15,Basic,199,24.0,8,4,3,51,Yes,0.3591,4,285.84,285.84,510.16,Medium Risk,Medium Risk,0.05,14.29,Payment retry & Concierge billing call,65.0,-50.71,0.2,False
1644,2024-04-09,Basic,199,5.5,6,5,24,28,Yes,0.7902,8,1258.0,1258.0,334.0,High Risk,High Risk,0.05,62.9,Payment retry & Concierge billing call,65.0,-2.1,1.0,False
1645,2023-09-27,Standard,399,18.0,1,3,8,56,Yes,0.7218,6,1727.99,1727.99,666.01,High Risk,High Risk,0.36,622.08,Payment retry & Concierge billing call,65.0,557.08,9.6,True
1646,2023-08-16,Basic,199,24.8,1,2,9,51,Yes,0.6637,6,792.46,792.46,401.54,High Risk,High Risk,0.53,420.0,Payment retry & Concierge billing call,65.0,355.0,6.5,True
1647,2024-06-09,Premium,699,8.5,8,2,5,17,Yes,0.6074,6,2547.44,2547.44,1646.56,High Risk,High Risk,0.17,433.06,Payment retry & Concierge billing call,65.0,368.06,6.7,True
1648,2024-12-23,Premium,699,17.8,5,0,5,27,Yes,0.3461,6,1451.54,1451.54,2742.46,Low Risk,Low Risk,0.58,841.89,No action,0.0,841.89,841.9,False
1649,2023-02-06,Premium,699,5.2,8,5,21,53,No,0.9044,8,5057.4,5057.4,534.6,Critical Risk,Critical Risk,0.05,252.87,Payment retry & Concierge billing call,65.0,187.87,3.9,True
1650,2024-04-26,Premium,699,6.5,6,1,1,43,Yes,0.7767,4,2171.65,2171.65,624.35,High Risk,High Risk,0.12,260.6,Payment reminder & Priority billing assistance,35.0,225.6,7.4,True
1651,2023-04-01,Basic,199,20.4,7,2,32,8,Yes,0.6029,8,959.82,959.82,632.18,High Risk,High Risk,0.52,499.11,Payment retry & Concierge billing call,65.0,434.11,7.7,True
1652,2024-12-28,Premium,699,0.6,1,3,14,35,Yes,0.8774,6,3679.82,3679.82,514.18,Critical Risk,Critical Risk,0.15,551.97,Payment retry & Concierge billing call,65.0,486.97,8.5,True
1653,2023-08-29,Basic,199,10.7,4,4,3,24,Yes,0.6873,4,547.09,547.09,248.91,High Risk,High Risk,0.15,82.06,Payment retry & Concierge billing call,65.0,17.06,1.3,True
1654,2023-10-27,Premium,699,12.4,2,2,23,53,Yes,0.4799,8,2683.6,2683.6,2908.4,Medium Risk,Medium Risk,0.44,1180.78,Payment retry & Concierge billing call,65.0,1115.78,18.2,True
1655,2023-10-30,Premium,699,12.5,6,4,32,22,Yes,0.7986,8,4465.77,4465.77,1126.23,High Risk,High Risk,0.05,223.29,Payment retry & Concierge billing call,65.0,158.29,3.4,True
1656,2024-11-09,Basic,199,3.3,4,3,15,28,Yes,0.9288,6,1108.99,1108.99,85.01,Critical Risk,Critical Risk,0.13,144.17,Payment retry & Concierge billing call,65.0,79.17,2.2,True
1657,2024-02-12,Standard,399,4.8,5,5,8,7,Yes,0.8987,6,2151.49,2151.49,242.51,Critical Risk,Critical Risk,0.05,107.57,Payment retry & Concierge billing call,65.0,42.57,1.7,True
1658,2023-08-29,Premium,699,19.5,7,3,9,38,Yes,0.8398,6,3522.12,3522.12,671.88,Critical Risk,Critical Risk,0.05,176.11,Payment retry & Concierge billing call,65.0,111.11,2.7,True
1659,2023-11-27,Basic,199,7.1,3,3,19,3,No,0.4399,8,700.32,700.32,891.68,Medium Risk,Medium Risk,0.45,315.14,Payment retry & Concierge billing call,65.0,250.14,4.8,True
1660,2023-02-25,Standard,399,10.6,7,3,21,25,Yes,0.83,8,2649.36,2649.36,542.64,Critical Risk,Critical Risk,0.09,238.44,Payment retry & Concierge billing call,65.0,173.44,3.7,True
1661,2024-04-03,Standard,399,18.3,5,5,32,52,Yes,0.7073,8,2257.7,2257.7,934.3,High Risk,High Risk,0.08,180.62,Payment retry & Concierge billing call,65.0,115.62,2.8,True
1662,2023-04-23,Standard,399,14.5,2,4,15,13,No,0.4414,6,1056.71,1056.71,1337.29,Medium Risk,Medium Risk,0.46,486.09,Payment retry & Concierge billing call,65.0,421.09,7.5,True
1663,2024-01-24,Premium,699,3.7,8,0,22,60,Yes,0.7567,8,4231.47,4231.47,1360.53,High Risk,High Risk,0.2,846.29,Customer support follow-up,120.0,726.29,7.1,True
1664,2023-08-04,Basic,199,22.8,8,0,22,41,Yes,0.8015,8,1275.99,1275.99,316.01,Critical Risk,Critical Risk,0.39,497.64,Customer support follow-up,120.0,377.64,4.1,True
1665,2023-08-23,Standard,399,5.4,2,4,35,25,No,0.6689,8,2135.13,2135.13,1056.87,High Risk,High Risk,0.25,533.78,Payment retry & Concierge billing call,65.0,468.78,8.2,True
1666,2023-09-12,Standard,399,22.8,5,3,11,13,No,0.6141,6,1470.16,1470.16,923.84,High Risk,High Risk,0.45,661.57,Payment retry & Concierge billing call,65.0,596.57,10.2,True
1667,2024-05-11,Basic,199,21.2,8,0,3,32,Yes,0.6909,4,549.96,549.96,246.04,High Risk,High Risk,0.41,225.48,Customer support follow-up,120.0,105.48,1.9,True
1668,2023-09-11,Basic,199,7.4,0,1,11,40,No,0.3014,6,359.87,359.87,834.13,Low Risk,Low Risk,0.49,176.34,No action,0.0,176.34,176.3,False
1669,2023-10-04,Basic,199,18.9,6,5,18,25,Yes,0.9002,6,1074.84,1074.84,119.16,Critical Risk,Critical Risk,0.05,53.74,Payment retry & Concierge billing call,65.0,-11.26,0.8,False
1670,2024-07-08,Basic,199,2.3,6,0,5,0,No,0.3249,6,387.93,387.93,806.07,Low Risk,Low Risk,0.5,193.96,No action,0.0,193.96,194.0,False
1671,2023-11-16,Premium,699,2.8,6,1,10,53,Yes,0.9178,6,3849.25,3849.25,344.75,Critical Risk,Critical Risk,0.09,346.43,Payment reminder & Priority billing assistance,35.0,311.43,9.9,True
1672,2023-04-13,Standard,399,13.1,0,2,28,17,No,0.2717,8,867.27,867.27,2324.73,Low Risk,Low Risk,0.61,529.03,No action,0.0,529.03,529.0,False
1673,2024-07-28,Standard,399,9.7,6,0,31,14,No,0.2295,8,732.56,732.56,2459.44,Low Risk,Low Risk,0.66,483.49,No action,0.0,483.49,483.5,False
1674,2024-05-23,Standard,399,7.5,8,4,31,15,Yes,0.7235,8,2309.41,2309.41,882.59,High Risk,High Risk,0.05,115.47,Payment retry & Concierge billing call,65.0,50.47,1.8,True
1675,2024-08-14,Premium,699,23.8,8,5,26,6,Yes,0.7658,8,4282.35,4282.35,1309.65,High Risk,High Risk,0.1,428.24,Payment retry & Concierge billing call,65.0,363.24,6.6,True
1676,2024-10-20,Basic,199,19.4,7,2,26,30,Yes,0.7619,8,1212.94,1212.94,379.06,High Risk,High Risk,0.27,327.49,Payment retry & Concierge billing call,65.0,262.49,5.0,True
1677,2024-05-16,Standard,399,4.0,1,0,22,35,Yes,0.5509,8,1758.47,1758.47,1433.53,Medium Risk,Medium Risk,0.6,1055.08,Engagement campaign,10.0,1045.08,105.5,True
1678,2024-08-03,Premium,699,2.6,6,4,16,53,Yes,0.9868,6,4138.64,4138.64,55.36,Critical Risk,Critical Risk,0.05,206.93,Payment retry & Concierge billing call,65.0,141.93,3.2,True
1679,2023-06-04,Basic,199,19.3,4,3,4,19,No,0.4388,4,349.28,349.28,446.72,Medium Risk,Medium Risk,0.33,115.26,Payment retry & Concierge billing call,65.0,50.26,1.8,True
1680,2024-07-29,Basic,199,17.4,6,0,21,17,No,0.1608,8,255.99,255.99,1336.01,Low Risk,Low Risk,0.61,156.15,No action,0.0,156.15,156.2,False
1681,2024-06-10,Standard,399,12.7,3,2,35,29,No,0.6111,8,1950.63,1950.63,1241.37,High Risk,High Risk,0.49,955.81,Payment retry & Concierge billing call,65.0,890.81,14.7,True
1682,2023-01-14,Premium,699,23.1,6,5,6,4,Yes,0.6527,6,2737.42,2737.42,1456.58,High Risk,High Risk,0.21,574.86,Payment retry & Concierge billing call,65.0,509.86,8.8,True
1683,2023-04-27,Basic,199,18.8,2,1,34,28,No,0.2778,8,442.26,442.26,1149.74,Low Risk,Low Risk,0.69,305.16,No action,0.0,305.16,305.2,False
1684,2024-07-14,Basic,199,12.6,8,3,28,8,No,0.6463,8,1028.91,1028.91,563.09,High Risk,High Risk,0.31,318.96,Payment retry & Concierge billing call,65.0,253.96,4.9,True
1685,2024-11-23,Standard,399,0.7,1,3,26,18,No,0.3138,8,1001.65,1001.65,2190.35,Low Risk,Low Risk,0.35,350.58,No action,0.0,350.58,350.6,False
1686,2023-10-25,Standard,399,8.4,5,4,34,41,Yes,0.8276,8,2641.7,2641.7,550.3,Critical Risk,Critical Risk,0.05,132.08,Payment retry & Concierge billing call,65.0,67.08,2.0,True
1687,2024-04-18,Premium,699,20.2,5,4,14,38,Yes,0.8693,6,3645.84,3645.84,548.16,Critical Risk,Critical Risk,0.08,291.67,Payment retry & Concierge billing call,65.0,226.67,4.5,True
1688,2024-04-30,Basic,199,23.2,2,1,22,33,No,0.3715,8,591.43,591.43,1000.57,Medium Risk,Medium Risk,0.65,384.43,Payment reminder,15.0,369.43,25.6,True
1689,2023-01-06,Basic,199,10.7,2,3,21,4,No,0.4014,8,639.03,639.03,952.97,Medium Risk,Medium Risk,0.53,338.69,Payment retry & Concierge billing call,65.0,273.69,5.2,True
1690,2023-03-04,Standard,399,5.4,1,4,13,29,Yes,0.5953,6,1425.15,1425.15,968.85,Medium Risk,Medium Risk,0.29,413.29,Payment retry & Concierge billing call,65.0,348.29,6.4,True
1691,2023-08-20,Premium,699,15.1,1,2,30,40,Yes,0.754,8,4216.37,4216.37,1375.63,High Risk,High Risk,0.39,1644.38,Payment retry & Concierge billing call,65.0,1579.38,25.3,True
1692,2024-03-12,Standard,399,23.2,4,2,1,52,No,0.3588,4,572.64,572.64,1023.36,Medium Risk,Medium Risk,0.39,223.33,Payment retry & Concierge billing call,65.0,158.33,3.4,True
1693,2024-11-06,Premium,699,9.5,6,2,20,35,Yes,0.7582,8,4239.85,4239.85,1352.15,High Risk,High Risk,0.14,593.58,Payment retry & Concierge billing call,65.0,528.58,9.1,True
1694,2023-09-27,Basic,199,15.0,1,5,5,13,Yes,0.581,6,693.71,693.71,500.29,Medium Risk,Medium Risk,0.33,228.92,Payment retry & Concierge billing call,65.0,163.92,3.5,True
1695,2023-12-05,Premium,699,3.6,8,4,7,41,Yes,0.9668,6,4054.76,4054.76,139.24,Critical Risk,Critical Risk,0.05,202.74,Payment retry & Concierge billing call,65.0,137.74,3.1,True
1696,2023-08-26,Premium,699,24.2,7,1,18,10,Yes,0.4082,6,1711.99,1711.99,2482.01,Medium Risk,Medium Risk,0.66,1129.91,Payment reminder & Priority billing assistance,35.0,1094.91,32.3,True
1697,2023-01-01,Basic,199,23.3,2,1,6,10,No,0.1894,6,226.14,226.14,967.86,Low Risk,Low Risk,0.77,174.13,No action,0.0,174.13,174.1,False
1698,2024-03-11,Standard,399,22.5,0,1,5,32,No,0.3365,6,805.58,805.58,1588.42,Low Risk,Low Risk,0.64,515.57,No action,0.0,515.57,515.6,False
1699,2024-01-22,Premium,699,8.5,8,0,31,15,No,0.2725,8,1523.82,1523.82,4068.18,Low Risk,Low Risk,0.44,670.48,No action,0.0,670.48,670.5,False
1700,2024-09-11,Standard,399,9.2,8,2,31,33,Yes,0.8084,8,2580.41,2580.41,611.59,Critical Risk,Critical Risk,0.05,129.02,Payment retry & Concierge billing call,65.0,64.02,2.0,True
1701,2024-07-27,Basic,199,23.7,4,5,11,9,No,0.3716,6,443.69,443.69,750.31,Medium Risk,Medium Risk,0.3,133.11,Payment retry & Concierge billing call,65.0,68.11,2.0,True
1702,2024-03-21,Standard,399,17.5,4,5,32,7,No,0.3905,8,1246.48,1246.48,1945.52,Medium Risk,Medium Risk,0.32,398.87,Payment retry & Concierge billing call,65.0,333.87,6.1,True
1703,2024-03-10,Premium,699,4.9,5,3,23,49,Yes,0.9503,8,5314.08,5314.08,277.92,Critical Risk,Critical Risk,0.05,265.7,Payment retry & Concierge billing call,65.0,200.7,4.1,True
1704,2023-01-11,Basic,199,22.0,3,3,36,23,Yes,0.6131,8,976.06,976.06,615.94,High Risk,High Risk,0.48,468.51,Payment retry & Concierge billing call,65.0,403.51,7.2,True
1705,2023-04-07,Basic,199,9.3,3,0,29,37,Yes,0.3759,8,598.43,598.43,993.57,Medium Risk,Medium Risk,0.57,341.11,Customer support follow-up,120.0,221.11,2.8,True
1706,2023-10-09,Standard,399,12.8,0,4,17,17,Yes,0.4476,6,1071.55,1071.55,1322.45,Medium Risk,Medium Risk,0.41,439.34,Payment retry & Concierge billing call,65.0,374.34,6.8,True
1707,2024-08-08,Premium,699,10.3,4,2,31,40,Yes,0.8113,8,4536.79,4536.79,1055.21,Critical Risk,Critical Risk,0.22,998.09,Payment retry & Concierge billing call,65.0,933.09,15.4,True
1708,2024-10-25,Basic,199,24.9,7,3,31,11,Yes,0.5818,8,926.23,926.23,665.77,Medium Risk,Medium Risk,0.47,435.33,Payment retry & Concierge billing call,65.0,370.33,6.7,True
1709,2024-12-23,Premium,699,1.4,0,4,7,57,Yes,0.9661,6,4051.82,4051.82,142.18,Critical Risk,Critical Risk,0.05,202.59,Payment retry & Concierge billing call,65.0,137.59,3.1,True
1710,2023-05-03,Premium,699,21.8,2,0,12,26,No,0.2668,6,1118.96,1118.96,3075.04,Low Risk,Low Risk,0.74,828.03,No action,0.0,828.03,828.0,False
1711,2023-10-12,Basic,199,16.1,0,2,29,6,No,0.2409,8,383.51,383.51,1208.49,Low Risk,Low Risk,0.76,291.47,No action,0.0,291.47,291.5,False
1712,2024-08-23,Basic,199,8.7,5,5,2,10,No,0.3514,4,279.71,279.71,516.29,Medium Risk,Medium Risk,0.11,30.77,Payment retry & Concierge billing call,65.0,-34.23,0.5,False
1713,2023-03-04,Premium,699,13.2,6,3,24,53,Yes,0.7983,8,4464.09,4464.09,1127.91,High Risk,High Risk,0.07,312.49,Payment retry & Concierge billing call,65.0,247.49,4.8,True
1714,2023-06-26,Basic,199,20.7,8,1,13,46,Yes,0.4953,6,591.39,591.39,602.61,Medium Risk,Medium Risk,0.39,230.64,Payment reminder,15.0,215.64,15.4,True
1715,2024-10-12,Standard,399,7.3,3,5,3,32,Yes,0.5682,4,906.85,906.85,689.15,Medium Risk,Medium Risk,0.05,45.34,Payment retry & Concierge billing call,65.0,-19.66,0.7,False
1716,2024-08-04,Premium,699,8.1,8,2,1,7,Yes,0.8025,4,2243.79,2243.79,552.21,Critical Risk,Critical Risk,0.16,359.01,Payment retry & Concierge billing call,65.0,294.01,5.5,True
1717,2023-07-06,Premium,699,14.4,7,0,6,7,No,0.1768,6,741.5,741.5,3452.5,Low Risk,Low Risk,0.58,430.07,No action,0.0,430.07,430.1,False
1718,2024-10-15,Premium,699,5.0,0,1,6,50,Yes,0.5709,6,2394.35,2394.35,1799.65,Medium Risk,Medium Risk,0.47,1125.34,Payment reminder & Priority billing assistance,35.0,1090.34,32.2,True
1719,2023-07-15,Standard,399,2.5,3,2,30,53,Yes,0.9322,8,2975.58,2975.58,216.42,Critical Risk,Critical Risk,0.18,535.6,Payment retry & Concierge billing call,65.0,470.6,8.2,True
1720,2023-05-24,Premium,699,8.1,6,5,9,18,Yes,0.6215,6,2606.57,2606.57,1587.43,High Risk,High Risk,0.05,130.33,Payment retry & Concierge billing call,65.0,65.33,2.0,True
1721,2023-10-30,Premium,699,10.6,3,2,21,56,Yes,0.5113,8,2859.19,2859.19,2732.81,Medium Risk,Medium Risk,0.39,1115.08,Payment retry & Concierge billing call,65.0,1050.08,17.2,True
1722,2024-10-19,Standard,399,7.0,7,2,29,37,Yes,0.8269,8,2639.46,2639.46,552.54,Critical Risk,Critical Risk,0.07,184.76,Payment retry & Concierge billing call,65.0,119.76,2.8,True
1723,2024-01-30,Premium,699,20.8,2,0,29,60,No,0.2391,8,1337.05,1337.05,4254.95,Low Risk,Low Risk,0.73,976.05,No action,0.0,976.05,976.0,False
1724,2023-10-23,Basic,199,14.4,6,2,35,41,No,0.6282,8,1000.09,1000.09,591.91,High Risk,High Risk,0.3,300.03,Payment retry & Concierge billing call,65.0,235.03,4.6,True
1725,2023-10-03,Basic,199,17.6,8,4,22,53,Yes,0.7736,8,1231.57,1231.57,360.43,High Risk,High Risk,0.05,61.58,Payment retry & Concierge billing call,65.0,-3.42,0.9,False
1726,2023-04-29,Basic,199,19.4,4,1,33,29,Yes,0.3478,8,553.7,553.7,1038.3,Low Risk,Low Risk,0.61,337.76,No action,0.0,337.76,337.8,False
1727,2024-01-22,Premium,699,12.1,7,4,12,20,Yes,0.6035,6,2531.08,2531.08,1662.92,High Risk,High Risk,0.05,126.55,Payment retry & Concierge billing call,65.0,61.55,1.9,True
1728,2023-01-09,Premium,699,8.4,1,5,3,22,No,0.4961,4,1387.1,1387.1,1408.9,Medium Risk,Medium Risk,0.14,194.19,Payment retry & Concierge billing call,65.0,129.19,3.0,True
1729,2024-01-02,Basic,199,12.1,5,5,27,57,Yes,0.7991,8,1272.17,1272.17,319.83,High Risk,High Risk,0.05,63.61,Payment retry & Concierge billing call,65.0,-1.39,1.0,False
1730,2024-04-12,Standard,399,11.9,2,0,11,28,No,0.2677,6,640.87,640.87,1753.13,Low Risk,Low Risk,0.64,410.16,No action,0.0,410.16,410.2,False
1731,2024-09-07,Premium,699,18.4,7,1,28,16,No,0.1308,8,731.43,731.43,4860.57,Low Risk,Low Risk,0.48,351.09,No action,0.0,351.09,351.1,False
1732,2024-06-03,Standard,399,17.1,4,0,31,59,No,0.3598,8,1148.48,1148.48,2043.52,Medium Risk,Medium Risk,0.61,700.57,Customer support follow-up,120.0,580.57,5.8,True
1733,2023-06-17,Basic,199,10.9,4,4,27,25,Yes,0.7817,8,1244.47,1244.47,347.53,High Risk,High Risk,0.11,136.89,Payment retry & Concierge billing call,65.0,71.89,2.1,True
1734,2023-05-23,Premium,699,23.1,8,1,11,60,No,0.3659,6,1534.58,1534.58,2659.42,Medium Risk,Medium Risk,0.33,506.41,Payment reminder & Priority billing assistance,35.0,471.41,14.5,True
1735,2023-05-25,Basic,199,19.8,0,0,22,19,No,0.1938,8,308.53,308.53,1283.47,Low Risk,Low Risk,0.88,271.51,No action,0.0,271.51,271.5,False
1736,2023-06-26,Standard,399,10.2,7,0,30,42,Yes,0.5607,8,1789.75,1789.75,1402.25,Medium Risk,Medium Risk,0.42,751.7,Customer support follow-up,120.0,631.7,6.3,True
1737,2023-09-08,Standard,399,2.5,3,1,20,27,Yes,0.7907,8,2523.91,2523.91,668.09,High Risk,High Risk,0.37,933.85,Payment reminder & Priority billing assistance,35.0,898.85,26.7,True
1738,2023-04-13,Basic,199,21.2,5,0,36,30,Yes,0.4934,8,785.49,785.49,806.51,Medium Risk,Medium Risk,0.69,541.99,Customer support follow-up,120.0,421.99,4.5,True
1739,2024-04-19,Standard,399,17.3,3,3,36,42,Yes,0.64,8,2042.88,2042.88,1149.12,High Risk,High Risk,0.35,715.01,Payment retry & Concierge billing call,65.0,650.01,11.0,True
1740,2023-05-17,Premium,699,19.2,1,3,16,8,Yes,0.5078,6,2129.71,2129.71,2064.29,Medium Risk,Medium Risk,0.65,1384.31,Payment retry & Concierge billing call,65.0,1319.31,21.3,True
1741,2023-12-22,Standard,399,22.5,6,4,21,25,Yes,0.8368,8,2671.07,2671.07,520.93,Critical Risk,Critical Risk,0.14,373.95,Payment retry & Concierge billing call,65.0,308.95,5.8,True
1742,2024-05-28,Standard,399,5.9,2,1,2,23,No,0.1631,4,260.31,260.31,1335.69,Low Risk,Low Risk,0.48,124.95,No action,0.0,124.95,125.0,False
1743,2023-08-05,Basic,199,22.9,3,1,26,31,Yes,0.652,8,1037.98,1037.98,554.02,High Risk,High Risk,0.61,633.17,Payment reminder,15.0,618.17,42.2,True
1744,2023-10-19,Standard,399,2.8,6,5,28,11,Yes,0.9586,8,3059.85,3059.85,132.15,Critical Risk,Critical Risk,0.05,152.99,Payment retry & Concierge billing call,65.0,87.99,2.4,True
1745,2024-03-07,Standard,399,17.0,7,0,25,16,No,0.1442,8,460.29,460.29,2731.71,Low Risk,Low Risk,0.57,262.37,No action,0.0,262.37,262.4,False
1746,2023-12-21,Basic,199,10.3,8,0,11,29,No,0.3166,6,378.02,378.02,815.98,Low Risk,Low Risk,0.38,143.65,No action,0.0,143.65,143.6,False
1747,2024-08-11,Premium,699,16.6,6,0,7,10,No,0.1537,6,644.62,644.62,3549.38,Low Risk,Low Risk,0.65,419.0,No action,0.0,419.0,419.0,False
1748,2024-02-16,Premium,699,17.3,0,3,25,41,No,0.3625,8,2027.1,2027.1,3564.9,Medium Risk,Medium Risk,0.47,952.74,Payment retry & Concierge billing call,65.0,887.74,14.7,True
1749,2024-04-06,Standard,399,7.9,4,5,4,40,Yes,0.6724,4,1073.15,1073.15,522.85,High Risk,High Risk,0.05,53.66,Payment retry & Concierge billing call,65.0,-11.34,0.8,False
1750,2023-07-03,Premium,699,19.6,5,4,24,23,Yes,0.8525,8,4767.18,4767.18,824.82,Critical Risk,Critical Risk,0.16,762.75,Payment retry & Concierge billing call,65.0,697.75,11.7,True
1751,2024-12-25,Standard,399,19.1,1,1,35,0,No,0.1897,8,605.52,605.52,2586.48,Low Risk,Low Risk,0.85,514.69,No action,0.0,514.69,514.7,False
1752,2023-02-10,Premium,699,5.3,7,3,17,3,Yes,0.6397,6,2682.9,2682.9,1511.1,High Risk,High Risk,0.27,724.38,Payment retry & Concierge billing call,65.0,659.38,11.1,True
1753,2024-03-11,Basic,199,11.8,0,4,32,43,Yes,0.6197,8,986.56,986.56,605.44,High Risk,High Risk,0.32,315.7,Payment retry & Concierge billing call,65.0,250.7,4.9,True
1754,2024-01-01,Standard,399,19.3,0,4,19,17,Yes,0.4568,8,1458.11,1458.11,1733.89,Medium Risk,Medium Risk,0.47,685.31,Payment retry & Concierge billing call,65.0,620.31,10.5,True
1755,2024-01-01,Standard,399,11.4,4,5,2,2,No,0.3541,4,565.14,565.14,1030.86,Medium Risk,Medium Risk,0.17,96.07,Payment retry & Concierge billing call,65.0,31.07,1.5,True
1756,2023-04-07,Premium,699,13.5,6,1,3,11,Yes,0.3752,4,1049.06,1049.06,1746.94,Medium Risk,Medium Risk,0.52,545.51,Payment reminder & Priority billing assistance,35.0,510.51,15.6,True
1757,2024-12-06,Basic,199,16.0,6,2,10,22,No,0.697,6,832.22,832.22,361.78,High Risk,High Risk,0.32,266.31,Payment retry & Concierge billing call,65.0,201.31,4.1,True
1758,2023-12-01,Premium,699,23.0,8,4,16,29,Yes,0.8672,6,3637.04,3637.04,556.96,Critical Risk,Critical Risk,0.07,254.59,Payment retry & Concierge billing call,65.0,189.59,3.9,True
1759,2023-03-22,Standard,399,4.1,1,3,3,32,No,0.8866,4,1415.01,1415.01,180.99,Critical Risk,Critical Risk,0.1,141.5,Payment retry & Concierge billing call,65.0,76.5,2.2,True
1760,2024-10-30,Standard,399,10.9,0,1,20,60,No,0.3173,8,1012.82,1012.82,2179.18,Low Risk,Low Risk,0.61,617.82,No action,0.0,617.82,617.8,False
1761,2023-09-25,Premium,699,21.0,6,0,6,50,Yes,0.5557,6,2330.61,2330.61,1863.39,Medium Risk,Medium Risk,0.49,1142.0,Customer support follow-up,120.0,1022.0,9.5,True
1762,2024-08-10,Standard,399,13.7,3,5,33,51,Yes,0.638,8,2036.5,2036.5,1155.5,High Risk,High Risk,0.12,244.38,Payment retry & Concierge billing call,65.0,179.38,3.8,True
1763,2023-07-10,Standard,399,19.1,6,2,14,47,Yes,0.8097,6,1938.42,1938.42,455.58,Critical Risk,Critical Risk,0.23,445.84,Payment retry & Concierge billing call,65.0,380.84,6.9,True
1764,2023-01-06,Standard,399,17.0,6,1,33,43,Yes,0.3132,8,999.73,999.73,2192.27,Low Risk,Low Risk,0.43,429.88,No action,0.0,429.88,429.9,False
1765,2024-04-18,Standard,399,1.0,6,5,14,8,Yes,0.961,6,2300.63,2300.63,93.37,Critical Risk,Critical Risk,0.05,115.03,Payment retry & Concierge billing call,65.0,50.03,1.8,True
1766,2023-03-07,Premium,699,2.9,3,0,21,45,Yes,0.6228,8,3482.7,3482.7,2109.3,High Risk,High Risk,0.51,1776.18,Customer support follow-up,120.0,1656.18,14.8,True
1767,2023-12-03,Premium,699,18.3,7,4,19,26,Yes,0.8126,8,4544.06,4544.06,1047.94,Critical Risk,Critical Risk,0.06,272.64,Payment retry & Concierge billing call,65.0,207.64,4.2,True
1768,2023-12-21,Premium,699,12.2,8,0,25,21,Yes,0.5099,8,2851.36,2851.36,2740.64,Medium Risk,Medium Risk,0.48,1368.65,Customer support follow-up,120.0,1248.65,11.4,True
1769,2024-11-20,Standard,399,11.8,7,1,10,34,No,0.3846,6,920.73,920.73,1473.27,Medium Risk,Medium Risk,0.26,239.39,Payment reminder & Priority billing assistance,35.0,204.39,6.8,True
1770,2023-12-20,Standard,399,10.4,1,5,17,31,Yes,0.6328,6,1514.92,1514.92,879.08,High Risk,High Risk,0.16,242.39,Payment retry & Concierge billing call,65.0,177.39,3.7,True
1771,2023-11-19,Basic,199,18.8,8,2,14,19,Yes,0.7567,6,903.5,903.5,290.5,High Risk,High Risk,0.23,207.8,Payment retry & Concierge billing call,65.0,142.8,3.2,True
1772,2024-03-01,Standard,399,1.2,2,4,30,22,Yes,0.9442,8,3013.89,3013.89,178.11,Critical Risk,Critical Risk,0.09,271.25,Payment retry & Concierge billing call,65.0,206.25,4.2,True
1773,2023-05-15,Basic,199,14.1,7,1,19,24,No,0.5166,8,822.43,822.43,769.57,Medium Risk,Medium Risk,0.44,361.87,Payment reminder,15.0,346.87,24.1,True
1774,2023-07-02,Standard,399,2.9,3,1,8,7,No,0.3237,6,774.94,774.94,1619.06,Low Risk,Low Risk,0.53,410.72,No action,0.0,410.72,410.7,False
1775,2023-10-13,Basic,199,14.0,5,1,26,26,No,0.4756,8,757.16,757.16,834.84,Medium Risk,Medium Risk,0.52,393.72,Payment reminder,15.0,378.72,26.2,True
1776,2023-08-19,Standard,399,15.9,5,4,24,34,Yes,0.7731,8,2467.74,2467.74,724.26,High Risk,High Risk,0.05,123.39,Payment retry & Concierge billing call,65.0,58.39,1.9,True
1777,2023-07-01,Standard,399,19.0,4,3,32,10,No,0.5643,8,1801.25,1801.25,1390.75,Medium Risk,Medium Risk,0.53,954.66,Payment retry & Concierge billing call,65.0,889.66,14.7,True
1778,2023-04-11,Standard,399,0.6,5,3,19,41,Yes,0.9731,8,3106.14,3106.14,85.86,Critical Risk,Critical Risk,0.05,155.31,Payment retry & Concierge billing call,65.0,90.31,2.4,True
1779,2023-08-18,Standard,399,24.4,6,1,27,40,Yes,0.7875,8,2513.7,2513.7,678.3,High Risk,High Risk,0.38,955.21,Payment reminder & Priority billing assistance,35.0,920.21,27.3,True
1780,2023-06-20,Basic,199,25.0,6,0,33,20,No,0.3517,8,559.91,559.91,1032.09,Medium Risk,Medium Risk,0.69,386.34,Customer support follow-up,120.0,266.34,3.2,True
1781,2024-10-31,Premium,699,17.3,5,0,31,47,No,0.2635,8,1473.49,1473.49,4118.51,Low Risk,Low Risk,0.57,839.89,No action,0.0,839.89,839.9,False
1782,2023-09-03,Standard,399,13.0,3,1,36,29,No,0.3001,8,957.92,957.92,2234.08,Low Risk,Low Risk,0.59,565.17,No action,0.0,565.17,565.2,False
1783,2023-02-01,Basic,199,23.5,3,2,31,8,Yes,0.5746,8,914.76,914.76,677.24,Medium Risk,Medium Risk,0.72,658.63,Payment retry & Concierge billing call,65.0,593.63,10.1,True
1784,2024-04-17,Basic,199,11.8,7,1,30,50,Yes,0.506,8,805.55,805.55,786.45,Medium Risk,Medium Risk,0.34,273.89,Payment reminder,15.0,258.89,18.3,True
1785,2023-03-13,Premium,699,20.2,5,1,8,15,No,0.3563,6,1494.32,1494.32,2699.68,Medium Risk,Medium Risk,0.5,747.16,Payment reminder & Priority billing assistance,35.0,712.16,21.3,True
1786,2023-03-14,Basic,199,17.2,6,4,3,30,No,0.7449,4,592.94,592.94,203.06,High Risk,High Risk,0.13,77.08,Payment retry & Concierge billing call,65.0,12.08,1.2,True
1787,2024-10-24,Standard,399,22.1,8,0,17,45,No,0.4613,6,1104.35,1104.35,1289.65,Medium Risk,Medium Risk,0.5,552.17,Customer support follow-up,120.0,432.17,4.6,True
1788,2023-02-10,Premium,699,11.2,0,2,2,51,Yes,0.6349,4,1775.18,1775.18,1020.82,High Risk,High Risk,0.43,763.33,Payment retry & Concierge billing call,65.0,698.33,11.7,True
1789,2023-05-08,Standard,399,18.1,8,5,26,41,Yes,0.7693,8,2455.61,2455.61,736.39,High Risk,High Risk,0.05,122.78,Payment retry & Concierge billing call,65.0,57.78,1.9,True
1790,2024-11-03,Basic,199,21.3,1,5,10,10,No,0.3995,6,477.0,477.0,717.0,Medium Risk,Medium Risk,0.39,186.03,Payment retry & Concierge billing call,65.0,121.03,2.9,True
1791,2024-10-19,Standard,399,22.9,7,1,10,16,Yes,0.5191,6,1242.73,1242.73,1151.27,Medium Risk,Medium Risk,0.45,559.23,Payment reminder & Priority billing assistance,35.0,524.23,16.0,True
1792,2023-10-30,Premium,699,11.7,7,1,5,48,Yes,0.5692,6,2387.22,2387.22,1806.78,Medium Risk,Medium Risk,0.26,620.68,Payment reminder & Priority billing assistance,35.0,585.68,17.7,True
1793,2024-08-31,Premium,699,8.6,7,5,29,16,No,0.5387,8,3012.41,3012.41,2579.59,Medium Risk,Medium Risk,0.05,150.62,Payment retry & Concierge billing call,65.0,85.62,2.3,True
1794,2024-07-31,Basic,199,4.1,4,0,9,14,No,0.2575,6,307.46,307.46,886.54,Low Risk,Low Risk,0.6,184.48,No action,0.0,184.48,184.5,False
1795,2024-12-31,Standard,399,8.0,2,4,19,40,Yes,0.5721,8,1826.14,1826.14,1365.86,Medium Risk,Medium Risk,0.2,365.23,Payment retry & Concierge billing call,65.0,300.23,5.6,True
1796,2024-01-29,Standard,399,4.3,2,1,19,38,Yes,0.7022,8,2241.42,2241.42,950.58,High Risk,High Risk,0.46,1031.05,Payment reminder & Priority billing assistance,35.0,996.05,29.5,True
1797,2023-01-13,Standard,399,1.2,3,4,15,19,Yes,0.7868,6,1883.6,1883.6,510.4,High Risk,High Risk,0.05,94.18,Payment retry & Concierge billing call,65.0,29.18,1.4,True
1798,2023-06-24,Standard,399,18.2,8,3,24,30,Yes,0.8,8,2553.6,2553.6,638.4,Critical Risk,Critical Risk,0.12,306.43,Payment retry & Concierge billing call,65.0,241.43,4.7,True
1799,2024-05-11,Standard,399,14.9,8,2,10,33,Yes,0.7798,6,1866.84,1866.84,527.16,High Risk,High Risk,0.05,93.34,Payment retry & Concierge billing call,65.0,28.34,1.4,True
1800,2023-01-15,Premium,699,21.8,7,1,11,30,No,0.3952,6,1657.47,1657.47,2536.53,Medium Risk,Medium Risk,0.44,729.29,Payment reminder & Priority billing assistance,35.0,694.29,20.8,True
1801,2024-09-15,Premium,699,8.9,4,1,5,14,Yes,0.2551,6,1069.89,1069.89,3124.11,Low Risk,Low Risk,0.55,588.44,No action,0.0,588.44,588.4,False
1802,2024-10-15,Premium,699,16.4,5,3,8,29,Yes,0.8088,6,3392.11,3392.11,801.89,Critical Risk,Critical Risk,0.14,474.9,Payment retry & Concierge billing call,65.0,409.9,7.3,True
1803,2024-10-03,Basic,199,22.5,3,2,34,42,Yes,0.771,8,1227.43,1227.43,364.57,High Risk,High Risk,0.39,478.7,Payment retry & Concierge billing call,65.0,413.7,7.4,True
1804,2024-07-04,Basic,199,12.9,4,4,22,34,No,0.6961,8,1108.19,1108.19,483.81,High Risk,High Risk,0.17,188.39,Payment retry & Concierge billing call,65.0,123.39,2.9,True
1805,2023-07-07,Basic,199,11.4,8,1,4,15,No,0.2971,4,236.49,236.49,559.51,Low Risk,Low Risk,0.29,68.58,No action,0.0,68.58,68.6,False
1806,2023-09-30,Premium,699,6.1,7,1,16,2,No,0.1123,6,470.99,470.99,3723.01,Low Risk,Low Risk,0.48,226.08,No action,0.0,226.08,226.1,False
1807,2023-05-16,Premium,699,2.7,3,5,18,53,No,0.9027,6,3785.92,3785.92,408.08,Critical Risk,Critical Risk,0.05,189.3,Payment retry & Concierge billing call,65.0,124.3,2.9,True
1808,2024-05-03,Premium,699,2.0,3,1,20,37,No,0.8507,8,4757.11,4757.11,834.89,Critical Risk,Critical Risk,0.28,1331.99,Payment reminder & Priority billing assistance,35.0,1296.99,38.1,True
1809,2023-07-21,Standard,399,13.7,0,2,7,50,No,0.4987,6,1193.89,1193.89,1200.11,Medium Risk,Medium Risk,0.46,549.19,Payment retry & Concierge billing call,65.0,484.19,8.4,True
1810,2023-08-09,Standard,399,11.3,7,1,8,6,No,0.256,6,612.86,612.86,1781.14,Low Risk,Low Risk,0.45,275.79,No action,0.0,275.79,275.8,False
1811,2023-04-25,Premium,699,7.8,0,4,32,27,No,0.5444,8,3044.28,3044.28,2547.72,Medium Risk,Medium Risk,0.36,1095.94,Payment retry & Concierge billing call,65.0,1030.94,16.9,True
1812,2024-04-12,Premium,699,19.5,3,4,29,51,No,0.6112,8,3417.83,3417.83,2174.17,High Risk,High Risk,0.27,922.81,Payment retry & Concierge billing call,65.0,857.81,14.2,True
1813,2024-06-03,Basic,199,19.0,4,3,17,40,Yes,0.805,6,961.17,961.17,232.83,Critical Risk,Critical Risk,0.21,201.85,Payment retry & Concierge billing call,65.0,136.85,3.1,True
1814,2023-12-16,Standard,399,7.5,4,2,33,55,Yes,0.6459,8,2061.71,2061.71,1130.29,High Risk,High Risk,0.32,659.75,Payment retry & Concierge billing call,65.0,594.75,10.2,True
1815,2024-05-14,Standard,399,12.8,7,0,36,48,No,0.4249,8,1356.28,1356.28,1835.72,Medium Risk,Medium Risk,0.45,610.33,Customer support follow-up,120.0,490.33,5.1,True
1816,2023-03-09,Basic,199,22.4,8,3,21,31,Yes,0.8856,8,1409.88,1409.88,182.12,Critical Risk,Critical Risk,0.08,112.79,Payment retry & Concierge billing call,65.0,47.79,1.7,True
1817,2023-07-07,Standard,399,2.8,7,2,20,40,Yes,0.9691,8,3093.37,3093.37,98.63,Critical Risk,Critical Risk,0.05,154.67,Payment retry & Concierge billing call,65.0,89.67,2.4,True
1818,2024-06-27,Basic,199,19.2,3,2,7,32,Yes,0.6326,6,755.32,755.32,438.68,High Risk,High Risk,0.39,294.57,Payment retry & Concierge billing call,65.0,229.57,4.5,True
1819,2023-06-10,Standard,399,17.3,3,4,7,43,Yes,0.5831,6,1395.94,1395.94,998.06,Medium Risk,Medium Risk,0.17,237.31,Payment retry & Concierge billing call,65.0,172.31,3.7,True
1820,2024-06-12,Basic,199,19.8,2,4,26,42,Yes,0.6583,8,1048.01,1048.01,543.99,High Risk,High Risk,0.32,335.36,Payment retry & Concierge billing call,65.0,270.36,5.2,True
1821,2023-11-07,Standard,399,19.6,4,1,27,59,Yes,0.519,8,1656.65,1656.65,1535.35,Medium Risk,Medium Risk,0.54,894.59,Payment reminder & Priority billing assistance,35.0,859.59,25.6,True
1822,2024-03-11,Standard,399,8.0,5,5,10,20,Yes,0.5925,6,1418.45,1418.45,975.56,Medium Risk,Medium Risk,0.05,70.92,Payment retry & Concierge billing call,65.0,5.92,1.1,True
1823,2023-12-29,Premium,699,19.2,0,3,26,3,No,0.3157,8,1765.39,1765.39,3826.61,Low Risk,Low Risk,0.69,1218.12,No action,0.0,1218.12,1218.1,False
1824,2023-08-02,Premium,699,24.4,4,0,9,52,No,0.4035,6,1692.28,1692.28,2501.72,Medium Risk,Medium Risk,0.6,1015.37,Customer support follow-up,120.0,895.37,8.5,True
1825,2024-01-27,Premium,699,7.7,5,0,17,20,No,0.1645,6,689.91,689.91,3504.09,Low Risk,Low Risk,0.56,386.35,No action,0.0,386.35,386.4,False
1826,2023-10-08,Standard,399,14.2,3,1,36,39,No,0.2999,8,957.28,957.28,2234.72,Low Risk,Low Risk,0.52,497.79,No action,0.0,497.79,497.8,False
1827,2024-08-30,Basic,199,6.5,5,5,5,30,No,0.6643,6,793.17,793.17,400.83,High Risk,High Risk,0.05,39.66,Payment retry & Concierge billing call,65.0,-25.34,0.6,False
1828,2023-09-13,Standard,399,19.6,6,5,3,58,Yes,0.8736,4,1394.27,1394.27,201.73,Critical Risk,Critical Risk,0.05,69.71,Payment retry & Concierge billing call,65.0,4.71,1.1,True
1829,2024-01-14,Standard,399,2.0,0,5,25,21,Yes,0.9151,8,2921.0,2921.0,271.0,Critical Risk,Critical Risk,0.08,233.68,Payment retry & Concierge billing call,65.0,168.68,3.6,True
1830,2024-02-28,Standard,399,3.2,2,5,19,4,Yes,0.7207,8,2300.47,2300.47,891.53,High Risk,High Risk,0.25,575.12,Payment retry & Concierge billing call,65.0,510.12,8.8,True
1831,2023-12-02,Basic,199,15.0,3,4,10,5,No,0.4645,6,554.61,554.61,639.39,Medium Risk,Medium Risk,0.35,194.11,Payment retry & Concierge billing call,65.0,129.11,3.0,True
1832,2024-12-07,Premium,699,19.2,4,4,35,33,No,0.795,8,4445.64,4445.64,1146.36,High Risk,High Risk,0.11,489.02,Payment retry & Concierge billing call,65.0,424.02,7.5,True
1833,2024-01-05,Basic,199,19.4,1,5,9,45,No,0.6443,6,769.29,769.29,424.71,High Risk,High Risk,0.17,130.78,Payment retry & Concierge billing call,65.0,65.78,2.0,True
1834,2023-07-23,Standard,399,5.0,7,1,14,29,Yes,0.5471,6,1309.76,1309.76,1084.24,Medium Risk,Medium Risk,0.35,458.42,Payment reminder & Priority billing assistance,35.0,423.42,13.1,True
1835,2024-03-13,Premium,699,6.8,0,1,17,7,No,0.1093,6,458.4,458.4,3735.6,Low Risk,Low Risk,0.77,352.97,No action,0.0,352.97,353.0,False
1836,2024-01-18,Standard,399,20.1,8,0,32,58,No,0.4016,8,1281.91,1281.91,1910.09,Medium Risk,Medium Risk,0.48,615.32,Customer support follow-up,120.0,495.32,5.1,True
1837,2023-10-17,Basic,199,24.9,8,2,28,50,Yes,0.7904,8,1258.32,1258.32,333.68,High Risk,High Risk,0.21,264.25,Payment retry & Concierge billing call,65.0,199.25,4.1,True
1838,2023-04-26,Premium,699,16.0,1,4,22,5,No,0.3553,8,1986.84,1986.84,3605.16,Medium Risk,Medium Risk,0.52,1033.16,Payment retry & Concierge billing call,65.0,968.16,15.9,True
1839,2024-10-27,Premium,699,20.1,1,4,11,59,Yes,0.719,6,3015.49,3015.49,1178.51,High Risk,High Risk,0.28,844.34,Payment retry & Concierge billing call,65.0,779.34,13.0,True
1840,2023-06-05,Basic,199,19.3,6,2,5,29,Yes,0.7427,6,886.78,886.78,307.22,High Risk,High Risk,0.35,310.37,Payment retry & Concierge billing call,65.0,245.37,4.8,True
1841,2024-03-18,Premium,699,2.3,5,3,22,33,Yes,0.9818,8,5490.23,5490.23,101.77,Critical Risk,Critical Risk,0.05,274.51,Payment retry & Concierge billing call,65.0,209.51,4.2,True
1842,2023-01-09,Basic,199,14.6,0,4,26,53,Yes,0.4539,8,722.61,722.61,869.39,Medium Risk,Medium Risk,0.35,252.91,Payment retry & Concierge billing call,65.0,187.91,3.9,True
1843,2023-12-01,Basic,199,11.0,4,1,21,37,No,0.3327,8,529.66,529.66,1062.34,Low Risk,Low Risk,0.45,238.35,No action,0.0,238.35,238.4,False
1844,2024-08-13,Premium,699,16.5,3,4,30,59,Yes,0.5835,8,3262.93,3262.93,2329.07,Medium Risk,Medium Risk,0.24,783.1,Payment retry & Concierge billing call,65.0,718.1,12.0,True
1845,2024-06-30,Basic,199,19.4,3,2,13,11,Yes,0.5152,6,615.15,615.15,578.85,Medium Risk,Medium Risk,0.67,412.15,Payment retry & Concierge billing call,65.0,347.15,6.3,True
1846,2023-11-19,Premium,699,19.6,8,2,3,4,Yes,0.6637,4,1855.71,1855.71,940.29,High Risk,High Risk,0.4,742.28,Payment retry & Concierge billing call,65.0,677.28,11.4,True
1847,2023-08-11,Basic,199,5.4,2,3,14,17,Yes,0.4448,6,531.09,531.09,662.91,Medium Risk,Medium Risk,0.35,185.88,Payment retry & Concierge billing call,65.0,120.88,2.9,True
1848,2023-01-27,Standard,399,3.9,7,0,2,53,No,0.3316,4,529.23,529.23,1066.77,Low Risk,Low Risk,0.28,148.18,No action,0.0,148.18,148.2,False
1849,2024-01-25,Standard,399,9.8,7,3,14,25,Yes,0.7948,6,1902.75,1902.75,491.25,High Risk,High Risk,0.08,152.22,Payment retry & Concierge billing call,65.0,87.22,2.3,True
1850,2024-06-12,Premium,699,2.8,2,4,8,58,Yes,0.9591,6,4022.47,4022.47,171.53,Critical Risk,Critical Risk,0.05,201.12,Payment retry & Concierge billing call,65.0,136.12,3.1,True
1851,2023-11-21,Basic,199,19.0,1,3,11,47,No,0.6197,6,739.92,739.92,454.08,High Risk,High Risk,0.37,273.77,Payment retry & Concierge billing call,65.0,208.77,4.2,True
1852,2024-06-04,Standard,399,5.7,1,4,13,23,Yes,0.5519,6,1321.25,1321.25,1072.75,Medium Risk,Medium Risk,0.3,396.38,Payment retry & Concierge billing call,65.0,331.38,6.1,True
1853,2023-04-13,Basic,199,0.9,6,3,30,25,Yes,0.8929,8,1421.5,1421.5,170.5,Critical Risk,Critical Risk,0.05,71.08,Payment retry & Concierge billing call,65.0,6.08,1.1,True
1854,2023-11-04,Standard,399,23.7,1,3,24,60,No,0.4328,8,1381.5,1381.5,1810.5,Medium Risk,Medium Risk,0.5,690.75,Payment retry & Concierge billing call,65.0,625.75,10.6,True
1855,2023-10-09,Basic,199,16.4,6,3,6,1,No,0.4247,6,507.09,507.09,686.91,Medium Risk,Medium Risk,0.34,172.41,Payment retry & Concierge billing call,65.0,107.41,2.7,True
1856,2024-06-15,Premium,699,1.6,3,1,21,36,Yes,0.7962,8,4452.35,4452.35,1139.65,High Risk,High Risk,0.28,1246.66,Payment reminder & Priority billing assistance,35.0,1211.66,35.6,True
1857,2024-11-07,Basic,199,17.5,0,0,9,38,No,0.2773,6,331.1,331.1,862.9,Low Risk,Low Risk,0.7,231.77,No action,0.0,231.77,231.8,False
1858,2024-06-15,Standard,399,15.6,2,3,24,11,Yes,0.3871,8,1235.62,1235.62,1956.38,Medium Risk,Medium Risk,0.58,716.66,Payment retry & Concierge billing call,65.0,651.66,11.0,True
1859,2023-11-10,Basic,199,9.4,1,1,12,1,No,0.1838,6,219.46,219.46,974.54,Low Risk,Low Risk,0.67,147.04,No action,0.0,147.04,147.0,False
1860,2023-01-27,Standard,399,22.8,4,4,24,20,Yes,0.6747,8,2153.64,2153.64,1038.36,High Risk,High Risk,0.35,753.77,Payment retry & Concierge billing call,65.0,688.77,11.6,True
1861,2024-02-22,Standard,399,22.3,0,5,2,55,Yes,0.6861,4,1095.02,1095.02,500.98,High Risk,High Risk,0.24,262.8,Payment retry & Concierge billing call,65.0,197.8,4.0,True
1862,2023-12-24,Basic,199,9.7,8,1,35,10,Yes,0.3896,8,620.24,620.24,971.76,Medium Risk,Medium Risk,0.48,297.72,Payment reminder,15.0,282.72,19.8,True
1863,2024-03-01,Basic,199,10.8,1,0,6,30,No,0.2844,6,339.57,339.57,854.43,Low Risk,Low Risk,0.67,227.51,No action,0.0,227.51,227.5,False
1864,2023-09-21,Premium,699,3.8,0,2,29,30,Yes,0.9181,8,5134.02,5134.02,457.98,Critical Risk,Critical Risk,0.4,2053.61,Payment retry & Concierge billing call,65.0,1988.61,31.6,True
1865,2024-05-04,Basic,199,16.6,5,4,21,42,Yes,0.7448,8,1185.72,1185.72,406.28,High Risk,High Risk,0.17,201.57,Payment retry & Concierge billing call,65.0,136.57,3.1,True
1866,2023-08-19,Standard,399,3.6,8,1,13,51,No,0.4077,6,976.03,976.03,1417.97,Medium Risk,Medium Risk,0.22,214.73,Payment reminder & Priority billing assistance,35.0,179.73,6.1,True
1867,2023-09-13,Premium,699,18.7,6,2,6,56,Yes,0.8408,6,3526.32,3526.32,667.68,Critical Risk,Critical Risk,0.15,528.95,Payment retry & Concierge billing call,65.0,463.95,8.1,True
1868,2024-11-15,Basic,199,5.0,4,2,17,45,No,0.4806,6,573.84,573.84,620.16,Medium Risk,Medium Risk,0.29,166.41,Payment retry & Concierge billing call,65.0,101.41,2.6,True
1869,2024-11-08,Premium,699,13.2,4,1,34,20,No,0.1765,8,986.99,986.99,4605.01,Low Risk,Low Risk,0.55,542.84,No action,0.0,542.84,542.8,False
1870,2023-07-06,Basic,199,18.8,6,5,3,3,No,0.618,4,491.93,491.93,304.07,High Risk,High Risk,0.17,83.63,Payment retry & Concierge billing call,65.0,18.63,1.3,True
1871,2024-08-08,Basic,199,16.0,3,1,10,25,Yes,0.3718,6,443.93,443.93,750.07,Medium Risk,Medium Risk,0.54,239.72,Payment reminder,15.0,224.72,16.0,True
1872,2024-08-14,Standard,399,21.5,3,5,31,55,No,0.5651,8,1803.8,1803.8,1388.2,Medium Risk,Medium Risk,0.19,342.72,Payment retry & Concierge billing call,65.0,277.72,5.3,True
1873,2023-05-01,Standard,399,24.8,7,4,29,16,No,0.6442,8,2056.29,2056.29,1135.71,High Risk,High Risk,0.25,514.07,Payment retry & Concierge billing call,65.0,449.07,7.9,True
1874,2023-07-10,Premium,699,16.6,8,2,18,21,No,0.7232,6,3033.1,3033.1,1160.9,High Risk,High Risk,0.33,1000.92,Payment retry & Concierge billing call,65.0,935.92,15.4,True
1875,2024-11-15,Standard,399,20.3,7,4,22,29,Yes,0.8759,8,2795.87,2795.87,396.13,Critical Risk,Critical Risk,0.08,223.67,Payment retry & Concierge billing call,65.0,158.67,3.4,True
1876,2024-07-10,Standard,399,6.9,5,3,34,41,Yes,0.8235,8,2628.61,2628.61,563.39,Critical Risk,Critical Risk,0.05,131.43,Payment retry & Concierge billing call,65.0,66.43,2.0,True
1877,2023-10-30,Basic,199,6.1,7,0,7,7,No,0.1603,6,191.4,191.4,1002.6,Low Risk,Low Risk,0.5,95.7,No action,0.0,95.7,95.7,False
1878,2024-05-31,Basic,199,8.0,6,4,23,60,Yes,0.8054,8,1282.2,1282.2,309.8,Critical Risk,Critical Risk,0.05,64.11,Payment retry & Concierge billing call,65.0,-0.89,1.0,False
1879,2023-08-16,Basic,199,20.6,8,1,26,9,No,0.3067,8,488.27,488.27,1103.73,Low Risk,Low Risk,0.59,288.08,No action,0.0,288.08,288.1,False
1880,2024-07-30,Basic,199,18.5,5,4,13,38,No,0.7008,6,836.76,836.76,357.24,High Risk,High Risk,0.18,150.62,Payment retry & Concierge billing call,65.0,85.62,2.3,True
1881,2024-06-27,Premium,699,1.7,8,2,34,34,Yes,0.9559,8,5345.39,5345.39,246.61,Critical Risk,Critical Risk,0.05,267.27,Payment retry & Concierge billing call,65.0,202.27,4.1,True
1882,2023-08-20,Basic,199,4.4,2,5,24,40,No,0.6993,8,1113.29,1113.29,478.71,High Risk,High Risk,0.06,66.8,Payment retry & Concierge billing call,65.0,1.8,1.0,True
1883,2024-02-15,Premium,699,13.8,6,1,10,17,Yes,0.3148,6,1320.27,1320.27,2873.73,Low Risk,Low Risk,0.4,528.11,No action,0.0,528.11,528.1,False
1884,2023-11-04,Standard,399,22.6,6,3,25,29,Yes,0.8858,8,2827.47,2827.47,364.53,Critical Risk,Critical Risk,0.25,706.87,Payment retry & Concierge billing call,65.0,641.87,10.9,True
1885,2024-09-19,Basic,199,6.7,8,5,5,19,Yes,0.5852,6,698.73,698.73,495.27,Medium Risk,Medium Risk,0.05,34.94,Payment retry & Concierge billing call,65.0,-30.06,0.5,False
1886,2023-06-14,Premium,699,2.0,6,1,5,9,Yes,0.7698,6,3228.54,3228.54,965.46,High Risk,High Risk,0.28,903.99,Payment reminder & Priority billing assistance,35.0,868.99,25.8,True
1887,2023-12-25,Basic,199,19.8,6,3,26,37,Yes,0.8096,8,1288.88,1288.88,303.12,Critical Risk,Critical Risk,0.14,180.44,Payment retry & Concierge billing call,65.0,115.44,2.8,True
1888,2024-08-22,Basic,199,24.1,4,1,15,57,Yes,0.7288,6,870.19,870.19,323.81,High Risk,High Risk,0.58,504.71,Payment reminder,15.0,489.71,33.6,True
1889,2023-01-12,Premium,699,5.5,2,5,10,17,No,0.4007,6,1680.54,1680.54,2513.46,Medium Risk,Medium Risk,0.07,117.64,Payment retry & Concierge billing call,65.0,52.64,1.8,True
1890,2024-04-27,Premium,699,13.3,8,0,8,49,No,0.4083,6,1712.41,1712.41,2481.59,Medium Risk,Medium Risk,0.33,565.1,Customer support follow-up,120.0,445.1,4.7,True
1891,2023-06-07,Basic,199,7.8,1,4,29,47,No,0.5474,8,871.46,871.46,720.54,Medium Risk,Medium Risk,0.24,209.15,Payment retry & Concierge billing call,65.0,144.15,3.2,True
1892,2023-04-26,Basic,199,21.9,0,3,22,53,No,0.3493,8,556.09,556.09,1035.91,Low Risk,Low Risk,0.52,289.17,No action,0.0,289.17,289.2,False
1893,2024-05-13,Premium,699,10.9,2,5,30,44,No,0.733,8,4098.94,4098.94,1493.06,High Risk,High Risk,0.13,532.86,Payment retry & Concierge billing call,65.0,467.86,8.2,True
1894,2024-01-07,Standard,399,13.3,1,5,15,38,No,0.6191,6,1482.13,1482.13,911.87,High Risk,High Risk,0.19,281.6,Payment retry & Concierge billing call,65.0,216.6,4.3,True
1895,2023-10-14,Basic,199,21.0,6,3,32,3,No,0.6758,8,1075.87,1075.87,516.13,High Risk,High Risk,0.47,505.66,Payment retry & Concierge billing call,65.0,440.66,7.8,True
1896,2023-09-15,Premium,699,22.7,8,2,18,26,Yes,0.8717,6,3655.91,3655.91,538.09,Critical Risk,Critical Risk,0.27,987.1,Payment retry & Concierge billing call,65.0,922.1,15.2,True
1897,2024-08-28,Standard,399,0.8,7,1,6,37,Yes,0.9493,6,2272.62,2272.62,121.38,Critical Risk,Critical Risk,0.05,113.63,Payment reminder & Priority billing assistance,35.0,78.63,3.2,True
1898,2024-01-20,Standard,399,3.0,7,4,18,38,Yes,0.9849,6,2357.85,2357.85,36.15,Critical Risk,Critical Risk,0.05,117.89,Payment retry & Concierge billing call,65.0,52.89,1.8,True
1899,2024-10-20,Premium,699,21.8,6,0,34,38,Yes,0.4701,8,2628.8,2628.8,2963.2,Medium Risk,Medium Risk,0.58,1524.7,Customer support follow-up,120.0,1404.7,12.7,True
1900,2024-09-10,Basic,199,3.4,3,2,7,37,Yes,0.9073,6,1083.32,1083.32,110.68,Critical Risk,Critical Risk,0.11,119.17,Payment retry & Concierge billing call,65.0,54.17,1.8,True
1901,2024-04-16,Standard,399,18.1,0,2,26,41,No,0.4694,8,1498.32,1498.32,1693.68,Medium Risk,Medium Risk,0.58,869.03,Payment retry & Concierge billing call,65.0,804.03,13.4,True
1902,2024-11-16,Premium,699,1.4,6,5,34,47,Yes,0.9768,8,5462.27,5462.27,129.73,Critical Risk,Critical Risk,0.05,273.11,Payment retry & Concierge billing call,65.0,208.11,4.2,True
1903,2023-10-27,Basic,199,14.4,0,5,14,60,Yes,0.7093,6,846.9,846.9,347.1,High Risk,High Risk,0.24,203.26,Payment retry & Concierge billing call,65.0,138.26,3.1,True
1904,2023-12-27,Standard,399,18.4,4,2,2,52,Yes,0.8715,4,1390.91,1390.91,205.09,Critical Risk,Critical Risk,0.22,306.0,Payment retry & Concierge billing call,65.0,241.0,4.7,True
1905,2024-10-12,Basic,199,11.4,0,2,18,29,No,0.4418,6,527.51,527.51,666.49,Medium Risk,Medium Risk,0.59,311.23,Payment retry & Concierge billing call,65.0,246.23,4.8,True
1906,2023-12-23,Standard,399,5.6,8,5,11,20,No,0.5574,6,1334.42,1334.42,1059.58,Medium Risk,Medium Risk,0.05,66.72,Payment retry & Concierge billing call,65.0,1.72,1.0,True
1907,2023-08-22,Basic,199,21.5,5,2,32,39,Yes,0.746,8,1187.63,1187.63,404.37,High Risk,High Risk,0.42,498.8,Payment retry & Concierge billing call,65.0,433.8,7.7,True
1908,2024-05-24,Standard,399,3.0,1,5,20,25,Yes,0.9407,8,3002.71,3002.71,189.29,Critical Risk,Critical Risk,0.05,150.14,Payment retry & Concierge billing call,65.0,85.14,2.3,True
1909,2023-12-26,Premium,699,19.0,3,2,12,54,No,0.6352,6,2664.03,2664.03,1529.97,High Risk,High Risk,0.39,1038.97,Payment retry & Concierge billing call,65.0,973.97,16.0,True
1910,2023-07-14,Standard,399,22.4,2,1,29,20,Yes,0.4372,8,1395.54,1395.54,1796.46,Medium Risk,Medium Risk,0.72,1004.79,Payment reminder & Priority billing assistance,35.0,969.79,28.7,True
1911,2023-07-02,Premium,699,22.8,8,2,20,48,Yes,0.7751,8,4334.36,4334.36,1257.64,High Risk,High Risk,0.19,823.53,Payment retry & Concierge billing call,65.0,758.53,12.7,True
1912,2024-11-10,Standard,399,5.4,1,5,5,38,No,0.5409,6,1294.91,1294.91,1099.09,Medium Risk,Medium Risk,0.05,64.75,Payment retry & Concierge billing call,65.0,-0.25,1.0,False
1913,2024-01-30,Standard,399,4.1,5,4,17,22,Yes,0.954,6,2283.88,2283.88,110.12,Critical Risk,Critical Risk,0.05,114.19,Payment retry & Concierge billing call,65.0,49.19,1.8,True
1914,2023-02-11,Basic,199,15.5,1,2,19,14,No,0.3407,8,542.39,542.39,1049.61,Low Risk,Low Risk,0.72,390.52,No action,0.0,390.52,390.5,False
1915,2024-12-12,Basic,199,4.3,4,0,36,31,Yes,0.7723,8,1229.5,1229.5,362.5,High Risk,High Risk,0.36,442.62,Customer support follow-up,120.0,322.62,3.7,True
1916,2023-01-13,Basic,199,21.9,7,5,16,51,Yes,0.6967,6,831.86,831.86,362.14,High Risk,High Risk,0.05,41.59,Payment retry & Concierge billing call,65.0,-23.41,0.6,False
1917,2024-08-04,Standard,399,24.1,7,3,16,26,Yes,0.7878,6,1885.99,1885.99,508.01,High Risk,High Risk,0.22,414.92,Payment retry & Concierge billing call,65.0,349.92,6.4,True
1918,2024-02-01,Basic,199,5.1,8,4,27,25,Yes,0.8638,8,1375.17,1375.17,216.83,Critical Risk,Critical Risk,0.05,68.76,Payment retry & Concierge billing call,65.0,3.76,1.1,True
1919,2023-08-29,Premium,699,17.8,5,2,17,27,Yes,0.7837,6,3286.84,3286.84,907.16,High Risk,High Risk,0.34,1117.53,Payment retry & Concierge billing call,65.0,1052.53,17.2,True
1920,2024-12-20,Standard,399,9.2,2,2,35,55,No,0.5933,8,1893.81,1893.81,1298.19,Medium Risk,Medium Risk,0.41,776.46,Payment retry & Concierge billing call,65.0,711.46,11.9,True
1921,2023-11-18,Basic,199,14.7,1,4,35,45,Yes,0.6892,8,1097.21,1097.21,494.79,High Risk,High Risk,0.31,340.14,Payment retry & Concierge billing call,65.0,275.14,5.2,True
1922,2023-02-24,Basic,199,18.1,8,1,15,29,Yes,0.4213,6,503.03,503.03,690.97,Medium Risk,Medium Risk,0.44,221.33,Payment reminder,15.0,206.33,14.8,True
1923,2024-04-04,Standard,399,12.7,6,0,29,10,Yes,0.258,8,823.54,823.54,2368.46,Low Risk,Low Risk,0.69,568.24,No action,0.0,568.24,568.2,False
1924,2023-12-29,Premium,699,22.4,7,5,4,9,Yes,0.6589,4,1842.28,1842.28,953.72,High Risk,High Risk,0.16,294.76,Payment retry & Concierge billing call,65.0,229.76,4.5,True
1925,2024-12-22,Basic,199,14.5,0,5,18,38,Yes,0.5423,6,647.51,647.51,546.49,Medium Risk,Medium Risk,0.24,155.4,Payment retry & Concierge billing call,65.0,90.4,2.4,True
1926,2023-11-08,Basic,199,5.8,7,2,26,34,Yes,0.7995,8,1272.8,1272.8,319.2,High Risk,High Risk,0.06,76.37,Payment retry & Concierge billing call,65.0,11.37,1.2,True
1927,2024-11-28,Standard,399,14.5,8,3,15,9,No,0.5769,6,1381.1,1381.1,1012.9,Medium Risk,Medium Risk,0.32,441.95,Payment retry & Concierge billing call,65.0,376.95,6.8,True
1928,2023-05-03,Premium,699,21.6,0,5,21,48,Yes,0.4953,8,2769.72,2769.72,2822.28,Medium Risk,Medium Risk,0.32,886.31,Payment retry & Concierge billing call,65.0,821.31,13.6,True
1929,2024-09-07,Basic,199,13.5,2,5,5,12,Yes,0.5194,6,620.16,620.16,573.84,Medium Risk,Medium Risk,0.27,167.44,Payment retry & Concierge billing call,65.0,102.44,2.6,True
1930,2023-04-07,Basic,199,1.2,7,5,12,7,Yes,0.9314,6,1112.09,1112.09,81.91,Critical Risk,Critical Risk,0.05,55.6,Payment retry & Concierge billing call,65.0,-9.4,0.9,False
1931,2023-12-18,Standard,399,20.2,6,5,25,30,Yes,0.8384,8,2676.17,2676.17,515.83,Critical Risk,Critical Risk,0.05,133.81,Payment retry & Concierge billing call,65.0,68.81,2.1,True
1932,2024-05-26,Basic,199,8.1,2,5,7,27,No,0.5127,6,612.16,612.16,581.84,Medium Risk,Medium Risk,0.1,61.22,Payment retry & Concierge billing call,65.0,-3.78,0.9,False
1933,2024-10-10,Basic,199,6.9,3,1,12,22,No,0.2554,6,304.95,304.95,889.05,Low Risk,Low Risk,0.45,137.23,No action,0.0,137.23,137.2,False
1934,2024-09-12,Basic,199,11.6,1,4,22,16,Yes,0.5178,8,824.34,824.34,767.66,Medium Risk,Medium Risk,0.36,296.76,Payment retry & Concierge billing call,65.0,231.76,4.6,True
1935,2024-06-25,Basic,199,1.9,5,0,36,10,Yes,0.7027,8,1118.7,1118.7,473.3,High Risk,High Risk,0.62,693.59,Customer support follow-up,120.0,573.59,5.8,True
1936,2024-07-30,Basic,199,8.5,4,0,1,51,No,0.3048,4,242.62,242.62,553.38,Low Risk,Low Risk,0.44,106.75,No action,0.0,106.75,106.8,False
1937,2024-07-02,Standard,399,23.9,3,5,5,39,Yes,0.5207,6,1246.56,1246.56,1147.44,Medium Risk,Medium Risk,0.14,174.52,Payment retry & Concierge billing call,65.0,109.52,2.7,True
1938,2024-03-27,Basic,199,2.9,2,4,23,23,Yes,0.8932,8,1421.97,1421.97,170.03,Critical Risk,Critical Risk,0.11,156.42,Payment retry & Concierge billing call,65.0,91.42,2.4,True
1939,2024-07-04,Premium,699,12.9,7,0,12,39,Yes,0.3987,6,1672.15,1672.15,2521.85,Medium Risk,Medium Risk,0.37,618.7,Customer support follow-up,120.0,498.7,5.2,True
1940,2024-06-14,Basic,199,23.4,1,2,20,43,Yes,0.5934,8,944.69,944.69,647.31,Medium Risk,Medium Risk,0.59,557.37,Payment retry & Concierge billing call,65.0,492.37,8.6,True
1941,2024-04-10,Basic,199,12.7,2,4,7,58,Yes,0.6975,6,832.82,832.82,361.18,High Risk,High Risk,0.17,141.58,Payment retry & Concierge billing call,65.0,76.58,2.2,True
1942,2023-12-13,Premium,699,20.9,7,0,36,42,No,0.4141,8,2315.65,2315.65,3276.35,Medium Risk,Medium Risk,0.53,1227.29,Customer support follow-up,120.0,1107.29,10.2,True
1943,2024-01-02,Basic,199,4.0,7,1,24,50,Yes,0.6488,8,1032.89,1032.89,559.11,High Risk,High Risk,0.26,268.55,Payment reminder,15.0,253.55,17.9,True
1944,2023-11-25,Basic,199,20.4,1,4,31,5,No,0.3597,8,572.64,572.64,1019.36,Medium Risk,Medium Risk,0.56,320.68,Payment retry & Concierge billing call,65.0,255.68,4.9,True
1945,2023-05-19,Premium,699,13.3,8,5,35,12,Yes,0.7026,8,3928.94,3928.94,1663.06,High Risk,High Risk,0.11,432.18,Payment retry & Concierge billing call,65.0,367.18,6.6,True
1946,2024-05-17,Standard,399,7.7,6,3,13,27,Yes,0.748,6,1790.71,1790.71,603.29,High Risk,High Risk,0.22,393.96,Payment retry & Concierge billing call,65.0,328.96,6.1,True
1947,2024-05-24,Basic,199,3.1,8,3,32,39,Yes,0.955,8,1520.36,1520.36,71.64,Critical Risk,Critical Risk,0.05,76.02,Payment retry & Concierge billing call,65.0,11.02,1.2,True
1948,2024-08-24,Standard,399,13.4,0,1,4,60,Yes,0.6448,4,1029.1,1029.1,566.9,High Risk,High Risk,0.55,566.0,Payment reminder & Priority billing assistance,35.0,531.0,16.2,True
1949,2023-02-18,Premium,699,4.7,5,5,35,3,Yes,0.8597,8,4807.44,4807.44,784.56,Critical Risk,Critical Risk,0.05,240.37,Payment retry & Concierge billing call,65.0,175.37,3.7,True
1950,2024-03-20,Standard,399,5.1,8,0,25,52,No,0.6134,8,1957.97,1957.97,1234.03,High Risk,High Risk,0.33,646.13,Customer support follow-up,120.0,526.13,5.4,True
1951,2023-02-15,Premium,699,13.3,2,4,33,23,No,0.6737,8,3767.33,3767.33,1824.67,High Risk,High Risk,0.33,1243.22,Payment retry & Concierge billing call,65.0,1178.22,19.1,True
1952,2023-07-28,Basic,199,11.7,2,1,7,45,Yes,0.4174,6,498.38,498.38,695.62,Medium Risk,Medium Risk,0.46,229.25,Payment reminder,15.0,214.25,15.3,True
1953,2024-12-06,Standard,399,14.5,0,0,14,59,No,0.338,6,809.17,809.17,1584.83,Low Risk,Low Risk,0.74,598.79,No action,0.0,598.79,598.8,False
1954,2023-12-05,Basic,199,0.6,3,5,19,52,No,0.6148,8,978.76,978.76,613.24,High Risk,High Risk,0.05,48.94,Payment retry & Concierge billing call,65.0,-16.06,0.8,False
1955,2024-09-05,Basic,199,20.8,5,3,25,2,Yes,0.6545,8,1041.96,1041.96,550.04,High Risk,High Risk,0.51,531.4,Payment retry & Concierge billing call,65.0,466.4,8.2,True
1956,2024-10-03,Basic,199,22.1,6,5,17,36,Yes,0.8302,6,991.26,991.26,202.74,Critical Risk,Critical Risk,0.05,49.56,Payment retry & Concierge billing call,65.0,-15.44,0.8,False
1957,2024-02-28,Standard,399,23.5,4,3,14,44,Yes,0.6928,6,1658.56,1658.56,735.44,High Risk,High Risk,0.37,613.67,Payment retry & Concierge billing call,65.0,548.67,9.4,True
1958,2024-10-03,Standard,399,21.1,3,3,18,16,No,0.5614,6,1343.99,1343.99,1050.01,Medium Risk,Medium Risk,0.47,631.68,Payment retry & Concierge billing call,65.0,566.68,9.7,True
1959,2023-03-14,Premium,699,1.5,7,1,26,42,Yes,0.9154,8,5118.92,5118.92,473.08,Critical Risk,Critical Risk,0.11,563.08,Payment reminder & Priority billing assistance,35.0,528.08,16.1,True
1960,2023-06-21,Premium,699,3.3,7,0,8,11,No,0.2457,6,1030.47,1030.47,3163.53,Low Risk,Low Risk,0.47,484.32,No action,0.0,484.32,484.3,False
1961,2024-08-06,Premium,699,23.9,6,2,17,34,Yes,0.7379,6,3094.75,3094.75,1099.25,High Risk,High Risk,0.4,1237.9,Payment retry & Concierge billing call,65.0,1172.9,19.0,True
1962,2024-05-24,Standard,399,19.1,6,1,7,60,Yes,0.4071,6,974.6,974.6,1419.4,Medium Risk,Medium Risk,0.37,360.6,Payment reminder & Priority billing assistance,35.0,325.6,10.3,True
1963,2023-08-23,Basic,199,13.2,0,3,9,30,Yes,0.4973,6,593.78,593.78,600.22,Medium Risk,Medium Risk,0.43,255.33,Payment retry & Concierge billing call,65.0,190.33,3.9,True
1964,2024-03-24,Basic,199,5.0,1,1,25,27,No,0.2552,8,406.28,406.28,1185.72,Low Risk,Low Risk,0.59,239.71,No action,0.0,239.71,239.7,False
1965,2023-07-13,Premium,699,11.3,0,5,10,59,Yes,0.6309,6,2645.99,2645.99,1548.01,High Risk,High Risk,0.13,343.98,Payment retry & Concierge billing call,65.0,278.98,5.3,True
1966,2023-09-14,Basic,199,1.6,0,1,21,21,No,0.2973,8,473.3,473.3,1118.7,Low Risk,Low Risk,0.6,283.98,No action,0.0,283.98,284.0,False
1967,2023-10-26,Basic,199,11.8,0,3,23,24,Yes,0.5864,8,933.55,933.55,658.45,Medium Risk,Medium Risk,0.5,466.78,Payment retry & Concierge billing call,65.0,401.78,7.2,True
1968,2023-01-26,Premium,699,6.0,3,2,5,42,No,0.3717,6,1558.91,1558.91,2635.09,Medium Risk,Medium Risk,0.26,405.32,Payment retry & Concierge billing call,65.0,340.32,6.2,True
1969,2024-07-14,Standard,399,21.2,8,2,5,35,Yes,0.7669,6,1835.96,1835.96,558.04,High Risk,High Risk,0.09,165.24,Payment retry & Concierge billing call,65.0,100.24,2.5,True
1970,2024-09-25,Standard,399,3.2,1,3,4,33,Yes,0.9053,4,1444.86,1444.86,151.14,Critical Risk,Critical Risk,0.09,130.04,Payment retry & Concierge billing call,65.0,65.04,2.0,True
1971,2023-04-17,Premium,699,18.2,5,2,11,2,Yes,0.5476,6,2296.63,2296.63,1897.37,Medium Risk,Medium Risk,0.5,1148.32,Payment retry & Concierge billing call,65.0,1083.32,17.7,True
1972,2024-08-03,Premium,699,0.6,0,4,15,3,No,0.2096,6,879.06,879.06,3314.94,Low Risk,Low Risk,0.41,360.41,No action,0.0,360.41,360.4,False
1973,2024-10-26,Basic,199,19.2,0,4,15,34,Yes,0.5673,6,677.36,677.36,516.64,Medium Risk,Medium Risk,0.39,264.17,Payment retry & Concierge billing call,65.0,199.17,4.1,True
1974,2024-11-30,Standard,399,7.4,6,3,25,58,Yes,0.7793,8,2487.53,2487.53,704.47,High Risk,High Risk,0.05,124.38,Payment retry & Concierge billing call,65.0,59.38,1.9,True
1975,2024-04-10,Standard,399,9.0,7,3,17,58,No,0.7966,6,1907.06,1907.06,486.94,High Risk,High Risk,0.05,95.35,Payment retry & Concierge billing call,65.0,30.35,1.5,True
1976,2024-02-02,Premium,699,6.0,4,5,24,46,Yes,0.5925,8,3313.26,3313.26,2278.74,Medium Risk,Medium Risk,0.05,165.66,Payment retry & Concierge billing call,65.0,100.66,2.5,True
1977,2023-02-13,Standard,399,9.5,0,3,11,51,Yes,0.5729,6,1371.52,1371.52,1022.48,Medium Risk,Medium Risk,0.31,425.17,Payment retry & Concierge billing call,65.0,360.17,6.5,True
1978,2024-10-03,Standard,399,17.9,8,1,27,25,Yes,0.5304,8,1693.04,1693.04,1498.96,Medium Risk,Medium Risk,0.44,744.94,Payment reminder & Priority billing assistance,35.0,709.94,21.3,True
1979,2024-03-30,Standard,399,23.6,6,3,14,29,Yes,0.8227,6,1969.54,1969.54,424.46,Critical Risk,Critical Risk,0.26,512.08,Payment retry & Concierge billing call,65.0,447.08,7.9,True
1980,2024-06-26,Standard,399,9.4,5,5,30,25,Yes,0.8287,8,2645.21,2645.21,546.79,Critical Risk,Critical Risk,0.05,132.26,Payment retry & Concierge billing call,65.0,67.26,2.0,True
1981,2024-11-06,Basic,199,5.8,3,4,16,12,No,0.4272,6,510.08,510.08,683.92,Medium Risk,Medium Risk,0.34,173.43,Payment retry & Concierge billing call,65.0,108.43,2.7,True
1982,2023-08-07,Premium,699,22.6,8,3,24,23,Yes,0.9233,8,5163.09,5163.09,428.91,Critical Risk,Critical Risk,0.17,877.73,Payment retry & Concierge billing call,65.0,812.73,13.5,True
1983,2024-09-30,Standard,399,12.0,8,5,10,28,Yes,0.7801,6,1867.56,1867.56,526.44,High Risk,High Risk,0.05,93.38,Payment retry & Concierge billing call,65.0,28.38,1.4,True
1984,2024-01-29,Standard,399,5.4,5,4,4,56,Yes,0.81,4,1292.76,1292.76,303.24,Critical Risk,Critical Risk,0.05,64.64,Payment retry & Concierge billing call,65.0,-0.36,1.0,False
1985,2024-08-04,Premium,699,4.9,7,0,28,44,Yes,0.8019,8,4484.22,4484.22,1107.78,Critical Risk,Critical Risk,0.25,1121.06,Customer support follow-up,120.0,1001.06,9.3,True
1986,2023-07-22,Premium,699,7.2,2,5,12,25,Yes,0.5256,6,2204.37,2204.37,1989.63,Medium Risk,Medium Risk,0.09,198.39,Payment retry & Concierge billing call,65.0,133.39,3.1,True
1987,2024-05-13,Basic,199,8.3,3,5,27,8,No,0.466,8,741.87,741.87,850.13,Medium Risk,Medium Risk,0.26,192.89,Payment retry & Concierge billing call,65.0,127.89,3.0,True
1988,2023-03-29,Standard,399,18.5,0,5,34,6,No,0.2089,8,666.81,666.81,2525.19,Low Risk,Low Risk,0.48,320.07,No action,0.0,320.07,320.1,False
1989,2024-01-01,Basic,199,23.0,0,2,1,54,Yes,0.6438,4,512.46,512.46,283.54,High Risk,High Risk,0.55,281.85,Payment retry & Concierge billing call,65.0,216.85,4.3,True
1990,2023-11-20,Basic,199,24.0,4,0,10,23,No,0.4574,6,546.14,546.14,647.86,Medium Risk,Medium Risk,0.68,371.38,Customer support follow-up,120.0,251.38,3.1,True
1991,2024-07-29,Premium,699,12.1,2,2,29,19,Yes,0.4124,8,2306.14,2306.14,3285.86,Medium Risk,Medium Risk,0.52,1199.19,Payment retry & Concierge billing call,65.0,1134.19,18.4,True
1992,2023-06-12,Basic,199,4.5,1,4,10,58,Yes,0.7853,6,937.65,937.65,256.35,High Risk,High Risk,0.05,46.88,Payment retry & Concierge billing call,65.0,-18.12,0.7,False
1993,2023-04-27,Premium,699,15.9,4,5,36,54,No,0.6599,8,3690.16,3690.16,1901.84,High Risk,High Risk,0.1,369.02,Payment retry & Concierge billing call,65.0,304.02,5.7,True
1994,2024-04-29,Premium,699,22.8,1,0,10,8,No,0.2141,6,897.94,897.94,3296.06,Low Risk,Low Risk,0.91,817.13,No action,0.0,817.13,817.1,False
1995,2024-01-07,Standard,399,4.7,0,4,31,44,No,0.7854,8,2507.0,2507.0,685.0,High Risk,High Risk,0.13,325.91,Payment retry & Concierge billing call,65.0,260.91,5.0,True
1996,2023-12-19,Standard,399,11.5,0,3,12,60,No,0.6205,6,1485.48,1485.48,908.52,High Risk,High Risk,0.33,490.21,Payment retry & Concierge billing call,65.0,425.21,7.5,True
1997,2024-11-24,Standard,399,22.2,1,1,6,8,No,0.2712,6,649.25,649.25,1744.75,Low Risk,Low Risk,0.8,519.4,No action,0.0,519.4,519.4,False
1998,2023-03-27,Standard,399,3.2,3,5,10,20,Yes,0.905,6,2166.57,2166.57,227.43,Critical Risk,Critical Risk,0.05,108.33,Payment retry & Concierge billing call,65.0,43.33,1.7,True
1999,2023-07-16,Standard,399,0.9,6,1,32,23,No,0.2569,8,820.02,820.02,2371.98,Low Risk,Low Risk,0.35,287.01,No action,0.0,287.01,287.0,False
2000,2023-02-23,Premium,699,24.6,0,3,18,20,No,0.2847,6,1194.03,1194.03,2999.97,Low Risk,Low Risk,0.63,752.24,No action,0.0,752.24,752.2,False
2001,2023-10-07,Premium,699,17.7,4,3,16,27,Yes,0.6872,6,2882.12,2882.12,1311.88,High Risk,High Risk,0.4,1152.85,Payment retry & Concierge billing call,65.0,1087.85,17.7,True
2002,2024-10-01,Premium,699,16.7,5,4,30,2,Yes,0.5215,8,2916.23,2916.23,2675.77,Medium Risk,Medium Risk,0.37,1079.01,Payment retry & Concierge billing call,65.0,1014.01,16.6,True
2003,2024-12-12,Basic,199,7.9,3,3,2,24,Yes,0.6884,4,547.97,547.97,248.03,High Risk,High Risk,0.26,142.47,Payment retry & Concierge billing call,65.0,77.47,2.2,True
2004,2024-03-10,Premium,699,17.6,5,2,18,51,Yes,0.7456,6,3127.05,3127.05,1066.95,High Risk,High Risk,0.38,1188.28,Payment retry & Concierge billing call,65.0,1123.28,18.3,True
2005,2024-05-15,Standard,399,3.7,5,5,22,16,Yes,0.9129,8,2913.98,2913.98,278.02,Critical Risk,Critical Risk,0.05,145.7,Payment retry & Concierge billing call,65.0,80.7,2.2,True
2006,2023-11-23,Standard,399,2.5,7,5,18,5,No,0.8558,6,2048.79,2048.79,345.21,Critical Risk,Critical Risk,0.05,102.44,Payment retry & Concierge billing call,65.0,37.44,1.6,True
2007,2024-01-18,Premium,699,1.1,2,0,8,15,Yes,0.6338,6,2658.16,2658.16,1535.84,High Risk,High Risk,0.53,1408.82,Engagement campaign,10.0,1398.82,140.9,True
2008,2023-01-14,Basic,199,14.5,3,0,10,55,Yes,0.3978,6,474.97,474.97,719.03,Medium Risk,Medium Risk,0.54,256.48,Customer support follow-up,120.0,136.48,2.1,True
2009,2024-04-16,Premium,699,21.8,1,1,22,37,No,0.2277,8,1273.3,1273.3,4318.7,Low Risk,Low Risk,0.68,865.84,No action,0.0,865.84,865.8,False
2010,2023-05-23,Premium,699,19.8,1,4,22,7,Yes,0.4656,8,2603.64,2603.64,2988.36,Medium Risk,Medium Risk,0.56,1458.04,Payment retry & Concierge billing call,65.0,1393.04,22.4,True
2011,2023-08-27,Basic,199,5.0,1,0,6,27,No,0.1958,6,233.79,233.79,960.21,Low Risk,Low Risk,0.61,142.61,No action,0.0,142.61,142.6,False
2012,2024-05-02,Basic,199,18.1,6,2,4,40,Yes,0.8,4,636.8,636.8,159.2,Critical Risk,Critical Risk,0.14,89.15,Payment retry & Concierge billing call,65.0,24.15,1.4,True
2013,2024-08-29,Basic,199,15.3,2,3,32,18,No,0.3545,8,564.36,564.36,1027.64,Medium Risk,Medium Risk,0.45,253.96,Payment retry & Concierge billing call,65.0,188.96,3.9,True
2014,2023-09-27,Basic,199,5.0,0,0,29,11,No,0.2998,8,477.28,477.28,1114.72,Low Risk,Low Risk,0.85,405.69,No action,0.0,405.69,405.7,False
2015,2023-03-19,Basic,199,14.6,3,5,35,7,No,0.4064,8,646.99,646.99,945.01,Medium Risk,Medium Risk,0.33,213.51,Payment retry & Concierge billing call,65.0,148.51,3.3,True
2016,2024-08-29,Basic,199,21.3,3,1,12,25,No,0.2469,6,294.8,294.8,899.2,Low Risk,Low Risk,0.59,173.93,No action,0.0,173.93,173.9,False
2017,2023-12-20,Standard,399,12.9,4,1,27,27,Yes,0.4301,8,1372.88,1372.88,1819.12,Medium Risk,Medium Risk,0.55,755.08,Payment reminder & Priority billing assistance,35.0,720.08,21.6,True
2018,2023-03-05,Premium,699,13.5,4,2,16,48,Yes,0.6792,6,2848.56,2848.56,1345.44,High Risk,High Risk,0.38,1082.45,Payment retry & Concierge billing call,65.0,1017.45,16.7,True
2019,2023-03-23,Basic,199,8.9,0,4,32,48,No,0.5397,8,859.2,859.2,732.8,Medium Risk,Medium Risk,0.29,249.17,Payment retry & Concierge billing call,65.0,184.17,3.8,True
2020,2024-01-06,Premium,699,0.8,1,2,29,37,Yes,0.9052,8,5061.88,5061.88,530.12,Critical Risk,Critical Risk,0.25,1265.47,Payment retry & Concierge billing call,65.0,1200.47,19.5,True
2021,2024-05-06,Premium,699,14.4,5,3,5,22,Yes,0.651,6,2730.29,2730.29,1463.71,High Risk,High Risk,0.24,655.27,Payment retry & Concierge billing call,65.0,590.27,10.1,True
2022,2023-07-14,Standard,399,7.9,7,2,32,34,No,0.7663,8,2446.03,2446.03,745.97,High Risk,High Risk,0.08,195.68,Payment retry & Concierge billing call,65.0,130.68,3.0,True
2023,2023-11-29,Basic,199,1.5,5,3,11,29,Yes,0.9748,6,1163.91,1163.91,30.09,Critical Risk,Critical Risk,0.05,58.2,Payment retry & Concierge billing call,65.0,-6.8,0.9,False
2024,2024-01-30,Standard,399,21.8,7,3,30,9,Yes,0.6496,8,2073.52,2073.52,1118.48,High Risk,High Risk,0.44,912.35,Payment retry & Concierge billing call,65.0,847.35,14.0,True
2025,2024-02-14,Standard,399,21.9,5,3,2,55,Yes,0.8147,4,1300.26,1300.26,295.74,Critical Risk,Critical Risk,0.12,156.03,Payment retry & Concierge billing call,65.0,91.03,2.4,True
2026,2023-08-11,Standard,399,11.1,2,1,1,37,No,0.3274,4,522.53,522.53,1073.47,Low Risk,Low Risk,0.45,235.14,No action,0.0,235.14,235.1,False
2027,2024-05-24,Basic,199,10.1,2,2,2,21,Yes,0.5554,4,442.1,442.1,353.9,Medium Risk,Medium Risk,0.42,185.68,Payment retry & Concierge billing call,65.0,120.68,2.9,True
2028,2024-09-13,Standard,399,7.9,8,2,11,14,Yes,0.4921,6,1178.09,1178.09,1215.91,Medium Risk,Medium Risk,0.28,329.87,Payment retry & Concierge billing call,65.0,264.87,5.1,True
2029,2023-04-19,Premium,699,11.1,2,3,32,42,Yes,0.7742,8,4329.33,4329.33,1262.67,High Risk,High Risk,0.21,909.16,Payment retry & Concierge billing call,65.0,844.16,14.0,True
2030,2024-05-21,Basic,199,17.8,4,1,21,15,No,0.1661,8,264.43,264.43,1327.57,Low Risk,Low Risk,0.6,158.66,No action,0.0,158.66,158.7,False
2031,2023-11-15,Basic,199,12.5,4,5,27,10,Yes,0.5965,8,949.63,949.63,642.37,Medium Risk,Medium Risk,0.26,246.9,Payment retry & Concierge billing call,65.0,181.9,3.8,True
2032,2024-01-18,Premium,699,15.5,2,4,28,18,Yes,0.4527,8,2531.5,2531.5,3060.5,Medium Risk,Medium Risk,0.35,886.02,Payment retry & Concierge billing call,65.0,821.02,13.6,True
2033,2024-03-03,Premium,699,9.6,7,0,9,1,No,0.1695,6,710.88,710.88,3483.12,Low Risk,Low Risk,0.54,383.88,No action,0.0,383.88,383.9,False
2034,2024-05-02,Basic,199,23.6,3,2,14,40,No,0.4938,6,589.6,589.6,604.4,Medium Risk,Medium Risk,0.52,306.59,Payment retry & Concierge billing call,65.0,241.59,4.7,True
2035,2023-11-26,Standard,399,8.8,5,5,36,12,No,0.6088,8,1943.29,1943.29,1248.71,High Risk,High Risk,0.19,369.23,Payment retry & Concierge billing call,65.0,304.23,5.7,True
2036,2023-01-20,Premium,699,17.8,3,1,15,31,No,0.3111,6,1304.75,1304.75,2889.25,Low Risk,Low Risk,0.56,730.66,No action,0.0,730.66,730.7,False
2037,2024-06-25,Standard,399,22.1,6,1,33,39,Yes,0.7479,8,2387.3,2387.3,804.7,High Risk,High Risk,0.48,1145.9,Payment reminder & Priority billing assistance,35.0,1110.9,32.7,True
2038,2023-07-17,Standard,399,15.3,4,0,30,28,Yes,0.3795,8,1211.36,1211.36,1980.64,Medium Risk,Medium Risk,0.67,811.61,Customer support follow-up,120.0,691.61,6.8,True
2039,2023-01-04,Standard,399,9.4,0,3,10,15,Yes,0.3521,6,842.93,842.93,1551.07,Medium Risk,Medium Risk,0.39,328.74,Payment retry & Concierge billing call,65.0,263.74,5.1,True
2040,2023-11-24,Standard,399,20.7,7,4,23,9,No,0.6633,8,2117.25,2117.25,1074.75,High Risk,High Risk,0.33,698.69,Payment retry & Concierge billing call,65.0,633.69,10.7,True
2041,2023-07-12,Standard,399,15.3,8,1,21,52,No,0.4261,8,1360.11,1360.11,1831.89,Medium Risk,Medium Risk,0.33,448.84,Payment reminder & Priority billing assistance,35.0,413.84,12.8,True
2042,2024-05-31,Premium,699,7.7,0,5,8,56,Yes,0.6802,6,2852.76,2852.76,1341.24,High Risk,High Risk,0.1,285.28,Payment retry & Concierge billing call,65.0,220.28,4.4,True
2043,2023-11-02,Standard,399,19.9,6,5,16,52,No,0.7658,6,1833.33,1833.33,560.67,High Risk,High Risk,0.05,91.67,Payment retry & Concierge billing call,65.0,26.67,1.4,True
2044,2024-03-07,Standard,399,4.0,0,0,14,41,No,0.3943,6,943.95,943.95,1450.05,Medium Risk,Medium Risk,0.64,604.13,Engagement campaign,10.0,594.13,60.4,True
2045,2023-06-10,Basic,199,11.9,2,3,24,40,Yes,0.5397,8,859.2,859.2,732.8,Medium Risk,Medium Risk,0.34,292.13,Payment retry & Concierge billing call,65.0,227.13,4.5,True
2046,2024-12-24,Premium,699,19.1,1,2,29,29,Yes,0.7536,8,4214.13,4214.13,1377.87,High Risk,High Risk,0.51,2149.21,Payment retry & Concierge billing call,65.0,2084.21,33.1,True
2047,2023-12-01,Premium,699,7.5,2,2,30,1,Yes,0.31,8,1733.52,1733.52,3858.48,Low Risk,Low Risk,0.6,1040.11,No action,0.0,1040.11,1040.1,False
2048,2024-10-05,Premium,699,9.5,5,5,31,24,Yes,0.817,8,4568.66,4568.66,1023.34,Critical Risk,Critical Risk,0.05,228.43,Payment retry & Concierge billing call,65.0,163.43,3.5,True
2049,2024-10-21,Standard,399,10.2,5,4,21,53,No,0.7859,8,2508.59,2508.59,683.41,High Risk,High Risk,0.05,125.43,Payment retry & Concierge billing call,65.0,60.43,1.9,True
2050,2024-12-31,Standard,399,14.4,0,4,21,3,No,0.2129,8,679.58,679.58,2512.42,Low Risk,Low Risk,0.54,366.97,No action,0.0,366.97,367.0,False
2051,2023-06-17,Basic,199,2.1,1,1,32,9,Yes,0.6686,8,1064.41,1064.41,527.59,High Risk,High Risk,0.68,723.8,Payment reminder,15.0,708.8,48.3,True
2052,2023-12-18,Premium,699,2.8,5,2,16,21,Yes,0.9205,6,3860.58,3860.58,333.42,Critical Risk,Critical Risk,0.19,733.51,Payment retry & Concierge billing call,65.0,668.51,11.3,True
2053,2024-02-10,Basic,199,10.3,0,4,32,26,No,0.5287,8,841.69,841.69,750.31,Medium Risk,Medium Risk,0.38,319.84,Payment retry & Concierge billing call,65.0,254.84,4.9,True
2054,2023-09-25,Premium,699,13.9,1,1,10,28,Yes,0.313,6,1312.72,1312.72,2881.28,Low Risk,Low Risk,0.6,787.63,No action,0.0,787.63,787.6,False
2055,2024-12-15,Basic,199,1.9,8,0,16,3,No,0.4437,6,529.78,529.78,664.22,Medium Risk,Medium Risk,0.5,264.89,Customer support follow-up,120.0,144.89,2.2,True
2056,2023-05-21,Basic,199,1.5,3,1,31,60,Yes,0.8214,8,1307.67,1307.67,284.33,Critical Risk,Critical Risk,0.28,366.15,Payment reminder,15.0,351.15,24.4,True
2057,2024-05-19,Premium,699,8.4,6,0,21,32,No,0.4335,8,2424.13,2424.13,3167.87,Medium Risk,Medium Risk,0.44,1066.62,Customer support follow-up,120.0,946.62,8.9,True
2058,2023-08-24,Basic,199,14.0,0,1,27,37,Yes,0.4721,8,751.58,751.58,840.42,Medium Risk,Medium Risk,0.64,481.01,Payment reminder,15.0,466.01,32.1,True
2059,2023-06-18,Premium,699,0.7,1,4,32,56,Yes,0.7018,8,3924.47,3924.47,1667.53,High Risk,High Risk,0.17,667.16,Payment retry & Concierge billing call,65.0,602.16,10.3,True
2060,2023-09-30,Standard,399,4.2,0,5,14,47,Yes,0.8597,6,2058.12,2058.12,335.88,Critical Risk,Critical Risk,0.05,102.91,Payment retry & Concierge billing call,65.0,37.91,1.6,True
2061,2023-12-09,Premium,699,13.0,2,1,24,48,No,0.2409,8,1347.11,1347.11,4244.89,Low Risk,Low Risk,0.55,740.91,No action,0.0,740.91,740.9,False
2062,2023-01-30,Basic,199,22.5,6,0,21,41,Yes,0.7624,8,1213.74,1213.74,378.26,High Risk,High Risk,0.46,558.32,Customer support follow-up,120.0,438.32,4.7,True
2063,2023-04-20,Standard,399,19.4,3,1,33,7,Yes,0.279,8,890.57,890.57,2301.43,Low Risk,Low Risk,0.77,685.74,No action,0.0,685.74,685.7,False
2064,2024-08-30,Premium,699,5.4,4,5,14,43,Yes,0.7333,6,3075.46,3075.46,1118.54,High Risk,High Risk,0.05,153.77,Payment retry & Concierge billing call,65.0,88.77,2.4,True
2065,2023-09-16,Standard,399,11.9,3,4,24,56,No,0.535,8,1707.72,1707.72,1484.28,Medium Risk,Medium Risk,0.2,341.54,Payment retry & Concierge billing call,65.0,276.54,5.3,True
2066,2023-12-08,Basic,199,1.1,0,1,33,53,Yes,0.7994,8,1272.64,1272.64,319.36,High Risk,High Risk,0.39,496.33,Payment reminder,15.0,481.33,33.1,True
2067,2024-02-05,Basic,199,23.7,6,5,32,20,Yes,0.7291,8,1160.73,1160.73,431.27,High Risk,High Risk,0.18,208.93,Payment retry & Concierge billing call,65.0,143.93,3.2,True
2068,2024-11-14,Premium,699,23.1,7,4,11,38,Yes,0.8671,6,3636.62,3636.62,557.38,Critical Risk,Critical Risk,0.05,181.83,Payment retry & Concierge billing call,65.0,116.83,2.8,True
2069,2023-01-12,Basic,199,15.6,0,0,5,39,Yes,0.4154,6,495.99,495.99,698.01,Medium Risk,Medium Risk,0.68,337.27,Engagement campaign,10.0,327.27,33.7,True
2070,2023-04-10,Standard,399,7.9,6,5,1,36,No,0.6194,4,988.56,988.56,607.44,High Risk,High Risk,0.05,49.43,Payment retry & Concierge billing call,65.0,-15.57,0.8,False
2071,2023-03-19,Basic,199,5.8,3,3,24,47,No,0.5023,8,799.66,799.66,792.34,Medium Risk,Medium Risk,0.24,191.92,Payment retry & Concierge billing call,65.0,126.92,3.0,True
2072,2023-05-26,Standard,399,16.5,4,0,27,57,Yes,0.4894,8,1562.16,1562.16,1629.84,Medium Risk,Medium Risk,0.6,937.3,Customer support follow-up,120.0,817.3,7.8,True
2073,2024-11-29,Standard,399,23.3,3,0,30,58,No,0.4509,8,1439.27,1439.27,1752.73,Medium Risk,Medium Risk,0.71,1021.88,Customer support follow-up,120.0,901.88,8.5,True
2074,2024-08-16,Basic,199,4.8,1,0,31,46,Yes,0.7602,8,1210.24,1210.24,381.76,High Risk,High Risk,0.49,593.02,Engagement campaign,10.0,583.02,59.3,True
2075,2024-12-09,Premium,699,7.2,0,5,36,36,Yes,0.5904,8,3301.52,3301.52,2290.48,Medium Risk,Medium Risk,0.17,561.26,Payment retry & Concierge billing call,65.0,496.26,8.6,True
2076,2024-04-21,Basic,199,2.1,6,0,14,2,Yes,0.5199,6,620.76,620.76,573.24,Medium Risk,Medium Risk,0.58,360.04,Customer support follow-up,120.0,240.04,3.0,True
2077,2023-10-15,Standard,399,24.3,0,5,12,4,No,0.1929,6,461.8,461.8,1932.2,Low Risk,Low Risk,0.46,212.43,No action,0.0,212.43,212.4,False
2078,2023-07-12,Premium,699,18.1,3,2,19,1,No,0.3676,8,2055.62,2055.62,3536.38,Medium Risk,Medium Risk,0.66,1356.71,Payment retry & Concierge billing call,65.0,1291.71,20.9,True
2079,2024-07-26,Basic,199,20.4,0,4,29,53,No,0.3419,8,544.3,544.3,1047.7,Low Risk,Low Risk,0.4,217.72,No action,0.0,217.72,217.7,False
2080,2024-01-12,Premium,699,19.9,0,2,32,23,Yes,0.6329,8,3539.18,3539.18,2052.82,High Risk,High Risk,0.68,2406.64,Payment retry & Concierge billing call,65.0,2341.64,37.0,True
2081,2024-07-18,Standard,399,13.8,5,5,31,57,Yes,0.8023,8,2560.94,2560.94,631.06,Critical Risk,Critical Risk,0.05,128.05,Payment retry & Concierge billing call,65.0,63.05,2.0,True
2082,2024-01-17,Premium,699,8.4,5,3,10,11,No,0.4317,6,1810.55,1810.55,2383.45,Medium Risk,Medium Risk,0.3,543.16,Payment retry & Concierge billing call,65.0,478.16,8.4,True
2083,2024-11-22,Standard,399,19.3,2,5,23,48,No,0.5615,8,1792.31,1792.31,1399.69,Medium Risk,Medium Risk,0.21,376.39,Payment retry & Concierge billing call,65.0,311.39,5.8,True
2084,2023-05-21,Premium,699,9.3,6,0,27,38,Yes,0.5765,8,3223.79,3223.79,2368.21,Medium Risk,Medium Risk,0.45,1450.71,Customer support follow-up,120.0,1330.71,12.1,True
2085,2023-02-13,Standard,399,16.3,7,4,23,55,Yes,0.7843,8,2503.49,2503.49,688.51,High Risk,High Risk,0.05,125.17,Payment retry & Concierge billing call,65.0,60.17,1.9,True
2086,2023-06-13,Standard,399,23.0,2,4,33,21,Yes,0.7429,8,2371.34,2371.34,820.66,High Risk,High Risk,0.43,1019.68,Payment retry & Concierge billing call,65.0,954.68,15.7,True
2087,2024-03-05,Premium,699,24.4,3,5,9,25,Yes,0.5462,6,2290.76,2290.76,1903.24,Medium Risk,Medium Risk,0.22,503.97,Payment retry & Concierge billing call,65.0,438.97,7.8,True
2088,2024-07-17,Basic,199,13.8,8,0,33,36,Yes,0.6313,8,1005.03,1005.03,586.97,High Risk,High Risk,0.42,422.11,Customer support follow-up,120.0,302.11,3.5,True
2089,2024-01-18,Premium,699,18.6,5,3,11,7,Yes,0.6967,6,2921.96,2921.96,1272.04,High Risk,High Risk,0.41,1198.0,Payment retry & Concierge billing call,65.0,1133.0,18.4,True
2090,2024-02-22,Premium,699,13.3,6,1,26,36,Yes,0.6165,8,3447.47,3447.47,2144.53,High Risk,High Risk,0.39,1344.51,Payment reminder & Priority billing assistance,35.0,1309.51,38.4,True
2091,2023-07-12,Premium,699,6.0,7,1,7,53,No,0.288,6,1207.87,1207.87,2986.13,Low Risk,Low Risk,0.2,241.57,No action,0.0,241.57,241.6,False
2092,2023-03-15,Premium,699,22.4,8,0,1,31,Yes,0.8526,4,2383.87,2383.87,412.13,Critical Risk,Critical Risk,0.3,715.16,Customer support follow-up,120.0,595.16,6.0,True
2093,2024-10-15,Premium,699,6.4,6,2,20,52,Yes,0.7703,8,4307.52,4307.52,1284.48,High Risk,High Risk,0.1,430.75,Payment retry & Concierge billing call,65.0,365.75,6.6,True
2094,2024-11-27,Basic,199,1.1,0,2,13,7,Yes,0.8838,6,1055.26,1055.26,138.74,Critical Risk,Critical Risk,0.49,517.08,Payment retry & Concierge billing call,65.0,452.08,8.0,True
2095,2024-02-17,Basic,199,6.7,1,3,5,60,Yes,0.7745,6,924.75,924.75,269.25,High Risk,High Risk,0.13,120.22,Payment retry & Concierge billing call,65.0,55.22,1.8,True
2096,2024-08-26,Basic,199,8.9,5,1,20,19,No,0.2164,8,344.51,344.51,1247.49,Low Risk,Low Risk,0.47,161.92,No action,0.0,161.92,161.9,False
2097,2023-09-19,Standard,399,17.1,0,3,3,20,No,0.4373,4,697.93,697.93,898.07,Medium Risk,Medium Risk,0.47,328.03,Payment retry & Concierge billing call,65.0,263.03,5.0,True
2098,2024-12-06,Premium,699,21.6,6,4,31,49,Yes,0.7586,8,4242.09,4242.09,1349.91,High Risk,High Risk,0.06,254.53,Payment retry & Concierge billing call,65.0,189.53,3.9,True
2099,2024-05-14,Premium,699,23.8,7,0,23,24,Yes,0.6977,8,3901.54,3901.54,1690.46,High Risk,High Risk,0.64,2496.99,Customer support follow-up,120.0,2376.99,20.8,True
2100,2024-10-08,Basic,199,6.7,1,0,31,15,No,0.2167,8,344.99,344.99,1247.01,Low Risk,Low Risk,0.71,244.94,No action,0.0,244.94,244.9,False
2101,2023-02-05,Basic,199,9.8,5,1,30,38,No,0.5454,8,868.28,868.28,723.72,Medium Risk,Medium Risk,0.4,347.31,Payment reminder,15.0,332.31,23.2,True
2102,2023-01-11,Standard,399,14.0,7,1,20,39,Yes,0.5386,8,1719.21,1719.21,1472.79,Medium Risk,Medium Risk,0.36,618.92,Payment reminder & Priority billing assistance,35.0,583.92,17.7,True
2103,2023-07-05,Premium,699,15.0,0,4,9,28,Yes,0.6413,6,2689.61,2689.61,1504.39,High Risk,High Risk,0.35,941.36,Payment retry & Concierge billing call,65.0,876.36,14.5,True
2104,2023-09-17,Standard,399,17.6,6,4,18,41,Yes,0.8145,6,1949.91,1949.91,444.09,Critical Risk,Critical Risk,0.05,97.5,Payment retry & Concierge billing call,65.0,32.5,1.5,True
2105,2023-06-16,Premium,699,17.6,7,1,8,57,Yes,0.5657,6,2372.55,2372.55,1821.45,Medium Risk,Medium Risk,0.32,759.22,Payment reminder & Priority billing assistance,35.0,724.22,21.7,True
2106,2023-03-20,Basic,199,15.2,6,0,19,43,Yes,0.6156,8,980.04,980.04,611.96,High Risk,High Risk,0.51,499.82,Customer support follow-up,120.0,379.82,4.2,True
2107,2024-10-31,Basic,199,12.4,0,3,31,49,No,0.5496,8,874.96,874.96,717.04,Medium Risk,Medium Risk,0.42,367.48,Payment retry & Concierge billing call,65.0,302.48,5.7,True
2108,2024-08-20,Basic,199,1.6,2,1,25,21,No,0.3838,8,611.01,611.01,980.99,Medium Risk,Medium Risk,0.52,317.73,Payment reminder,15.0,302.73,21.2,True
2109,2024-09-11,Standard,399,18.0,1,0,15,10,No,0.1585,6,379.45,379.45,2014.55,Low Risk,Low Risk,0.94,356.68,No action,0.0,356.68,356.7,False
2110,2024-06-21,Premium,699,11.2,5,5,2,27,Yes,0.6445,4,1802.02,1802.02,993.98,High Risk,High Risk,0.05,90.1,Payment retry & Concierge billing call,65.0,25.1,1.4,True
2111,2024-03-22,Premium,699,16.1,1,3,24,30,Yes,0.6759,8,3779.63,3779.63,1812.37,High Risk,High Risk,0.5,1889.82,Payment retry & Concierge billing call,65.0,1824.82,29.1,True
2112,2024-01-02,Premium,699,2.1,1,2,28,56,No,0.9441,8,5279.41,5279.41,312.59,Critical Risk,Critical Risk,0.26,1372.65,Payment retry & Concierge billing call,65.0,1307.65,21.1,True
2113,2023-03-30,Standard,399,12.9,3,1,26,7,Yes,0.2362,8,753.95,753.95,2438.05,Low Risk,Low Risk,0.71,535.3,No action,0.0,535.3,535.3,False
2114,2023-09-27,Premium,699,16.8,7,5,12,34,Yes,0.8213,6,3444.53,3444.53,749.47,Critical Risk,Critical Risk,0.05,172.23,Payment retry & Concierge billing call,65.0,107.23,2.6,True
2115,2023-02-10,Standard,399,24.3,2,4,5,26,Yes,0.528,6,1264.03,1264.03,1129.97,Medium Risk,Medium Risk,0.36,455.05,Payment retry & Concierge billing call,65.0,390.05,7.0,True
2116,2024-01-16,Basic,199,4.1,2,5,13,44,Yes,0.8164,6,974.78,974.78,219.22,Critical Risk,Critical Risk,0.05,48.74,Payment retry & Concierge billing call,65.0,-16.26,0.7,False
2117,2024-06-27,Basic,199,19.8,1,4,33,42,Yes,0.7166,8,1140.83,1140.83,451.17,High Risk,High Risk,0.36,410.7,Payment retry & Concierge billing call,65.0,345.7,6.3,True
2118,2024-05-06,Basic,199,22.1,2,2,20,58,Yes,0.7645,8,1217.08,1217.08,374.92,High Risk,High Risk,0.42,511.17,Payment retry & Concierge billing call,65.0,446.17,7.9,True
2119,2024-02-02,Basic,199,16.8,7,3,13,13,Yes,0.5576,6,665.77,665.77,528.23,Medium Risk,Medium Risk,0.39,259.65,Payment retry & Concierge billing call,65.0,194.65,4.0,True
2120,2024-06-06,Premium,699,21.5,1,1,35,42,Yes,0.4607,8,2576.23,2576.23,3015.77,Medium Risk,Medium Risk,0.68,1751.84,Payment reminder & Priority billing assistance,35.0,1716.84,50.1,True
2121,2024-02-28,Basic,199,12.2,1,4,5,10,Yes,0.5313,6,634.37,634.37,559.63,Medium Risk,Medium Risk,0.4,253.75,Payment retry & Concierge billing call,65.0,188.75,3.9,True
2122,2023-02-13,Premium,699,23.5,4,3,24,3,No,0.3635,8,2032.69,2032.69,3559.31,Medium Risk,Medium Risk,0.57,1158.63,Payment retry & Concierge billing call,65.0,1093.63,17.8,True
2123,2023-08-19,Standard,399,1.2,5,3,26,28,Yes,0.9508,8,3034.95,3034.95,157.05,Critical Risk,Critical Risk,0.07,212.45,Payment retry & Concierge billing call,65.0,147.45,3.3,True
2124,2024-10-12,Premium,699,12.2,8,3,9,41,No,0.7344,6,3080.07,3080.07,1113.93,High Risk,High Risk,0.05,154.0,Payment retry & Concierge billing call,65.0,89.0,2.4,True
2125,2024-09-06,Basic,199,15.2,4,3,16,49,Yes,0.7591,6,906.37,906.37,287.63,High Risk,High Risk,0.17,154.08,Payment retry & Concierge billing call,65.0,89.08,2.4,True
2126,2024-10-18,Basic,199,2.1,1,5,27,57,Yes,0.955,8,1520.36,1520.36,71.64,Critical Risk,Critical Risk,0.05,76.02,Payment retry & Concierge billing call,65.0,11.02,1.2,True
2127,2023-12-16,Basic,199,7.3,4,3,24,41,No,0.6412,8,1020.79,1020.79,571.21,High Risk,High Risk,0.21,214.37,Payment retry & Concierge billing call,65.0,149.37,3.3,True
2128,2024-12-05,Standard,399,15.3,4,3,35,32,Yes,0.7163,8,2286.43,2286.43,905.57,High Risk,High Risk,0.29,663.06,Payment retry & Concierge billing call,65.0,598.06,10.2,True
2129,2024-05-16,Premium,699,23.1,2,3,36,21,Yes,0.7338,8,4103.41,4103.41,1488.59,High Risk,High Risk,0.53,2174.81,Payment retry & Concierge billing call,65.0,2109.81,33.5,True
2130,2023-10-05,Standard,399,13.2,1,2,35,40,Yes,0.7137,8,2278.13,2278.13,913.87,High Risk,High Risk,0.49,1116.28,Payment retry & Concierge billing call,65.0,1051.28,17.2,True
2131,2023-11-10,Standard,399,6.1,5,1,33,36,Yes,0.5055,8,1613.56,1613.56,1578.44,Medium Risk,Medium Risk,0.36,580.88,Payment reminder & Priority billing assistance,35.0,545.88,16.6,True
2132,2024-11-16,Basic,199,13.2,6,2,22,16,No,0.4839,8,770.37,770.37,821.63,Medium Risk,Medium Risk,0.37,285.04,Payment retry & Concierge billing call,65.0,220.04,4.4,True
2133,2024-12-03,Premium,699,19.3,2,5,13,18,Yes,0.6142,6,2575.95,2575.95,1618.05,High Risk,High Risk,0.29,747.03,Payment retry & Concierge billing call,65.0,682.03,11.5,True
2134,2023-05-01,Standard,399,14.0,3,3,35,37,Yes,0.6926,8,2210.78,2210.78,981.22,High Risk,High Risk,0.32,707.45,Payment retry & Concierge billing call,65.0,642.45,10.9,True
2135,2023-12-12,Premium,699,16.1,3,4,19,50,No,0.6296,8,3520.72,3520.72,2071.28,High Risk,High Risk,0.24,844.97,Payment retry & Concierge billing call,65.0,779.97,13.0,True
2136,2024-08-04,Basic,199,9.7,6,3,32,45,Yes,0.866,8,1378.67,1378.67,213.33,Critical Risk,Critical Risk,0.05,68.93,Payment retry & Concierge billing call,65.0,3.93,1.1,True
2137,2024-01-21,Standard,399,8.9,4,4,35,4,Yes,0.4479,8,1429.7,1429.7,1762.3,Medium Risk,Medium Risk,0.33,471.8,Payment retry & Concierge billing call,65.0,406.8,7.3,True
2138,2024-07-17,Premium,699,0.6,3,2,26,59,Yes,0.8387,8,4690.01,4690.01,901.99,Critical Risk,Critical Risk,0.17,797.3,Payment retry & Concierge billing call,65.0,732.3,12.3,True
2139,2024-03-13,Premium,699,13.0,6,1,18,17,Yes,0.2075,6,870.26,870.26,3323.74,Low Risk,Low Risk,0.47,409.02,No action,0.0,409.02,409.0,False
2140,2023-05-24,Premium,699,15.1,7,3,32,24,Yes,0.8317,8,4650.87,4650.87,941.13,Critical Risk,Critical Risk,0.13,604.61,Payment retry & Concierge billing call,65.0,539.61,9.3,True
2141,2023-04-21,Basic,199,9.4,0,0,8,54,Yes,0.4638,6,553.78,553.78,640.22,Medium Risk,Medium Risk,0.61,337.81,Engagement campaign,10.0,327.81,33.8,True
2142,2023-02-10,Premium,699,7.1,1,5,35,43,Yes,0.6949,8,3885.88,3885.88,1706.12,High Risk,High Risk,0.13,505.16,Payment retry & Concierge billing call,65.0,440.16,7.8,True
2143,2024-03-16,Premium,699,0.7,5,4,4,46,Yes,0.9853,4,2754.9,2754.9,41.1,Critical Risk,Critical Risk,0.05,137.74,Payment retry & Concierge billing call,65.0,72.74,2.1,True
2144,2023-06-05,Basic,199,5.9,4,4,15,22,No,0.5804,6,693.0,693.0,501.0,Medium Risk,Medium Risk,0.18,124.74,Payment retry & Concierge billing call,65.0,59.74,1.9,True
2145,2024-01-28,Basic,199,14.8,3,1,36,51,No,0.3169,8,504.5,504.5,1087.5,Low Risk,Low Risk,0.53,267.38,No action,0.0,267.38,267.4,False
2146,2023-10-04,Basic,199,15.6,2,0,35,36,No,0.2393,8,380.97,380.97,1211.03,Low Risk,Low Risk,0.68,259.06,No action,0.0,259.06,259.1,False
2147,2023-06-19,Standard,399,2.8,6,1,8,15,Yes,0.6485,6,1552.51,1552.51,841.49,High Risk,High Risk,0.29,450.23,Payment reminder & Priority billing assistance,35.0,415.23,12.9,True
2148,2024-08-16,Basic,199,7.3,0,1,15,42,Yes,0.3402,6,406.2,406.2,787.8,Low Risk,Low Risk,0.57,231.53,No action,0.0,231.53,231.5,False
2149,2024-12-30,Premium,699,11.4,3,0,25,54,Yes,0.3014,8,1685.43,1685.43,3906.57,Low Risk,Low Risk,0.59,994.4,No action,0.0,994.4,994.4,False
2150,2024-07-08,Standard,399,4.2,6,4,29,48,Yes,0.9523,8,3039.74,3039.74,152.26,Critical Risk,Critical Risk,0.05,151.99,Payment retry & Concierge billing call,65.0,86.99,2.3,True
2151,2023-12-17,Standard,399,22.1,7,3,14,50,No,0.7506,6,1796.94,1796.94,597.06,High Risk,High Risk,0.12,215.63,Payment retry & Concierge billing call,65.0,150.63,3.3,True
2152,2023-05-28,Standard,399,12.7,6,3,2,38,Yes,0.8739,4,1394.74,1394.74,201.26,Critical Risk,Critical Risk,0.05,69.74,Payment retry & Concierge billing call,65.0,4.74,1.1,True
2153,2023-08-12,Premium,699,15.2,6,1,5,50,Yes,0.6366,6,2669.9,2669.9,1524.1,High Risk,High Risk,0.33,881.07,Payment reminder & Priority billing assistance,35.0,846.07,25.2,True
2154,2024-01-24,Standard,399,10.4,3,5,23,18,No,0.4626,8,1476.62,1476.62,1715.38,Medium Risk,Medium Risk,0.16,236.26,Payment retry & Concierge billing call,65.0,171.26,3.6,True
2155,2024-12-31,Premium,699,24.0,3,5,31,44,Yes,0.786,8,4395.31,4395.31,1196.69,High Risk,High Risk,0.1,439.53,Payment retry & Concierge billing call,65.0,374.53,6.8,True
2156,2024-04-01,Basic,199,14.5,5,3,25,1,Yes,0.6389,8,1017.13,1017.13,574.87,High Risk,High Risk,0.44,447.54,Payment retry & Concierge billing call,65.0,382.54,6.9,True
2157,2023-09-24,Standard,399,11.2,5,1,6,17,No,0.28,6,670.32,670.32,1723.68,Low Risk,Low Risk,0.41,274.83,No action,0.0,274.83,274.8,False
2158,2023-02-07,Standard,399,4.6,8,4,11,33,Yes,0.9501,6,2274.54,2274.54,119.46,Critical Risk,Critical Risk,0.05,113.73,Payment retry & Concierge billing call,65.0,48.73,1.7,True
2159,2023-04-05,Standard,399,1.7,3,0,24,45,No,0.6163,8,1967.23,1967.23,1224.77,High Risk,High Risk,0.5,983.62,Customer support follow-up,120.0,863.62,8.2,True
2160,2023-06-02,Premium,699,1.7,1,4,36,59,Yes,0.903,8,5049.58,5049.58,542.42,Critical Risk,Critical Risk,0.06,302.97,Payment retry & Concierge billing call,65.0,237.97,4.7,True
2161,2023-06-20,Standard,399,21.5,4,1,10,14,No,0.2236,6,535.3,535.3,1858.7,Low Risk,Low Risk,0.68,364.0,No action,0.0,364.0,364.0,False
2162,2023-06-30,Premium,699,6.2,1,4,5,3,No,0.4017,6,1684.73,1684.73,2509.27,Medium Risk,Medium Risk,0.34,572.81,Payment retry & Concierge billing call,65.0,507.81,8.8,True
2163,2023-07-20,Standard,399,12.0,6,1,36,15,Yes,0.3018,8,963.35,963.35,2228.65,Low Risk,Low Risk,0.46,443.14,No action,0.0,443.14,443.1,False
2164,2024-06-30,Premium,699,2.2,1,2,5,52,Yes,0.9667,6,4054.34,4054.34,139.66,Critical Risk,Critical Risk,0.18,729.78,Payment retry & Concierge billing call,65.0,664.78,11.2,True
2165,2023-07-11,Basic,199,14.1,5,5,30,11,Yes,0.6068,8,966.03,966.03,625.97,High Risk,High Risk,0.24,231.85,Payment retry & Concierge billing call,65.0,166.85,3.6,True
2166,2024-05-27,Basic,199,8.5,2,2,1,32,No,0.4852,4,386.22,386.22,409.78,Medium Risk,Medium Risk,0.32,123.59,Payment retry & Concierge billing call,65.0,58.59,1.9,True
2167,2023-05-16,Premium,699,10.1,2,0,4,30,Yes,0.3176,4,888.01,888.01,1907.99,Low Risk,Low Risk,0.62,550.57,No action,0.0,550.57,550.6,False
2168,2024-12-28,Basic,199,14.6,4,3,24,15,Yes,0.4974,8,791.86,791.86,800.14,Medium Risk,Medium Risk,0.37,292.99,Payment retry & Concierge billing call,65.0,227.99,4.5,True
2169,2023-10-22,Basic,199,4.5,0,0,16,24,Yes,0.5971,6,712.94,712.94,481.06,Medium Risk,Medium Risk,0.72,513.32,Engagement campaign,10.0,503.32,51.3,True
2170,2024-06-21,Standard,399,20.1,6,4,34,34,Yes,0.8194,8,2615.52,2615.52,576.48,Critical Risk,Critical Risk,0.05,130.78,Payment retry & Concierge billing call,65.0,65.78,2.0,True
2171,2023-06-20,Standard,399,9.2,6,2,34,33,No,0.7088,8,2262.49,2262.49,929.51,High Risk,High Risk,0.25,565.62,Payment retry & Concierge billing call,65.0,500.62,8.7,True
2172,2024-01-12,Premium,699,3.6,0,1,32,4,No,0.3347,8,1871.64,1871.64,3720.36,Low Risk,Low Risk,0.74,1385.01,No action,0.0,1385.01,1385.0,False
2173,2023-01-25,Standard,399,15.3,6,3,8,24,Yes,0.7922,6,1896.53,1896.53,497.47,High Risk,High Risk,0.09,170.69,Payment retry & Concierge billing call,65.0,105.69,2.6,True
2174,2023-05-31,Standard,399,5.4,0,1,32,27,No,0.3027,8,966.22,966.22,2225.78,Low Risk,Low Risk,0.63,608.72,No action,0.0,608.72,608.7,False
2175,2023-08-21,Standard,399,16.4,4,3,9,15,Yes,0.5078,6,1215.67,1215.67,1178.33,Medium Risk,Medium Risk,0.3,364.7,Payment retry & Concierge billing call,65.0,299.7,5.6,True
2176,2023-07-29,Standard,399,12.4,7,5,17,29,Yes,0.804,6,1924.78,1924.78,469.22,Critical Risk,Critical Risk,0.05,96.24,Payment retry & Concierge billing call,65.0,31.24,1.5,True
2177,2024-10-17,Standard,399,10.7,0,1,9,60,Yes,0.586,6,1402.88,1402.88,991.12,Medium Risk,Medium Risk,0.53,743.53,Payment reminder & Priority billing assistance,35.0,708.53,21.2,True
2178,2024-10-31,Basic,199,9.7,5,3,19,58,Yes,0.8069,8,1284.58,1284.58,307.42,Critical Risk,Critical Risk,0.08,102.77,Payment retry & Concierge billing call,65.0,37.77,1.6,True
2179,2024-05-05,Standard,399,15.2,5,4,5,35,Yes,0.8168,6,1955.42,1955.42,438.58,Critical Risk,Critical Risk,0.05,97.77,Payment retry & Concierge billing call,65.0,32.77,1.5,True
2180,2023-04-14,Basic,199,8.6,4,4,23,10,Yes,0.542,8,862.86,862.86,729.14,Medium Risk,Medium Risk,0.33,284.74,Payment retry & Concierge billing call,65.0,219.74,4.4,True
2181,2024-01-16,Basic,199,7.1,0,4,36,13,No,0.347,8,552.42,552.42,1039.58,Low Risk,Low Risk,0.47,259.64,No action,0.0,259.64,259.6,False
2182,2024-01-12,Basic,199,10.4,7,2,29,39,Yes,0.8413,8,1339.35,1339.35,252.65,Critical Risk,Critical Risk,0.1,133.94,Payment retry & Concierge billing call,65.0,68.94,2.1,True
2183,2023-02-07,Basic,199,14.8,7,3,34,27,No,0.7235,8,1151.81,1151.81,440.19,High Risk,High Risk,0.25,287.95,Payment retry & Concierge billing call,65.0,222.95,4.4,True
2184,2024-01-22,Premium,699,18.4,8,0,36,9,No,0.1235,8,690.61,690.61,4901.39,Low Risk,Low Risk,0.66,455.8,No action,0.0,455.8,455.8,False
2185,2023-07-21,Standard,399,18.4,4,1,29,9,No,0.164,8,523.49,523.49,2668.51,Low Risk,Low Risk,0.72,376.91,No action,0.0,376.91,376.9,False
2186,2023-05-17,Basic,199,7.3,3,0,25,2,No,0.224,8,356.61,356.61,1235.39,Low Risk,Low Risk,0.75,267.46,No action,0.0,267.46,267.5,False
2187,2023-09-19,Basic,199,14.4,6,1,27,27,No,0.4597,8,731.84,731.84,860.16,Medium Risk,Medium Risk,0.48,351.28,Payment reminder,15.0,336.28,23.4,True
2188,2023-03-09,Basic,199,24.8,2,0,1,16,No,0.1684,4,134.05,134.05,661.95,Low Risk,Low Risk,0.77,103.22,No action,0.0,103.22,103.2,False
2189,2024-11-16,Basic,199,22.9,2,5,30,31,Yes,0.7877,8,1254.02,1254.02,337.98,High Risk,High Risk,0.13,163.02,Payment retry & Concierge billing call,65.0,98.02,2.5,True
2190,2024-07-15,Standard,399,15.6,5,3,22,16,No,0.5122,8,1634.94,1634.94,1557.06,Medium Risk,Medium Risk,0.34,555.88,Payment retry & Concierge billing call,65.0,490.88,8.6,True
2191,2024-08-26,Premium,699,16.0,5,4,22,9,No,0.5057,8,2827.87,2827.87,2764.13,Medium Risk,Medium Risk,0.36,1018.03,Payment retry & Concierge billing call,65.0,953.03,15.7,True
2192,2024-05-09,Premium,699,20.3,3,1,18,52,Yes,0.4156,6,1743.03,1743.03,2450.97,Medium Risk,Medium Risk,0.58,1010.96,Payment reminder & Priority billing assistance,35.0,975.96,28.9,True
2193,2023-02-22,Standard,399,23.5,4,3,22,46,No,0.5898,8,1882.64,1882.64,1309.36,Medium Risk,Medium Risk,0.37,696.58,Payment retry & Concierge billing call,65.0,631.58,10.7,True
2194,2023-08-17,Premium,699,20.1,4,0,20,52,Yes,0.483,8,2700.94,2700.94,2891.06,Medium Risk,Medium Risk,0.64,1728.6,Customer support follow-up,120.0,1608.6,14.4,True
2195,2024-01-07,Basic,199,11.9,2,0,16,44,No,0.3123,6,372.89,372.89,821.11,Low Risk,Low Risk,0.64,238.65,No action,0.0,238.65,238.6,False
2196,2024-09-30,Standard,399,10.8,5,2,26,5,Yes,0.5786,8,1846.89,1846.89,1345.11,Medium Risk,Medium Risk,0.51,941.91,Payment retry & Concierge billing call,65.0,876.91,14.5,True
2197,2023-06-07,Standard,399,19.5,0,3,5,25,No,0.475,6,1137.15,1137.15,1256.85,Medium Risk,Medium Risk,0.49,557.2,Payment retry & Concierge billing call,65.0,492.2,8.6,True
2198,2024-05-13,Standard,399,24.5,5,2,31,7,Yes,0.6006,8,1917.12,1917.12,1274.88,High Risk,High Risk,0.64,1226.96,Payment retry & Concierge billing call,65.0,1161.96,18.9,True
2199,2023-09-07,Standard,399,14.9,6,3,26,54,Yes,0.8188,8,2613.61,2613.61,578.39,Critical Risk,Critical Risk,0.09,235.22,Payment retry & Concierge billing call,65.0,170.22,3.6,True
2200,2023-04-14,Premium,699,8.7,5,4,11,24,No,0.6683,6,2802.85,2802.85,1391.15,High Risk,High Risk,0.09,252.26,Payment retry & Concierge billing call,65.0,187.26,3.9,True
2201,2023-04-05,Basic,199,20.0,0,1,6,34,No,0.3141,6,375.04,375.04,818.96,Low Risk,Low Risk,0.62,232.52,No action,0.0,232.52,232.5,False
2202,2023-10-26,Premium,699,24.8,0,3,10,11,Yes,0.3365,6,1411.28,1411.28,2782.72,Low Risk,Low Risk,0.67,945.56,No action,0.0,945.56,945.6,False
2203,2023-12-05,Standard,399,16.8,1,0,23,10,No,0.1448,8,462.2,462.2,2729.8,Low Risk,Low Risk,0.93,429.85,No action,0.0,429.85,429.8,False
2204,2023-07-16,Basic,199,24.9,1,0,3,39,Yes,0.5137,4,408.91,408.91,387.09,Medium Risk,Medium Risk,0.73,298.5,Engagement campaign,10.0,288.5,29.8,True
2205,2024-09-22,Basic,199,20.7,7,0,26,17,No,0.2463,8,392.11,392.11,1199.89,Low Risk,Low Risk,0.61,239.19,No action,0.0,239.19,239.2,False
2206,2023-09-24,Premium,699,20.9,4,1,5,4,No,0.1908,6,800.22,800.22,3393.78,Low Risk,Low Risk,0.67,536.15,No action,0.0,536.15,536.2,False
2207,2023-12-13,Basic,199,2.9,3,5,33,18,Yes,0.7848,8,1249.4,1249.4,342.6,High Risk,High Risk,0.05,62.47,Payment retry & Concierge billing call,65.0,-2.53,1.0,False
2208,2023-10-28,Premium,699,17.5,7,2,11,60,Yes,0.8008,6,3358.56,3358.56,835.44,Critical Risk,Critical Risk,0.1,335.86,Payment retry & Concierge billing call,65.0,270.86,5.2,True
2209,2023-09-04,Premium,699,10.7,3,2,26,42,Yes,0.5952,8,3328.36,3328.36,2263.64,Medium Risk,Medium Risk,0.39,1298.06,Payment retry & Concierge billing call,65.0,1233.06,20.0,True
2210,2023-05-01,Standard,399,17.7,0,0,10,3,No,0.1598,6,382.56,382.56,2011.44,Low Risk,Low Risk,0.9,344.3,No action,0.0,344.3,344.3,False
2211,2023-12-07,Basic,199,25.0,2,1,7,46,Yes,0.6619,6,790.31,790.31,403.69,High Risk,High Risk,0.59,466.28,Payment reminder,15.0,451.28,31.1,True
2212,2024-10-21,Premium,699,14.7,7,3,21,26,Yes,0.8193,8,4581.53,4581.53,1010.47,Critical Risk,Critical Risk,0.13,595.6,Payment retry & Concierge billing call,65.0,530.6,9.2,True
2213,2024-11-02,Premium,699,18.4,4,5,36,13,No,0.358,8,2001.94,2001.94,3590.06,Medium Risk,Medium Risk,0.32,640.62,Payment retry & Concierge billing call,65.0,575.62,9.9,True
2214,2023-09-16,Basic,199,4.3,3,2,24,4,Yes,0.6453,8,1027.32,1027.32,564.68,High Risk,High Risk,0.52,534.21,Payment retry & Concierge billing call,65.0,469.21,8.2,True
2215,2023-11-28,Standard,399,20.4,7,5,12,25,No,0.8041,6,1925.02,1925.02,468.98,Critical Risk,Critical Risk,0.05,96.25,Payment retry & Concierge billing call,65.0,31.25,1.5,True
2216,2024-08-03,Standard,399,20.5,6,5,9,20,No,0.6525,6,1562.08,1562.08,831.92,High Risk,High Risk,0.06,93.72,Payment retry & Concierge billing call,65.0,28.72,1.4,True
2217,2023-12-09,Premium,699,0.7,2,2,12,26,Yes,0.9236,6,3873.58,3873.58,320.42,Critical Risk,Critical Risk,0.21,813.45,Payment retry & Concierge billing call,65.0,748.45,12.5,True
2218,2023-10-12,Basic,199,22.2,3,4,3,38,Yes,0.7871,4,626.53,626.53,169.47,High Risk,High Risk,0.1,62.65,Payment retry & Concierge billing call,65.0,-2.35,1.0,False
2219,2024-09-21,Basic,199,10.7,0,5,12,23,No,0.3896,6,465.18,465.18,728.82,Medium Risk,Medium Risk,0.21,97.69,Payment retry & Concierge billing call,65.0,32.69,1.5,True
2220,2023-12-07,Standard,399,0.6,7,4,22,12,Yes,0.8783,8,2803.53,2803.53,388.47,Critical Risk,Critical Risk,0.05,140.18,Payment retry & Concierge billing call,65.0,75.18,2.2,True
2221,2024-09-18,Premium,699,7.2,6,4,33,37,Yes,0.8501,8,4753.76,4753.76,838.24,Critical Risk,Critical Risk,0.05,237.69,Payment retry & Concierge billing call,65.0,172.69,3.7,True
2222,2023-10-25,Basic,199,19.4,0,3,28,46,Yes,0.4062,8,646.67,646.67,945.33,Medium Risk,Medium Risk,0.49,316.87,Payment retry & Concierge billing call,65.0,251.87,4.9,True
2223,2023-03-06,Premium,699,1.6,5,0,30,26,Yes,0.708,8,3959.14,3959.14,1632.86,High Risk,High Risk,0.5,1979.57,Customer support follow-up,120.0,1859.57,16.5,True
2224,2024-04-05,Standard,399,23.3,3,2,27,53,Yes,0.6058,8,1933.71,1933.71,1258.29,High Risk,High Risk,0.51,986.19,Payment retry & Concierge billing call,65.0,921.19,15.2,True
2225,2023-09-18,Standard,399,22.3,0,1,20,42,No,0.308,8,983.14,983.14,2208.86,Low Risk,Low Risk,0.72,707.86,No action,0.0,707.86,707.9,False
2226,2024-04-05,Standard,399,0.6,3,0,17,14,No,0.0813,6,194.63,194.63,2199.37,Low Risk,Low Risk,0.69,134.29,No action,0.0,134.29,134.3,False
2227,2024-07-02,Basic,199,0.6,0,0,26,51,No,0.2381,8,379.06,379.06,1212.94,Low Risk,Low Risk,0.61,231.23,No action,0.0,231.23,231.2,False
2228,2024-08-17,Premium,699,0.9,4,4,27,42,Yes,0.9078,8,5076.42,5076.42,515.58,Critical Risk,Critical Risk,0.05,253.82,Payment retry & Concierge billing call,65.0,188.82,3.9,True
2229,2024-02-03,Basic,199,16.7,4,0,35,54,Yes,0.326,8,518.99,518.99,1073.01,Low Risk,Low Risk,0.61,316.58,No action,0.0,316.58,316.6,False
2230,2023-12-03,Premium,699,4.8,3,0,22,43,Yes,0.7257,8,4058.11,4058.11,1533.89,High Risk,High Risk,0.53,2150.8,Customer support follow-up,120.0,2030.8,17.9,True
2231,2023-09-22,Premium,699,23.7,0,0,16,8,No,0.1544,6,647.55,647.55,3546.45,Low Risk,Low Risk,0.95,615.17,No action,0.0,615.17,615.2,False
2232,2023-06-17,Basic,199,17.0,6,1,19,57,Yes,0.4264,8,678.83,678.83,913.17,Medium Risk,Medium Risk,0.43,291.9,Payment reminder,15.0,276.9,19.5,True
2233,2024-10-16,Standard,399,19.2,4,2,7,34,Yes,0.7084,6,1695.91,1695.91,698.09,High Risk,High Risk,0.35,593.57,Payment retry & Concierge billing call,65.0,528.57,9.1,True
2234,2023-10-04,Basic,199,24.6,1,0,5,15,Yes,0.4233,6,505.42,505.42,688.58,Medium Risk,Medium Risk,0.81,409.39,Engagement campaign,10.0,399.39,40.9,True
2235,2024-07-01,Basic,199,19.2,5,0,8,32,No,0.4567,6,545.3,545.3,648.7,Medium Risk,Medium Risk,0.51,278.1,Customer support follow-up,120.0,158.1,2.3,True
2236,2023-12-28,Standard,399,3.5,4,0,33,22,No,0.4857,8,1550.35,1550.35,1641.65,Medium Risk,Medium Risk,0.55,852.69,Customer support follow-up,120.0,732.69,7.1,True
2237,2024-09-27,Basic,199,20.3,8,2,25,46,Yes,0.7988,8,1271.69,1271.69,320.31,High Risk,High Risk,0.16,203.47,Payment retry & Concierge billing call,65.0,138.47,3.1,True
2238,2024-07-01,Basic,199,4.5,5,1,5,33,No,0.6394,6,763.44,763.44,430.56,High Risk,High Risk,0.26,198.49,Payment reminder,15.0,183.49,13.2,True
2239,2024-03-18,Basic,199,24.8,5,0,31,21,No,0.6004,8,955.84,955.84,636.16,High Risk,High Risk,0.73,697.76,Customer support follow-up,120.0,577.76,5.8,True
2240,2024-10-14,Basic,199,19.5,6,1,33,10,Yes,0.4103,8,653.2,653.2,938.8,Medium Risk,Medium Risk,0.65,424.58,Payment reminder,15.0,409.58,28.3,True
2241,2024-05-21,Standard,399,24.4,3,5,5,59,No,0.3409,6,816.11,816.11,1577.89,Low Risk,Low Risk,0.14,114.26,No action,0.0,114.26,114.3,False
2242,2024-04-08,Premium,699,10.0,5,1,30,57,Yes,0.4751,8,2656.76,2656.76,2935.24,Medium Risk,Medium Risk,0.4,1062.7,Payment reminder & Priority billing assistance,35.0,1027.7,30.4,True
2243,2023-12-13,Basic,199,14.5,0,5,1,59,Yes,0.7144,4,568.66,568.66,227.34,High Risk,High Risk,0.16,90.99,Payment retry & Concierge billing call,65.0,25.99,1.4,True
2244,2024-08-31,Standard,399,24.3,7,0,1,8,No,0.2578,4,411.45,411.45,1184.55,Low Risk,Low Risk,0.68,279.79,No action,0.0,279.79,279.8,False
2245,2024-07-18,Premium,699,19.3,2,3,36,31,Yes,0.7365,8,4118.51,4118.51,1473.49,High Risk,High Risk,0.41,1688.59,Payment retry & Concierge billing call,65.0,1623.59,26.0,True
2246,2024-07-03,Premium,699,3.4,0,5,22,20,Yes,0.7936,8,4437.81,4437.81,1154.19,High Risk,High Risk,0.09,399.4,Payment retry & Concierge billing call,65.0,334.4,6.1,True
2247,2023-05-21,Standard,399,1.5,1,0,19,60,Yes,0.7312,8,2333.99,2333.99,858.01,High Risk,High Risk,0.57,1330.37,Engagement campaign,10.0,1320.37,133.0,True
2248,2023-03-18,Premium,699,20.5,2,2,17,21,No,0.5262,6,2206.88,2206.88,1987.12,Medium Risk,Medium Risk,0.6,1324.13,Payment retry & Concierge billing call,65.0,1259.13,20.4,True
2249,2023-01-27,Premium,699,2.3,4,5,24,19,Yes,0.9017,8,5042.31,5042.31,549.69,Critical Risk,Critical Risk,0.05,252.12,Payment retry & Concierge billing call,65.0,187.12,3.9,True
2250,2024-09-05,Standard,399,5.0,1,1,21,59,No,0.2636,8,841.41,841.41,2350.59,Low Risk,Low Risk,0.51,429.12,No action,0.0,429.12,429.1,False
2251,2023-07-07,Basic,199,3.3,4,2,24,20,No,0.5506,8,876.56,876.56,715.44,Medium Risk,Medium Risk,0.35,306.8,Payment retry & Concierge billing call,65.0,241.8,4.7,True
2252,2024-07-17,Premium,699,14.8,1,1,14,3,No,0.1657,6,694.95,694.95,3499.05,Low Risk,Low Risk,0.81,562.91,No action,0.0,562.91,562.9,False
2253,2023-11-01,Premium,699,20.4,8,4,6,55,Yes,0.801,6,3359.39,3359.39,834.61,Critical Risk,Critical Risk,0.05,167.97,Payment retry & Concierge billing call,65.0,102.97,2.6,True
2254,2024-03-06,Premium,699,3.0,6,0,20,19,No,0.2586,8,1446.09,1446.09,4145.91,Low Risk,Low Risk,0.47,679.66,No action,0.0,679.66,679.7,False
2255,2024-08-25,Basic,199,7.1,0,1,22,4,Yes,0.1794,8,285.6,285.6,1306.4,Low Risk,Low Risk,0.77,219.91,No action,0.0,219.91,219.9,False
2256,2024-07-08,Basic,199,22.3,0,3,7,51,Yes,0.6446,6,769.65,769.65,424.35,High Risk,High Risk,0.44,338.65,Payment retry & Concierge billing call,65.0,273.65,5.2,True
2257,2023-07-09,Basic,199,4.4,8,1,17,5,Yes,0.4898,6,584.82,584.82,609.18,Medium Risk,Medium Risk,0.42,245.62,Payment reminder,15.0,230.62,16.4,True
2258,2023-05-10,Premium,699,16.0,0,3,7,13,No,0.3782,6,1586.17,1586.17,2607.83,Medium Risk,Medium Risk,0.58,919.98,Payment retry & Concierge billing call,65.0,854.98,14.2,True
2259,2023-10-07,Basic,199,6.3,6,0,33,43,No,0.4321,8,687.9,687.9,904.1,Medium Risk,Medium Risk,0.42,288.92,Customer support follow-up,120.0,168.92,2.4,True
2260,2024-11-13,Premium,699,12.6,3,0,13,27,Yes,0.2867,6,1202.42,1202.42,2991.58,Low Risk,Low Risk,0.69,829.67,No action,0.0,829.67,829.7,False
2261,2024-08-27,Standard,399,20.7,4,2,13,8,Yes,0.4781,6,1144.57,1144.57,1249.43,Medium Risk,Medium Risk,0.65,743.97,Payment retry & Concierge billing call,65.0,678.97,11.4,True
2262,2024-09-11,Standard,399,7.1,1,5,19,26,Yes,0.7047,8,2249.4,2249.4,942.6,High Risk,High Risk,0.21,472.37,Payment retry & Concierge billing call,65.0,407.37,7.3,True
2263,2024-12-08,Standard,399,24.5,6,4,1,12,No,0.1292,4,206.2,206.2,1389.8,Low Risk,Low Risk,0.32,65.98,No action,0.0,65.98,66.0,False
2264,2023-02-11,Basic,199,20.5,1,5,12,15,Yes,0.511,6,610.13,610.13,583.87,Medium Risk,Medium Risk,0.26,158.63,Payment retry & Concierge billing call,65.0,93.63,2.4,True
2265,2023-08-12,Basic,199,18.7,1,5,16,25,Yes,0.7691,6,918.31,918.31,275.69,High Risk,High Risk,0.21,192.85,Payment retry & Concierge billing call,65.0,127.85,3.0,True
2266,2023-01-15,Standard,399,14.6,3,5,8,7,No,0.4766,6,1140.98,1140.98,1253.02,Medium Risk,Medium Risk,0.25,285.24,Payment retry & Concierge billing call,65.0,220.24,4.4,True
2267,2023-05-07,Standard,399,8.9,7,1,7,9,No,0.21,6,502.74,502.74,1891.26,Low Risk,Low Risk,0.43,216.18,No action,0.0,216.18,216.2,False
2268,2024-03-30,Standard,399,24.4,6,5,21,33,Yes,0.7809,8,2492.63,2492.63,699.37,High Risk,High Risk,0.05,124.63,Payment retry & Concierge billing call,65.0,59.63,1.9,True
2269,2024-11-12,Premium,699,21.5,2,1,13,24,No,0.2591,6,1086.67,1086.67,3107.33,Low Risk,Low Risk,0.72,782.4,No action,0.0,782.4,782.4,False
2270,2024-03-19,Premium,699,12.5,4,3,16,3,Yes,0.4429,6,1857.52,1857.52,2336.48,Medium Risk,Medium Risk,0.46,854.46,Payment retry & Concierge billing call,65.0,789.46,13.1,True
2271,2023-07-28,Standard,399,2.0,0,5,11,29,Yes,0.9157,6,2192.19,2192.19,201.81,Critical Risk,Critical Risk,0.05,109.61,Payment retry & Concierge billing call,65.0,44.61,1.7,True
2272,2023-01-15,Standard,399,22.1,2,2,8,17,Yes,0.5487,6,1313.59,1313.59,1080.41,Medium Risk,Medium Risk,0.54,709.34,Payment retry & Concierge billing call,65.0,644.34,10.9,True
2273,2024-04-05,Standard,399,2.1,7,2,34,19,Yes,0.8671,8,2767.78,2767.78,424.22,Critical Risk,Critical Risk,0.1,276.78,Payment retry & Concierge billing call,65.0,211.78,4.3,True
2274,2024-03-24,Basic,199,21.1,6,2,18,10,Yes,0.6728,6,803.32,803.32,390.68,High Risk,High Risk,0.57,457.89,Payment retry & Concierge billing call,65.0,392.89,7.0,True
2275,2024-07-18,Basic,199,19.6,7,3,2,14,No,0.5597,4,445.52,445.52,350.48,Medium Risk,Medium Risk,0.34,151.48,Payment retry & Concierge billing call,65.0,86.48,2.3,True
2276,2023-10-06,Premium,699,3.2,5,4,10,16,Yes,0.8923,6,3742.31,3742.31,451.69,Critical Risk,Critical Risk,0.05,187.12,Payment retry & Concierge billing call,65.0,122.12,2.9,True
2277,2023-04-20,Premium,699,20.1,6,0,34,4,No,0.2436,8,1362.21,1362.21,4229.79,Low Risk,Low Risk,0.76,1035.28,No action,0.0,1035.28,1035.3,False
2278,2024-09-20,Basic,199,6.7,3,5,19,59,Yes,0.7303,8,1162.64,1162.64,429.36,High Risk,High Risk,0.05,58.13,Payment retry & Concierge billing call,65.0,-6.87,0.9,False
2279,2023-01-21,Premium,699,23.1,7,4,34,0,Yes,0.7255,8,4057.0,4057.0,1535.0,High Risk,High Risk,0.35,1419.95,Payment retry & Concierge billing call,65.0,1354.95,21.8,True
2280,2023-04-22,Standard,399,10.8,5,0,36,30,Yes,0.5599,8,1787.2,1787.2,1404.8,Medium Risk,Medium Risk,0.59,1054.45,Customer support follow-up,120.0,934.45,8.8,True
2281,2024-08-23,Premium,699,18.2,6,2,20,44,No,0.7239,8,4048.05,4048.05,1543.95,High Risk,High Risk,0.34,1376.34,Payment retry & Concierge billing call,65.0,1311.34,21.2,True
2282,2023-07-20,Basic,199,16.9,5,0,26,24,Yes,0.3361,8,535.07,535.07,1056.93,Low Risk,Low Risk,0.65,347.8,No action,0.0,347.8,347.8,False
2283,2024-06-29,Basic,199,1.6,5,2,21,30,Yes,0.9363,8,1490.59,1490.59,101.41,Critical Risk,Critical Risk,0.18,268.31,Payment retry & Concierge billing call,65.0,203.31,4.1,True
2284,2024-08-01,Standard,399,6.1,8,0,32,44,Yes,0.5494,8,1753.68,1753.68,1438.32,Medium Risk,Medium Risk,0.34,596.25,Customer support follow-up,120.0,476.25,5.0,True
2285,2023-03-16,Basic,199,10.6,0,1,15,29,No,0.2534,6,302.56,302.56,891.44,Low Risk,Low Risk,0.69,208.77,No action,0.0,208.77,208.8,False
2286,2024-01-15,Basic,199,11.3,2,1,36,47,Yes,0.4698,8,747.92,747.92,844.08,Medium Risk,Medium Risk,0.53,396.4,Payment reminder,15.0,381.4,26.4,True
2287,2024-04-05,Basic,199,6.8,6,0,3,17,No,0.1412,4,112.4,112.4,683.6,Low Risk,Low Risk,0.43,48.33,No action,0.0,48.33,48.3,False
2288,2023-09-14,Basic,199,8.8,3,4,6,7,Yes,0.534,6,637.6,637.6,556.4,Medium Risk,Medium Risk,0.29,184.9,Payment retry & Concierge billing call,65.0,119.9,2.8,True
2289,2024-07-08,Premium,699,18.8,3,0,35,30,No,0.3241,8,1812.37,1812.37,3779.63,Low Risk,Low Risk,0.75,1359.28,No action,0.0,1359.28,1359.3,False
2290,2023-12-05,Basic,199,23.2,7,1,1,50,Yes,0.7696,4,612.6,612.6,183.4,High Risk,High Risk,0.25,153.15,Payment reminder,15.0,138.15,10.2,True
2291,2024-12-14,Basic,199,12.8,3,4,6,17,Yes,0.5868,6,700.64,700.64,493.36,Medium Risk,Medium Risk,0.21,147.13,Payment retry & Concierge billing call,65.0,82.13,2.3,True
2292,2023-04-10,Standard,399,19.0,8,5,23,10,Yes,0.8002,8,2554.24,2554.24,637.76,Critical Risk,Critical Risk,0.05,127.71,Payment retry & Concierge billing call,65.0,62.71,2.0,True
2293,2023-02-16,Premium,699,16.8,3,1,2,52,Yes,0.6376,4,1782.73,1782.73,1013.27,High Risk,High Risk,0.47,837.88,Payment reminder & Priority billing assistance,35.0,802.88,23.9,True
2294,2023-03-04,Premium,699,5.3,3,1,12,8,No,0.1593,6,668.1,668.1,3525.9,Low Risk,Low Risk,0.55,367.46,No action,0.0,367.46,367.5,False
2295,2023-07-29,Premium,699,6.0,2,0,29,7,No,0.1104,8,617.36,617.36,4974.64,Low Risk,Low Risk,0.78,481.54,No action,0.0,481.54,481.5,False
2296,2023-06-12,Standard,399,21.0,6,1,20,44,Yes,0.6046,8,1929.88,1929.88,1262.12,High Risk,High Risk,0.47,907.04,Payment reminder & Priority billing assistance,35.0,872.04,25.9,True
2297,2024-03-06,Standard,399,0.7,5,0,25,34,Yes,0.7626,8,2434.22,2434.22,757.78,High Risk,High Risk,0.29,705.92,Customer support follow-up,120.0,585.92,5.9,True
2298,2024-03-21,Basic,199,19.2,3,0,6,9,No,0.1567,6,187.1,187.1,1006.9,Low Risk,Low Risk,0.79,147.81,No action,0.0,147.81,147.8,False
2299,2024-06-27,Basic,199,7.0,8,5,11,35,No,0.741,6,884.75,884.75,309.25,High Risk,High Risk,0.05,44.24,Payment retry & Concierge billing call,65.0,-20.76,0.7,False
2300,2023-08-09,Premium,699,22.2,2,4,22,34,No,0.6559,8,3667.79,3667.79,1924.21,High Risk,High Risk,0.34,1247.05,Payment retry & Concierge billing call,65.0,1182.05,19.2,True
2301,2023-08-08,Standard,399,4.7,7,2,28,20,Yes,0.8215,8,2622.23,2622.23,569.77,Critical Risk,Critical Risk,0.13,340.89,Payment retry & Concierge billing call,65.0,275.89,5.2,True
2302,2023-04-04,Premium,699,5.3,4,3,2,49,Yes,0.7236,4,2023.19,2023.19,772.81,High Risk,High Risk,0.11,222.55,Payment retry & Concierge billing call,65.0,157.55,3.4,True
2303,2024-06-30,Premium,699,20.0,2,0,8,14,No,0.2293,6,961.68,961.68,3232.32,Low Risk,Low Risk,0.84,807.81,No action,0.0,807.81,807.8,False
2304,2023-08-26,Basic,199,12.2,2,0,36,33,Yes,0.4618,8,735.19,735.19,856.81,Medium Risk,Medium Risk,0.64,470.52,Engagement campaign,10.0,460.52,47.1,True
2305,2023-09-05,Basic,199,22.7,8,4,16,34,No,0.7699,6,919.26,919.26,274.74,High Risk,High Risk,0.05,45.96,Payment retry & Concierge billing call,65.0,-19.04,0.7,False
2306,2023-12-07,Premium,699,2.5,8,4,36,5,Yes,0.8974,8,5018.26,5018.26,573.74,Critical Risk,Critical Risk,0.05,250.91,Payment retry & Concierge billing call,65.0,185.91,3.9,True
2307,2023-07-30,Premium,699,20.8,0,3,9,31,No,0.5891,6,2470.69,2470.69,1723.31,Medium Risk,Medium Risk,0.43,1062.4,Payment retry & Concierge billing call,65.0,997.4,16.3,True
2308,2023-03-15,Basic,199,17.6,1,4,15,9,No,0.4113,6,491.09,491.09,702.91,Medium Risk,Medium Risk,0.54,265.19,Payment retry & Concierge billing call,65.0,200.19,4.1,True
2309,2023-12-12,Standard,399,2.5,5,3,35,10,Yes,0.8401,8,2681.6,2681.6,510.4,Critical Risk,Critical Risk,0.2,536.32,Payment retry & Concierge billing call,65.0,471.32,8.3,True
2310,2023-02-01,Basic,199,19.3,0,5,3,44,Yes,0.5936,4,472.51,472.51,323.49,Medium Risk,Medium Risk,0.21,99.23,Payment retry & Concierge billing call,65.0,34.23,1.5,True
2311,2023-04-11,Basic,199,4.5,1,0,21,44,Yes,0.6837,8,1088.45,1088.45,503.55,High Risk,High Risk,0.6,653.07,Engagement campaign,10.0,643.07,65.3,True
2312,2023-01-27,Standard,399,16.4,0,5,35,47,No,0.5734,8,1830.29,1830.29,1361.71,Medium Risk,Medium Risk,0.26,475.88,Payment retry & Concierge billing call,65.0,410.88,7.3,True
2313,2024-05-31,Premium,699,24.7,5,3,10,43,Yes,0.7885,6,3306.97,3306.97,887.03,High Risk,High Risk,0.15,496.05,Payment retry & Concierge billing call,65.0,431.05,7.6,True
2314,2023-06-01,Premium,699,18.9,4,1,19,5,No,0.1865,8,1042.91,1042.91,4549.09,Low Risk,Low Risk,0.73,761.32,No action,0.0,761.32,761.3,False
2315,2023-06-04,Premium,699,12.2,7,4,35,58,No,0.7861,8,4395.87,4395.87,1196.13,High Risk,High Risk,0.05,219.79,Payment retry & Concierge billing call,65.0,154.79,3.4,True
2316,2024-06-03,Basic,199,12.8,0,2,19,24,Yes,0.5105,8,812.72,812.72,779.28,Medium Risk,Medium Risk,0.61,495.76,Payment retry & Concierge billing call,65.0,430.76,7.6,True
2317,2023-09-09,Standard,399,1.1,0,0,30,42,Yes,0.8505,8,2714.8,2714.8,477.2,Critical Risk,Critical Risk,0.49,1330.25,Engagement campaign,10.0,1320.25,133.0,True
2318,2024-06-26,Standard,399,16.1,1,2,23,46,Yes,0.4898,8,1563.44,1563.44,1628.56,Medium Risk,Medium Risk,0.52,812.99,Payment retry & Concierge billing call,65.0,747.99,12.5,True
2319,2023-10-03,Basic,199,9.8,1,1,26,26,Yes,0.3775,8,600.98,600.98,991.02,Medium Risk,Medium Risk,0.64,384.63,Payment reminder,15.0,369.63,25.6,True
2320,2023-06-24,Premium,699,24.8,5,5,15,3,Yes,0.5642,6,2366.25,2366.25,1827.75,Medium Risk,Medium Risk,0.35,828.19,Payment retry & Concierge billing call,65.0,763.19,12.7,True
2321,2023-02-24,Premium,699,18.4,8,5,25,2,No,0.6047,8,3381.48,3381.48,2210.52,High Risk,High Risk,0.16,541.04,Payment retry & Concierge billing call,65.0,476.04,8.3,True
2322,2023-01-18,Standard,399,6.4,8,3,14,39,Yes,0.8086,6,1935.79,1935.79,458.21,Critical Risk,Critical Risk,0.05,96.79,Payment retry & Concierge billing call,65.0,31.79,1.5,True
2323,2023-05-06,Premium,699,5.0,1,0,34,17,No,0.1556,8,870.12,870.12,4721.88,Low Risk,Low Risk,0.69,600.38,No action,0.0,600.38,600.4,False
2324,2023-01-06,Standard,399,21.0,1,4,17,58,Yes,0.7107,6,1701.42,1701.42,692.58,High Risk,High Risk,0.37,629.53,Payment retry & Concierge billing call,65.0,564.53,9.7,True
2325,2023-09-12,Standard,399,24.1,2,4,17,60,Yes,0.5146,6,1231.95,1231.95,1162.05,Medium Risk,Medium Risk,0.36,443.5,Payment retry & Concierge billing call,65.0,378.5,6.8,True
2326,2023-10-02,Premium,699,9.8,3,4,13,41,Yes,0.6453,6,2706.39,2706.39,1487.61,High Risk,High Risk,0.18,487.15,Payment retry & Concierge billing call,65.0,422.15,7.5,True
2327,2023-10-30,Basic,199,17.0,2,5,10,25,No,0.5421,6,647.27,647.27,546.73,Medium Risk,Medium Risk,0.19,122.98,Payment retry & Concierge billing call,65.0,57.98,1.9,True
2328,2023-09-06,Premium,699,13.3,4,3,11,19,Yes,0.507,6,2126.36,2126.36,2067.64,Medium Risk,Medium Risk,0.27,574.12,Payment retry & Concierge billing call,65.0,509.12,8.8,True
2329,2023-09-15,Standard,399,9.5,8,3,9,13,Yes,0.59,6,1412.46,1412.46,981.54,Medium Risk,Medium Risk,0.19,268.37,Payment retry & Concierge billing call,65.0,203.37,4.1,True
2330,2024-02-04,Basic,199,21.9,6,2,30,60,No,0.5964,8,949.47,949.47,642.53,Medium Risk,Medium Risk,0.38,360.8,Payment retry & Concierge billing call,65.0,295.8,5.6,True
2331,2023-07-11,Basic,199,23.7,5,2,23,55,No,0.4934,8,785.49,785.49,806.51,Medium Risk,Medium Risk,0.44,345.62,Payment retry & Concierge billing call,65.0,280.62,5.3,True
2332,2023-10-28,Standard,399,18.2,5,2,15,34,Yes,0.7343,6,1757.91,1757.91,636.09,High Risk,High Risk,0.38,668.01,Payment retry & Concierge billing call,65.0,603.01,10.3,True
2333,2023-10-14,Basic,199,16.9,7,3,2,19,Yes,0.5357,4,426.42,426.42,369.58,Medium Risk,Medium Risk,0.19,81.02,Payment retry & Concierge billing call,65.0,16.02,1.2,True
2334,2023-08-20,Standard,399,14.6,8,4,33,58,No,0.7796,8,2488.48,2488.48,703.52,High Risk,High Risk,0.05,124.42,Payment retry & Concierge billing call,65.0,59.42,1.9,True
2335,2023-10-10,Premium,699,9.5,8,5,7,32,Yes,0.7499,6,3145.08,3145.08,1048.92,High Risk,High Risk,0.05,157.25,Payment retry & Concierge billing call,65.0,92.25,2.4,True
2336,2023-10-24,Standard,399,11.9,0,5,9,44,Yes,0.6376,6,1526.41,1526.41,867.59,High Risk,High Risk,0.14,213.7,Payment retry & Concierge billing call,65.0,148.7,3.3,True
2337,2023-08-02,Premium,699,24.8,4,1,4,13,No,0.2505,4,700.4,700.4,2095.6,Low Risk,Low Risk,0.71,497.28,No action,0.0,497.28,497.3,False
2338,2023-05-06,Standard,399,20.8,4,4,13,20,No,0.5399,6,1292.52,1292.52,1101.48,Medium Risk,Medium Risk,0.33,426.53,Payment retry & Concierge billing call,65.0,361.53,6.6,True
2339,2024-04-10,Standard,399,20.3,1,0,15,6,No,0.183,6,438.1,438.1,1955.9,Low Risk,Low Risk,0.95,416.2,No action,0.0,416.2,416.2,False
2340,2023-07-23,Premium,699,18.2,1,4,30,3,No,0.2529,8,1414.22,1414.22,4177.78,Low Risk,Low Risk,0.54,763.68,No action,0.0,763.68,763.7,False
2341,2024-10-21,Basic,199,16.0,3,3,6,13,Yes,0.5044,6,602.25,602.25,591.75,Medium Risk,Medium Risk,0.46,277.04,Payment retry & Concierge billing call,65.0,212.04,4.3,True
2342,2023-03-27,Standard,399,1.5,6,0,15,46,Yes,0.8469,6,2027.48,2027.48,366.52,Critical Risk,Critical Risk,0.26,527.14,Customer support follow-up,120.0,407.14,4.4,True
2343,2024-05-27,Premium,699,12.7,5,3,33,6,Yes,0.6306,8,3526.32,3526.32,2065.68,High Risk,High Risk,0.43,1516.32,Payment retry & Concierge billing call,65.0,1451.32,23.3,True
2344,2023-08-02,Standard,399,18.1,8,0,36,0,No,0.1255,8,400.6,400.6,2791.4,Low Risk,Low Risk,0.66,264.4,No action,0.0,264.4,264.4,False
2345,2024-09-03,Basic,199,14.9,5,3,2,7,No,0.5061,4,402.86,402.86,393.14,Medium Risk,Medium Risk,0.37,149.06,Payment retry & Concierge billing call,65.0,84.06,2.3,True
2346,2024-05-24,Premium,699,6.5,6,2,1,30,Yes,0.8858,4,2476.7,2476.7,319.3,Critical Risk,Critical Risk,0.11,272.44,Payment retry & Concierge billing call,65.0,207.44,4.2,True
2347,2023-01-04,Standard,399,20.7,1,5,19,58,Yes,0.693,8,2212.06,2212.06,979.94,High Risk,High Risk,0.27,597.26,Payment retry & Concierge billing call,65.0,532.26,9.2,True
2348,2023-11-15,Premium,699,10.1,5,1,14,56,Yes,0.5638,6,2364.58,2364.58,1829.42,Medium Risk,Medium Risk,0.4,945.83,Payment reminder & Priority billing assistance,35.0,910.83,27.0,True
2349,2023-04-22,Premium,699,20.3,8,5,5,49,Yes,0.8637,6,3622.36,3622.36,571.64,Critical Risk,Critical Risk,0.05,181.12,Payment retry & Concierge billing call,65.0,116.12,2.8,True
2350,2023-01-28,Premium,699,6.0,6,4,19,30,Yes,0.8519,8,4763.82,4763.82,828.18,Critical Risk,Critical Risk,0.05,238.19,Payment retry & Concierge billing call,65.0,173.19,3.7,True
2351,2023-06-11,Premium,699,19.0,6,1,9,10,No,0.3229,6,1354.24,1354.24,2839.76,Low Risk,Low Risk,0.57,771.92,No action,0.0,771.92,771.9,False
2352,2024-03-04,Basic,199,4.1,3,3,33,17,Yes,0.6921,8,1101.82,1101.82,490.18,High Risk,High Risk,0.3,330.55,Payment retry & Concierge billing call,65.0,265.55,5.1,True
2353,2023-10-29,Basic,199,6.8,0,5,6,47,No,0.5734,6,684.64,684.64,509.36,Medium Risk,Medium Risk,0.09,61.62,Payment retry & Concierge billing call,65.0,-3.38,0.9,False
2354,2023-12-12,Basic,199,13.6,0,2,34,40,Yes,0.565,8,899.48,899.48,692.52,Medium Risk,Medium Risk,0.54,485.72,Payment retry & Concierge billing call,65.0,420.72,7.5,True
2355,2024-06-15,Basic,199,23.4,6,3,32,50,Yes,0.7884,8,1255.13,1255.13,336.87,High Risk,High Risk,0.17,213.37,Payment retry & Concierge billing call,65.0,148.37,3.3,True
2356,2023-02-13,Premium,699,3.4,2,3,7,49,Yes,0.9532,6,3997.72,3997.72,196.28,Critical Risk,Critical Risk,0.05,199.89,Payment retry & Concierge billing call,65.0,134.89,3.1,True
2357,2024-09-14,Basic,199,13.2,3,2,4,24,Yes,0.4757,4,378.66,378.66,417.34,Medium Risk,Medium Risk,0.41,155.25,Payment retry & Concierge billing call,65.0,90.25,2.4,True
2358,2023-08-06,Basic,199,10.0,7,0,2,20,No,0.179,4,142.48,142.48,653.52,Low Risk,Low Risk,0.42,59.84,No action,0.0,59.84,59.8,False
2359,2024-03-16,Basic,199,19.3,4,2,12,22,Yes,0.6592,6,787.08,787.08,406.92,High Risk,High Risk,0.43,338.44,Payment retry & Concierge billing call,65.0,273.44,5.2,True
2360,2024-03-10,Premium,699,5.0,1,3,36,40,No,0.4752,8,2657.32,2657.32,2934.68,Medium Risk,Medium Risk,0.31,823.77,Payment retry & Concierge billing call,65.0,758.77,12.7,True
2361,2023-02-11,Premium,699,15.7,8,2,10,18,No,0.5564,6,2333.54,2333.54,1860.46,Medium Risk,Medium Risk,0.24,560.05,Payment retry & Concierge billing call,65.0,495.05,8.6,True
2362,2024-04-03,Basic,199,7.9,8,0,16,50,No,0.4109,6,490.61,490.61,703.39,Medium Risk,Medium Risk,0.36,176.62,Customer support follow-up,120.0,56.62,1.5,True
2363,2024-06-25,Basic,199,7.8,7,5,22,58,Yes,0.7966,8,1268.19,1268.19,323.81,High Risk,High Risk,0.05,63.41,Payment retry & Concierge billing call,65.0,-1.59,1.0,False
2364,2023-05-08,Basic,199,1.6,3,5,27,23,Yes,0.8898,8,1416.56,1416.56,175.44,Critical Risk,Critical Risk,0.05,70.83,Payment retry & Concierge billing call,65.0,5.83,1.1,True
2365,2023-02-18,Basic,199,16.8,7,5,7,44,Yes,0.7956,6,949.95,949.95,244.05,High Risk,High Risk,0.05,47.5,Payment retry & Concierge billing call,65.0,-17.5,0.7,False
2366,2023-01-17,Premium,699,24.8,1,2,24,18,No,0.2546,8,1423.72,1423.72,4168.28,Low Risk,Low Risk,0.69,982.37,No action,0.0,982.37,982.4,False
2367,2024-08-09,Premium,699,24.8,2,3,29,48,Yes,0.6856,8,3833.88,3833.88,1758.12,High Risk,High Risk,0.47,1801.92,Payment retry & Concierge billing call,65.0,1736.92,27.7,True
2368,2024-10-19,Premium,699,19.3,6,5,27,18,No,0.6299,8,3522.4,3522.4,2069.6,High Risk,High Risk,0.13,457.91,Payment retry & Concierge billing call,65.0,392.91,7.0,True
2369,2024-01-10,Premium,699,2.7,8,2,30,9,Yes,0.8657,8,4840.99,4840.99,751.01,Critical Risk,Critical Risk,0.19,919.79,Payment retry & Concierge billing call,65.0,854.79,14.2,True
2370,2023-10-29,Premium,699,16.1,3,1,25,21,No,0.2387,8,1334.81,1334.81,4257.19,Low Risk,Low Risk,0.62,827.58,No action,0.0,827.58,827.6,False
2371,2023-07-09,Basic,199,22.2,3,1,33,56,Yes,0.4582,8,729.45,729.45,862.55,Medium Risk,Medium Risk,0.6,437.67,Payment reminder,15.0,422.67,29.2,True
2372,2023-02-26,Basic,199,19.6,6,3,19,36,Yes,0.8502,8,1353.52,1353.52,238.48,Critical Risk,Critical Risk,0.14,189.49,Payment retry & Concierge billing call,65.0,124.49,2.9,True
2373,2024-04-13,Standard,399,24.8,7,1,2,25,No,0.3714,4,592.75,592.75,1003.25,Medium Risk,Medium Risk,0.47,278.59,Payment reminder & Priority billing assistance,35.0,243.59,8.0,True
2374,2023-08-22,Standard,399,16.2,2,5,2,13,Yes,0.5313,4,847.95,847.95,748.05,Medium Risk,Medium Risk,0.3,254.38,Payment retry & Concierge billing call,65.0,189.38,3.9,True
2375,2024-06-16,Premium,699,8.5,5,5,15,15,No,0.4926,6,2065.96,2065.96,2128.04,Medium Risk,Medium Risk,0.06,123.96,Payment retry & Concierge billing call,65.0,58.96,1.9,True
2376,2024-02-22,Basic,199,19.0,4,0,36,57,Yes,0.4071,8,648.1,648.1,943.9,Medium Risk,Medium Risk,0.63,408.3,Customer support follow-up,120.0,288.3,3.4,True
2377,2023-05-31,Premium,699,24.5,6,2,8,1,No,0.3841,6,1610.92,1610.92,2583.08,Medium Risk,Medium Risk,0.52,837.68,Payment retry & Concierge billing call,65.0,772.68,12.9,True
2378,2024-07-17,Standard,399,13.8,2,3,23,42,Yes,0.5559,8,1774.43,1774.43,1417.57,Medium Risk,Medium Risk,0.36,638.79,Payment retry & Concierge billing call,65.0,573.79,9.8,True
2379,2024-03-12,Standard,399,8.9,1,1,25,0,No,0.1377,8,439.54,439.54,2752.46,Low Risk,Low Risk,0.75,329.66,No action,0.0,329.66,329.7,False
2380,2023-05-04,Basic,199,19.3,8,2,10,36,Yes,0.7825,6,934.3,934.3,259.7,High Risk,High Risk,0.07,65.4,Payment retry & Concierge billing call,65.0,0.4,1.0,True
2381,2023-11-15,Standard,399,19.5,6,4,13,9,Yes,0.6721,6,1609.01,1609.01,784.99,High Risk,High Risk,0.36,579.24,Payment retry & Concierge billing call,65.0,514.24,8.9,True
2382,2024-05-04,Premium,699,15.8,0,0,18,53,No,0.345,6,1446.93,1446.93,2747.07,Low Risk,Low Risk,0.76,1099.67,No action,0.0,1099.67,1099.7,False
2383,2024-02-03,Basic,199,0.7,8,3,1,38,Yes,0.9828,4,782.31,782.31,13.69,Critical Risk,Critical Risk,0.05,39.12,Payment retry & Concierge billing call,65.0,-25.88,0.6,False
2384,2024-11-15,Basic,199,3.4,6,4,4,12,Yes,0.8938,4,711.46,711.46,84.54,Critical Risk,Critical Risk,0.05,35.57,Payment retry & Concierge billing call,65.0,-29.43,0.5,False
2385,2024-06-24,Basic,199,20.7,0,0,22,60,Yes,0.3431,8,546.22,546.22,1045.78,Low Risk,Low Risk,0.81,442.44,No action,0.0,442.44,442.4,False
2386,2024-02-22,Basic,199,2.5,1,5,18,20,Yes,0.8493,6,1014.06,1014.06,179.94,Critical Risk,Critical Risk,0.05,50.7,Payment retry & Concierge billing call,65.0,-14.3,0.8,False
2387,2023-02-21,Basic,199,5.3,7,5,34,26,Yes,0.8121,8,1292.86,1292.86,299.14,Critical Risk,Critical Risk,0.05,64.64,Payment retry & Concierge billing call,65.0,-0.36,1.0,False
2388,2024-03-27,Premium,699,5.9,4,2,24,1,No,0.2777,8,1552.9,1552.9,4039.1,Low Risk,Low Risk,0.5,776.45,No action,0.0,776.45,776.4,False
2389,2023-05-24,Standard,399,10.1,0,5,19,60,Yes,0.6798,8,2169.92,2169.92,1022.08,High Risk,High Risk,0.2,433.98,Payment retry & Concierge billing call,65.0,368.98,6.7,True
2390,2023-12-19,Premium,699,19.2,6,5,26,8,No,0.5916,8,3308.23,3308.23,2283.77,Medium Risk,Medium Risk,0.25,827.06,Payment retry & Concierge billing call,65.0,762.06,12.7,True
2391,2024-01-29,Basic,199,20.1,7,5,36,40,No,0.7672,8,1221.38,1221.38,370.62,High Risk,High Risk,0.05,61.07,Payment retry & Concierge billing call,65.0,-3.93,0.9,False
2392,2024-06-20,Basic,199,14.4,1,2,11,1,No,0.3498,6,417.66,417.66,776.34,Low Risk,Low Risk,0.62,258.95,No action,0.0,258.95,259.0,False
2393,2023-04-02,Premium,699,6.9,3,1,35,12,No,0.1373,8,767.78,767.78,4824.22,Low Risk,Low Risk,0.65,499.06,No action,0.0,499.06,499.1,False
2394,2024-02-15,Basic,199,9.3,2,1,21,22,No,0.2977,8,473.94,473.94,1118.06,Low Risk,Low Risk,0.59,279.62,No action,0.0,279.62,279.6,False
2395,2023-06-18,Basic,199,13.8,1,3,30,0,Yes,0.4035,8,642.37,642.37,949.63,Medium Risk,Medium Risk,0.6,385.42,Payment retry & Concierge billing call,65.0,320.42,5.9,True
2396,2024-03-08,Premium,699,2.4,2,0,7,24,Yes,0.7694,6,3226.86,3226.86,967.14,High Risk,High Risk,0.42,1355.28,Engagement campaign,10.0,1345.28,135.5,True
2397,2024-08-10,Basic,199,24.5,5,1,33,29,Yes,0.595,8,947.24,947.24,644.76,Medium Risk,Medium Risk,0.62,587.29,Payment reminder,15.0,572.29,39.2,True
2398,2024-07-12,Standard,399,3.5,3,3,25,4,No,0.5183,8,1654.41,1654.41,1537.59,Medium Risk,Medium Risk,0.42,694.85,Payment retry & Concierge billing call,65.0,629.85,10.7,True
2399,2023-11-27,Standard,399,7.0,0,5,20,10,No,0.2119,8,676.38,676.38,2515.62,Low Risk,Low Risk,0.37,250.26,No action,0.0,250.26,250.3,False
2400,2023-04-07,Basic,199,21.7,4,4,10,2,No,0.4568,6,545.42,545.42,648.58,Medium Risk,Medium Risk,0.38,207.26,Payment retry & Concierge billing call,65.0,142.26,3.2,True
2401,2023-09-14,Standard,399,7.5,0,1,18,28,Yes,0.3081,6,737.59,737.59,1656.41,Low Risk,Low Risk,0.65,479.43,No action,0.0,479.43,479.4,False
2402,2024-05-26,Basic,199,12.0,1,1,26,57,No,0.3503,8,557.68,557.68,1034.32,Medium Risk,Medium Risk,0.58,323.45,Payment reminder,15.0,308.45,21.6,True
2403,2024-10-16,Premium,699,4.7,2,0,33,0,No,0.3552,8,1986.28,1986.28,3605.72,Medium Risk,Medium Risk,0.77,1529.44,Engagement campaign,10.0,1519.44,152.9,True
2404,2023-09-25,Basic,199,22.4,8,1,32,6,No,0.5474,8,871.46,871.46,720.54,Medium Risk,Medium Risk,0.6,522.88,Payment reminder,15.0,507.88,34.9,True
2405,2024-12-04,Premium,699,4.7,8,2,27,47,Yes,0.9725,8,5438.22,5438.22,153.78,Critical Risk,Critical Risk,0.05,271.91,Payment retry & Concierge billing call,65.0,206.91,4.2,True
2406,2023-09-06,Premium,699,6.2,6,1,29,55,No,0.3607,8,2017.03,2017.03,3574.97,Medium Risk,Medium Risk,0.32,645.45,Payment reminder & Priority billing assistance,35.0,610.45,18.4,True
2407,2024-08-09,Basic,199,4.8,5,3,33,1,Yes,0.6732,8,1071.73,1071.73,520.27,High Risk,High Risk,0.35,375.11,Payment retry & Concierge billing call,65.0,310.11,5.8,True
2408,2024-11-28,Standard,399,12.6,8,5,2,40,Yes,0.9188,4,1466.4,1466.4,129.6,Critical Risk,Critical Risk,0.05,73.32,Payment retry & Concierge billing call,65.0,8.32,1.1,True
2409,2023-08-30,Basic,199,12.2,0,3,30,55,No,0.3511,8,558.95,558.95,1033.05,Medium Risk,Medium Risk,0.42,234.76,Payment retry & Concierge billing call,65.0,169.76,3.6,True
2410,2024-01-21,Standard,399,19.6,2,0,34,23,No,0.3254,8,1038.68,1038.68,2153.32,Low Risk,Low Risk,0.8,830.94,No action,0.0,830.94,830.9,False
2411,2023-12-02,Premium,699,2.6,2,1,10,14,No,0.3403,6,1427.22,1427.22,2766.78,Low Risk,Low Risk,0.57,813.52,No action,0.0,813.52,813.5,False
2412,2023-01-16,Premium,699,2.6,6,5,11,55,Yes,0.985,6,4131.09,4131.09,62.91,Critical Risk,Critical Risk,0.05,206.55,Payment retry & Concierge billing call,65.0,141.55,3.2,True
2413,2023-06-03,Standard,399,24.7,1,5,35,16,No,0.3615,8,1153.91,1153.91,2038.09,Medium Risk,Medium Risk,0.39,450.02,Payment retry & Concierge billing call,65.0,385.02,6.9,True
2414,2024-08-04,Premium,699,13.3,2,0,5,36,Yes,0.3816,6,1600.43,1600.43,2593.57,Medium Risk,Medium Risk,0.57,912.25,Engagement campaign,10.0,902.25,91.2,True
2415,2024-11-29,Standard,399,19.0,0,4,30,37,Yes,0.7046,8,2249.08,2249.08,942.92,High Risk,High Risk,0.39,877.14,Payment retry & Concierge billing call,65.0,812.14,13.5,True
2416,2023-01-17,Standard,399,11.0,8,2,16,50,Yes,0.7465,6,1787.12,1787.12,606.88,High Risk,High Risk,0.19,339.55,Payment retry & Concierge billing call,65.0,274.55,5.2,True
2417,2024-09-11,Basic,199,22.4,0,2,9,51,Yes,0.5986,6,714.73,714.73,479.27,Medium Risk,Medium Risk,0.54,385.95,Payment retry & Concierge billing call,65.0,320.95,5.9,True
2418,2024-12-09,Premium,699,16.7,8,3,15,46,Yes,0.8203,6,3440.34,3440.34,753.66,Critical Risk,Critical Risk,0.05,172.02,Payment retry & Concierge billing call,65.0,107.02,2.6,True
2419,2024-09-16,Standard,399,24.2,2,2,33,56,No,0.5003,8,1596.96,1596.96,1595.04,Medium Risk,Medium Risk,0.56,894.3,Payment retry & Concierge billing call,65.0,829.3,13.8,True
2420,2024-07-12,Premium,699,15.9,1,2,36,22,Yes,0.4622,8,2584.62,2584.62,3007.38,Medium Risk,Medium Risk,0.6,1550.77,Payment retry & Concierge billing call,65.0,1485.77,23.9,True
2421,2024-01-01,Premium,699,24.1,0,5,30,41,Yes,0.771,8,4311.43,4311.43,1280.57,High Risk,High Risk,0.22,948.51,Payment retry & Concierge billing call,65.0,883.51,14.6,True
2422,2024-07-06,Basic,199,22.4,6,3,16,24,Yes,0.8078,6,964.51,964.51,229.49,Critical Risk,Critical Risk,0.24,231.48,Payment retry & Concierge billing call,65.0,166.48,3.6,True
2423,2024-09-20,Premium,699,1.1,7,2,12,24,Yes,0.9905,6,4154.16,4154.16,39.84,Critical Risk,Critical Risk,0.05,207.71,Payment retry & Concierge billing call,65.0,142.71,3.2,True
2424,2024-09-30,Basic,199,12.6,8,3,30,24,Yes,0.8623,8,1372.78,1372.78,219.22,Critical Risk,Critical Risk,0.07,96.09,Payment retry & Concierge billing call,65.0,31.09,1.5,True
2425,2023-07-20,Premium,699,12.9,2,1,28,20,No,0.1746,8,976.36,976.36,4615.64,Low Risk,Low Risk,0.63,615.11,No action,0.0,615.11,615.1,False
2426,2024-02-13,Standard,399,19.9,8,2,3,43,Yes,0.8481,4,1353.57,1353.57,242.43,Critical Risk,Critical Risk,0.08,108.29,Payment retry & Concierge billing call,65.0,43.29,1.7,True
2427,2023-01-31,Premium,699,17.2,3,2,12,3,No,0.3752,6,1573.59,1573.59,2620.41,Medium Risk,Medium Risk,0.57,896.95,Payment retry & Concierge billing call,65.0,831.95,13.8,True
2428,2024-12-03,Premium,699,19.0,6,3,24,46,Yes,0.8481,8,4742.58,4742.58,849.42,Critical Risk,Critical Risk,0.13,616.54,Payment retry & Concierge billing call,65.0,551.54,9.5,True
2429,2023-06-30,Standard,399,1.3,1,1,3,17,No,0.5456,4,870.78,870.78,725.22,Medium Risk,Medium Risk,0.47,409.27,Payment reminder & Priority billing assistance,35.0,374.27,11.7,True
2430,2024-02-07,Premium,699,21.4,4,2,22,11,No,0.4389,8,2454.33,2454.33,3137.67,Medium Risk,Medium Risk,0.65,1595.31,Payment retry & Concierge billing call,65.0,1530.31,24.5,True
2431,2023-09-10,Standard,399,5.3,5,4,26,18,Yes,0.5709,8,1822.31,1822.31,1369.69,Medium Risk,Medium Risk,0.13,236.9,Payment retry & Concierge billing call,65.0,171.9,3.6,True
2432,2023-07-19,Premium,699,17.2,4,3,9,53,No,0.7232,6,3033.1,3033.1,1160.9,High Risk,High Risk,0.23,697.61,Payment retry & Concierge billing call,65.0,632.61,10.7,True
2433,2023-12-02,Premium,699,8.8,2,2,7,5,No,0.402,6,1685.99,1685.99,2508.01,Medium Risk,Medium Risk,0.53,893.57,Payment retry & Concierge billing call,65.0,828.57,13.7,True
2434,2024-02-03,Basic,199,19.2,7,1,35,58,No,0.3933,8,626.13,626.13,965.87,Medium Risk,Medium Risk,0.41,256.71,Payment reminder,15.0,241.71,17.1,True
2435,2024-09-14,Basic,199,10.4,3,5,11,14,Yes,0.5438,6,649.3,649.3,544.7,Medium Risk,Medium Risk,0.2,129.86,Payment retry & Concierge billing call,65.0,64.86,2.0,True
2436,2024-01-14,Premium,699,3.0,8,0,24,35,Yes,0.7766,8,4342.75,4342.75,1249.25,High Risk,High Risk,0.19,825.12,Customer support follow-up,120.0,705.12,6.9,True
2437,2024-07-26,Standard,399,23.8,7,4,2,16,No,0.2918,4,465.71,465.71,1130.29,Low Risk,Low Risk,0.16,74.51,No action,0.0,74.51,74.5,False
2438,2023-08-18,Standard,399,15.4,7,5,2,18,No,0.4615,4,736.55,736.55,859.45,Medium Risk,Medium Risk,0.05,36.83,Payment retry & Concierge billing call,65.0,-28.17,0.6,False
2439,2024-08-13,Basic,199,8.0,1,5,13,57,Yes,0.6998,6,835.56,835.56,358.44,High Risk,High Risk,0.14,116.98,Payment retry & Concierge billing call,65.0,51.98,1.8,True
2440,2024-12-22,Basic,199,22.9,7,1,8,3,Yes,0.5149,6,614.79,614.79,579.21,Medium Risk,Medium Risk,0.57,350.43,Payment reminder,15.0,335.43,23.4,True
2441,2024-02-08,Standard,399,7.1,0,0,16,53,No,0.2814,6,673.67,673.67,1720.33,Low Risk,Low Risk,0.67,451.36,No action,0.0,451.36,451.4,False
2442,2023-07-27,Standard,399,8.5,7,0,6,20,No,0.2511,6,601.13,601.13,1792.87,Low Risk,Low Risk,0.4,240.45,No action,0.0,240.45,240.4,False
2443,2024-03-05,Basic,199,18.4,5,4,14,56,Yes,0.6862,6,819.32,819.32,374.68,High Risk,High Risk,0.18,147.48,Payment retry & Concierge billing call,65.0,82.48,2.3,True
2444,2023-01-17,Standard,399,2.9,6,3,34,54,Yes,0.9652,8,3080.92,3080.92,111.08,Critical Risk,Critical Risk,0.05,154.05,Payment retry & Concierge billing call,65.0,89.05,2.4,True
2445,2023-04-22,Premium,699,23.8,2,5,18,55,No,0.4343,6,1821.45,1821.45,2372.55,Medium Risk,Medium Risk,0.26,473.58,Payment retry & Concierge billing call,65.0,408.58,7.3,True
2446,2024-06-25,Standard,399,1.4,5,1,6,29,Yes,0.9532,6,2281.96,2281.96,112.04,Critical Risk,Critical Risk,0.19,433.57,Payment reminder & Priority billing assistance,35.0,398.57,12.4,True
2447,2024-05-04,Basic,199,12.1,0,4,34,46,No,0.6455,8,1027.64,1027.64,564.36,High Risk,High Risk,0.32,328.84,Payment retry & Concierge billing call,65.0,263.84,5.1,True
2448,2023-12-23,Basic,199,9.3,3,4,18,33,Yes,0.5813,6,694.07,694.07,499.93,Medium Risk,Medium Risk,0.17,117.99,Payment retry & Concierge billing call,65.0,52.99,1.8,True
2449,2024-03-14,Standard,399,22.3,5,4,11,51,No,0.7427,6,1778.02,1778.02,615.98,High Risk,High Risk,0.14,248.92,Payment retry & Concierge billing call,65.0,183.92,3.8,True
2450,2024-07-05,Standard,399,23.9,8,3,4,50,No,0.724,4,1155.5,1155.5,440.5,High Risk,High Risk,0.14,161.77,Payment retry & Concierge billing call,65.0,96.77,2.5,True
2451,2024-06-06,Standard,399,7.8,2,1,18,31,No,0.2549,6,610.23,610.23,1783.77,Low Risk,Low Risk,0.5,305.12,No action,0.0,305.12,305.1,False
2452,2024-01-08,Standard,399,13.8,5,5,18,37,Yes,0.7968,6,1907.54,1907.54,486.46,High Risk,High Risk,0.05,95.38,Payment retry & Concierge billing call,65.0,30.38,1.5,True
2453,2023-03-26,Standard,399,4.9,2,2,19,39,No,0.6521,8,2081.5,2081.5,1110.5,High Risk,High Risk,0.37,770.16,Payment retry & Concierge billing call,65.0,705.16,11.8,True
2454,2023-02-10,Premium,699,24.6,0,1,28,59,No,0.268,8,1498.66,1498.66,4093.34,Low Risk,Low Risk,0.75,1124.0,No action,0.0,1124.0,1124.0,False
2455,2023-08-26,Basic,199,20.1,5,5,10,14,No,0.684,6,816.7,816.7,377.3,High Risk,High Risk,0.22,179.67,Payment retry & Concierge billing call,65.0,114.67,2.8,True
2456,2023-08-02,Basic,199,3.7,1,2,16,55,Yes,0.838,6,1000.57,1000.57,193.43,Critical Risk,Critical Risk,0.28,280.16,Payment retry & Concierge billing call,65.0,215.16,4.3,True
2457,2024-03-11,Basic,199,8.8,0,4,21,13,No,0.2471,8,393.38,393.38,1198.62,Low Risk,Low Risk,0.49,192.76,No action,0.0,192.76,192.8,False
2458,2024-06-21,Premium,699,17.2,4,2,12,18,No,0.4157,6,1743.45,1743.45,2450.55,Medium Risk,Medium Risk,0.41,714.81,Payment retry & Concierge billing call,65.0,649.81,11.0,True
2459,2024-12-07,Premium,699,10.0,7,1,25,31,No,0.5894,8,3295.92,3295.92,2296.08,Medium Risk,Medium Risk,0.32,1054.69,Payment reminder & Priority billing assistance,35.0,1019.69,30.1,True
2460,2024-02-28,Basic,199,11.5,7,5,28,60,Yes,0.8198,8,1305.12,1305.12,286.88,Critical Risk,Critical Risk,0.05,65.26,Payment retry & Concierge billing call,65.0,0.26,1.0,True
2461,2024-01-13,Basic,199,3.7,8,5,1,45,Yes,0.9009,4,717.12,717.12,78.88,Critical Risk,Critical Risk,0.05,35.86,Payment retry & Concierge billing call,65.0,-29.14,0.6,False
2462,2023-06-27,Standard,399,23.8,1,4,14,13,No,0.4036,6,966.22,966.22,1427.78,Medium Risk,Medium Risk,0.6,579.73,Payment retry & Concierge billing call,65.0,514.73,8.9,True
2463,2023-03-06,Premium,699,20.3,1,5,35,8,Yes,0.4715,8,2636.63,2636.63,2955.37,Medium Risk,Medium Risk,0.46,1212.85,Payment retry & Concierge billing call,65.0,1147.85,18.7,True
2464,2023-03-02,Basic,199,15.4,0,5,13,19,No,0.2775,6,331.34,331.34,862.66,Low Risk,Low Risk,0.33,109.34,No action,0.0,109.34,109.3,False
2465,2023-06-13,Standard,399,22.2,8,1,1,26,Yes,0.921,4,1469.92,1469.92,126.08,Critical Risk,Critical Risk,0.28,411.58,Payment reminder & Priority billing assistance,35.0,376.58,11.8,True
2466,2024-02-18,Basic,199,11.8,0,4,36,10,No,0.3766,8,599.55,599.55,992.45,Medium Risk,Medium Risk,0.52,311.77,Payment retry & Concierge billing call,65.0,246.77,4.8,True
2467,2024-04-20,Premium,699,16.8,2,1,6,57,No,0.4354,6,1826.07,1826.07,2367.93,Medium Risk,Medium Risk,0.51,931.3,Payment reminder & Priority billing assistance,35.0,896.3,26.6,True
2468,2023-05-19,Standard,399,18.8,5,4,17,40,Yes,0.8787,6,2103.61,2103.61,290.39,Critical Risk,Critical Risk,0.07,147.25,Payment retry & Concierge billing call,65.0,82.25,2.3,True
2469,2024-06-07,Standard,399,21.6,0,2,10,9,No,0.2815,6,673.91,673.91,1720.09,Low Risk,Low Risk,0.74,498.69,No action,0.0,498.69,498.7,False
2470,2023-02-24,Premium,699,9.9,8,1,30,46,Yes,0.5319,8,2974.38,2974.38,2617.62,Medium Risk,Medium Risk,0.28,832.83,Payment reminder & Priority billing assistance,35.0,797.83,23.8,True
2471,2024-04-13,Premium,699,18.1,1,5,12,30,Yes,0.5652,6,2370.45,2370.45,1823.55,Medium Risk,Medium Risk,0.24,568.91,Payment retry & Concierge billing call,65.0,503.91,8.8,True
2472,2023-07-10,Premium,699,5.4,3,4,14,41,Yes,0.5433,6,2278.6,2278.6,1915.4,Medium Risk,Medium Risk,0.13,296.22,Payment retry & Concierge billing call,65.0,231.22,4.6,True
2473,2023-08-08,Basic,199,5.0,2,4,21,36,No,0.4656,8,741.24,741.24,850.76,Medium Risk,Medium Risk,0.17,126.01,Payment retry & Concierge billing call,65.0,61.01,1.9,True
2474,2024-11-04,Premium,699,22.1,1,5,27,27,No,0.6981,8,3903.78,3903.78,1688.22,High Risk,High Risk,0.36,1405.36,Payment retry & Concierge billing call,65.0,1340.36,21.6,True
2475,2023-06-20,Premium,699,16.2,3,4,5,35,Yes,0.694,6,2910.64,2910.64,1283.36,High Risk,High Risk,0.16,465.7,Payment retry & Concierge billing call,65.0,400.7,7.2,True
2476,2023-07-28,Standard,399,17.7,3,4,24,54,No,0.6111,8,1950.63,1950.63,1241.37,High Risk,High Risk,0.26,507.16,Payment retry & Concierge billing call,65.0,442.16,7.8,True
2477,2024-10-22,Standard,399,23.5,4,3,36,7,Yes,0.4329,8,1381.82,1381.82,1810.18,Medium Risk,Medium Risk,0.57,787.64,Payment retry & Concierge billing call,65.0,722.64,12.1,True
2478,2024-08-07,Standard,399,5.9,6,2,32,15,No,0.4481,8,1430.34,1430.34,1761.66,Medium Risk,Medium Risk,0.3,429.1,Payment retry & Concierge billing call,65.0,364.1,6.6,True
2479,2023-07-04,Standard,399,21.7,7,4,17,45,Yes,0.8325,6,1993.0,1993.0,400.99,Critical Risk,Critical Risk,0.05,99.65,Payment retry & Concierge billing call,65.0,34.65,1.5,True
2480,2023-12-06,Standard,399,0.6,2,3,29,4,Yes,0.255,8,813.96,813.96,2378.04,Low Risk,Low Risk,0.43,350.0,No action,0.0,350.0,350.0,False
2481,2024-12-25,Basic,199,19.1,7,5,30,7,Yes,0.762,8,1213.1,1213.1,378.9,High Risk,High Risk,0.09,109.18,Payment retry & Concierge billing call,65.0,44.18,1.7,True
2482,2023-01-29,Standard,399,14.7,8,4,9,15,Yes,0.698,6,1671.01,1671.01,722.99,High Risk,High Risk,0.05,83.55,Payment retry & Concierge billing call,65.0,18.55,1.3,True
2483,2023-02-25,Premium,699,3.8,5,3,7,46,Yes,0.9717,6,4075.31,4075.31,118.69,Critical Risk,Critical Risk,0.05,203.77,Payment retry & Concierge billing call,65.0,138.77,3.1,True
2484,2024-09-13,Premium,699,4.7,0,2,13,48,Yes,0.9264,6,3885.32,3885.32,308.68,Critical Risk,Critical Risk,0.33,1282.16,Payment retry & Concierge billing call,65.0,1217.16,19.7,True
2485,2023-08-04,Premium,699,13.2,8,4,30,28,Yes,0.8828,8,4936.62,4936.62,655.38,Critical Risk,Critical Risk,0.05,246.83,Payment retry & Concierge billing call,65.0,181.83,3.8,True
2486,2024-02-08,Premium,699,16.9,5,1,24,15,No,0.1382,8,772.81,772.81,4819.19,Low Risk,Low Risk,0.55,425.05,No action,0.0,425.05,425.0,False
2487,2024-10-22,Basic,199,5.4,4,2,3,15,No,0.2849,4,226.78,226.78,569.22,Low Risk,Low Risk,0.29,65.77,No action,0.0,65.77,65.8,False
2488,2023-08-04,Basic,199,3.2,1,2,21,53,No,0.7848,8,1249.4,1249.4,342.6,High Risk,High Risk,0.27,337.34,Payment retry & Concierge billing call,65.0,272.34,5.2,True
2489,2024-08-23,Premium,699,1.1,2,5,6,36,Yes,0.975,6,4089.15,4089.15,104.85,Critical Risk,Critical Risk,0.05,204.46,Payment retry & Concierge billing call,65.0,139.46,3.1,True
2490,2024-10-31,Premium,699,16.8,1,2,23,12,No,0.2713,8,1517.11,1517.11,4074.89,Low Risk,Low Risk,0.73,1107.49,No action,0.0,1107.49,1107.5,False
2491,2024-04-26,Premium,699,5.2,3,0,33,36,No,0.1865,8,1042.91,1042.91,4549.09,Low Risk,Low Risk,0.53,552.74,No action,0.0,552.74,552.7,False
2492,2023-05-29,Basic,199,17.3,7,0,14,38,No,0.4253,6,507.81,507.81,686.19,Medium Risk,Medium Risk,0.49,248.83,Customer support follow-up,120.0,128.83,2.1,True
2493,2024-12-04,Standard,399,16.0,2,0,4,13,No,0.1518,4,242.27,242.27,1353.73,Low Risk,Low Risk,0.8,193.82,No action,0.0,193.82,193.8,False
2494,2024-11-20,Premium,699,10.5,2,0,30,7,No,0.195,8,1090.44,1090.44,4501.56,Low Risk,Low Risk,0.82,894.16,No action,0.0,894.16,894.2,False
2495,2023-02-12,Basic,199,3.3,6,0,8,8,No,0.2111,6,252.05,252.05,941.95,Low Risk,Low Risk,0.51,128.55,No action,0.0,128.55,128.6,False
2496,2024-03-24,Basic,199,11.4,5,5,3,47,No,0.4922,4,391.79,391.79,404.21,Medium Risk,Medium Risk,0.05,19.59,Payment retry & Concierge billing call,65.0,-45.41,0.3,False
2497,2024-03-17,Basic,199,23.2,3,0,13,18,No,0.1836,6,219.22,219.22,974.78,Low Risk,Low Risk,0.79,173.18,No action,0.0,173.18,173.2,False
2498,2024-11-12,Standard,399,5.6,0,5,22,11,No,0.195,8,622.44,622.44,2569.56,Low Risk,Low Risk,0.36,224.08,No action,0.0,224.08,224.1,False
2499,2023-01-24,Standard,399,3.0,4,1,34,6,Yes,0.6247,8,1994.04,1994.04,1197.96,High Risk,High Risk,0.57,1136.6,Payment reminder & Priority billing assistance,35.0,1101.6,32.5,True
2500,2024-11-11,Premium,699,15.8,2,2,26,55,Yes,0.5622,8,3143.82,3143.82,2448.18,Medium Risk,Medium Risk,0.48,1509.03,Payment retry & Concierge billing call,65.0,1444.03,23.2,True
2501,2024-08-28,Standard,399,4.2,4,3,9,8,Yes,0.8704,6,2083.74,2083.74,310.26,Critical Risk,Critical Risk,0.18,375.07,Payment retry & Concierge billing call,65.0,310.07,5.8,True
2502,2023-03-09,Basic,199,24.9,5,5,24,24,No,0.5605,8,892.32,892.32,699.68,Medium Risk,Medium Risk,0.23,205.23,Payment retry & Concierge billing call,65.0,140.23,3.2,True
2503,2023-12-20,Premium,699,20.2,3,5,1,42,Yes,0.8362,4,2338.02,2338.02,457.98,Critical Risk,Critical Risk,0.05,116.9,Payment retry & Concierge billing call,65.0,51.9,1.8,True
2504,2023-10-10,Basic,199,20.7,1,1,32,29,Yes,0.2943,8,468.53,468.53,1123.47,Low Risk,Low Risk,0.75,351.4,No action,0.0,351.4,351.4,False
2505,2023-11-11,Basic,199,23.4,8,2,28,34,Yes,0.806,8,1283.15,1283.15,308.85,Critical Risk,Critical Risk,0.19,243.8,Payment retry & Concierge billing call,65.0,178.8,3.8,True
2506,2023-06-09,Basic,199,21.2,4,0,14,56,No,0.425,6,507.45,507.45,686.55,Medium Risk,Medium Risk,0.65,329.84,Customer support follow-up,120.0,209.84,2.7,True
2507,2023-06-15,Basic,199,24.8,0,3,10,7,No,0.1559,6,186.14,186.14,1007.86,Low Risk,Low Risk,0.67,124.71,No action,0.0,124.71,124.7,False
2508,2023-03-04,Standard,399,14.2,4,0,15,10,No,0.1573,6,376.58,376.58,2017.42,Low Risk,Low Risk,0.78,293.73,No action,0.0,293.73,293.7,False
2509,2023-10-16,Standard,399,11.1,0,3,6,14,Yes,0.4839,6,1158.46,1158.46,1235.54,Medium Risk,Medium Risk,0.53,613.98,Payment retry & Concierge billing call,65.0,548.98,9.4,True
2510,2024-10-08,Premium,699,8.9,4,1,7,52,No,0.4277,6,1793.77,1793.77,2400.23,Medium Risk,Medium Risk,0.35,627.82,Payment reminder & Priority billing assistance,35.0,592.82,17.9,True
2511,2023-01-18,Premium,699,5.9,4,0,1,15,Yes,0.0517,4,144.55,144.55,2651.45,Low Risk,Low Risk,0.5,72.28,No action,0.0,72.28,72.3,False
2512,2024-10-17,Premium,699,22.7,6,3,24,36,No,0.8195,8,4582.64,4582.64,1009.36,Critical Risk,Critical Risk,0.17,779.05,Payment retry & Concierge billing call,65.0,714.05,12.0,True
2513,2024-08-27,Standard,399,10.9,4,4,24,4,Yes,0.5067,8,1617.39,1617.39,1574.61,Medium Risk,Medium Risk,0.35,566.09,Payment retry & Concierge billing call,65.0,501.09,8.7,True
2514,2024-05-06,Premium,699,9.6,6,1,23,60,Yes,0.5111,8,2858.07,2858.07,2733.93,Medium Risk,Medium Risk,0.36,1028.91,Payment reminder & Priority billing assistance,35.0,993.91,29.4,True
2515,2023-02-15,Basic,199,21.0,4,3,9,27,Yes,0.7139,6,852.4,852.4,341.6,High Risk,High Risk,0.35,298.34,Payment retry & Concierge billing call,65.0,233.34,4.6,True
2516,2024-02-27,Premium,699,19.3,8,0,4,2,Yes,0.2009,4,561.72,561.72,2234.28,Low Risk,Low Risk,0.59,331.41,No action,0.0,331.41,331.4,False
2517,2024-05-15,Premium,699,3.0,6,2,15,48,Yes,0.9853,6,4132.35,4132.35,61.65,Critical Risk,Critical Risk,0.07,289.26,Payment retry & Concierge billing call,65.0,224.26,4.5,True
2518,2024-11-17,Basic,199,13.1,8,0,28,33,Yes,0.6579,8,1047.38,1047.38,544.62,High Risk,High Risk,0.41,429.43,Customer support follow-up,120.0,309.43,3.6,True
2519,2024-12-22,Standard,399,3.1,0,5,29,6,No,0.8235,8,2628.61,2628.61,563.39,Critical Risk,Critical Risk,0.21,552.01,Payment retry & Concierge billing call,65.0,487.01,8.5,True
2520,2023-09-10,Basic,199,2.6,8,0,30,26,Yes,0.8591,8,1367.69,1367.69,224.31,Critical Risk,Critical Risk,0.27,369.28,Customer support follow-up,120.0,249.28,3.1,True
2521,2023-10-22,Basic,199,18.0,5,0,30,3,No,0.2196,8,349.6,349.6,1242.4,Low Risk,Low Risk,0.78,272.69,No action,0.0,272.69,272.7,False
2522,2023-06-29,Standard,399,23.9,7,2,34,12,No,0.4085,8,1303.93,1303.93,1888.07,Medium Risk,Medium Risk,0.56,730.2,Payment retry & Concierge billing call,65.0,665.2,11.2,True
2523,2024-06-24,Basic,199,1.1,6,1,13,22,Yes,0.9417,6,1124.39,1124.39,69.61,Critical Risk,Critical Risk,0.23,258.61,Payment reminder,15.0,243.61,17.2,True
2524,2023-07-29,Premium,699,11.4,6,4,23,16,Yes,0.6047,8,3381.48,3381.48,2210.52,High Risk,High Risk,0.15,507.22,Payment retry & Concierge billing call,65.0,442.22,7.8,True
2525,2023-07-25,Basic,199,0.6,3,5,36,51,No,0.588,8,936.1,936.1,655.9,Medium Risk,Medium Risk,0.05,46.81,Payment retry & Concierge billing call,65.0,-18.19,0.7,False
2526,2024-02-08,Premium,699,4.3,7,2,26,53,Yes,0.9681,8,5413.62,5413.62,178.38,Critical Risk,Critical Risk,0.05,270.68,Payment retry & Concierge billing call,65.0,205.68,4.2,True
2527,2024-12-17,Standard,399,2.4,1,4,10,15,No,0.7064,6,1691.12,1691.12,702.88,High Risk,High Risk,0.18,304.4,Payment retry & Concierge billing call,65.0,239.4,4.7,True
2528,2023-11-15,Standard,399,1.3,4,3,2,26,Yes,0.9533,4,1521.47,1521.47,74.53,Critical Risk,Critical Risk,0.05,76.07,Payment retry & Concierge billing call,65.0,11.07,1.2,True
2529,2024-11-13,Standard,399,19.0,1,0,2,28,No,0.1512,4,241.32,241.32,1354.68,Low Risk,Low Risk,0.75,180.99,No action,0.0,180.99,181.0,False
2530,2024-08-22,Standard,399,22.9,0,0,8,47,No,0.2789,6,667.69,667.69,1726.31,Low Risk,Low Risk,0.75,500.77,No action,0.0,500.77,500.8,False
2531,2024-12-17,Basic,199,19.3,8,0,35,52,No,0.3188,8,507.53,507.53,1084.47,Low Risk,Low Risk,0.47,238.54,No action,0.0,238.54,238.5,False
2532,2023-03-09,Premium,699,14.6,5,1,18,42,No,0.5039,6,2113.36,2113.36,2080.64,Medium Risk,Medium Risk,0.45,951.01,Payment reminder & Priority billing assistance,35.0,916.01,27.2,True
2533,2024-10-24,Standard,399,1.5,8,0,12,51,Yes,0.8185,6,1959.49,1959.49,434.51,Critical Risk,Critical Risk,0.09,176.35,Customer support follow-up,120.0,56.35,1.5,True
2534,2024-10-16,Premium,699,23.3,6,4,32,33,No,0.7341,8,4105.09,4105.09,1486.91,High Risk,High Risk,0.19,779.97,Payment retry & Concierge billing call,65.0,714.97,12.0,True
2535,2024-01-27,Basic,199,5.4,7,5,5,7,No,0.5011,6,598.31,598.31,595.69,Medium Risk,Medium Risk,0.05,29.92,Payment retry & Concierge billing call,65.0,-35.08,0.5,False
2536,2023-04-12,Premium,699,18.9,1,3,36,58,Yes,0.754,8,4216.37,4216.37,1375.63,High Risk,High Risk,0.33,1391.4,Payment retry & Concierge billing call,65.0,1326.4,21.4,True
2537,2023-09-12,Basic,199,12.4,0,3,14,30,Yes,0.5042,6,602.01,602.01,591.99,Medium Risk,Medium Risk,0.5,301.0,Payment retry & Concierge billing call,65.0,236.0,4.6,True
2538,2024-06-11,Basic,199,19.2,6,1,12,13,No,0.3031,6,361.9,361.9,832.1,Low Risk,Low Risk,0.57,206.28,No action,0.0,206.28,206.3,False
2539,2023-03-10,Premium,699,14.8,1,4,19,28,No,0.6577,8,3677.86,3677.86,1914.14,High Risk,High Risk,0.39,1434.37,Payment retry & Concierge billing call,65.0,1369.37,22.1,True
2540,2024-04-23,Premium,699,4.5,6,5,17,8,Yes,0.9263,6,3884.9,3884.9,309.1,Critical Risk,Critical Risk,0.05,194.24,Payment retry & Concierge billing call,65.0,129.24,3.0,True
2541,2023-02-26,Basic,199,11.8,8,1,33,6,Yes,0.3786,8,602.73,602.73,989.27,Medium Risk,Medium Risk,0.5,301.36,Payment reminder,15.0,286.36,20.1,True
2542,2024-07-12,Basic,199,16.0,4,0,2,54,No,0.3816,4,303.75,303.75,492.25,Medium Risk,Medium Risk,0.52,157.95,Customer support follow-up,120.0,37.95,1.3,True
2543,2024-08-21,Basic,199,9.5,8,4,16,32,No,0.7864,6,938.96,938.96,255.04,High Risk,High Risk,0.05,46.95,Payment retry & Concierge billing call,65.0,-18.05,0.7,False
2544,2024-07-04,Standard,399,22.5,1,3,10,1,No,0.5219,6,1249.43,1249.43,1144.57,Medium Risk,Medium Risk,0.6,749.66,Payment retry & Concierge billing call,65.0,684.66,11.5,True
2545,2023-03-14,Premium,699,23.2,8,0,19,52,No,0.4239,8,2370.45,2370.45,3221.55,Medium Risk,Medium Risk,0.51,1208.93,Customer support follow-up,120.0,1088.93,10.1,True
2546,2023-05-04,Premium,699,22.4,4,4,26,8,Yes,0.6841,8,3825.49,3825.49,1766.51,High Risk,High Risk,0.46,1759.73,Payment retry & Concierge billing call,65.0,1694.73,27.1,True
2547,2024-01-18,Standard,399,13.3,3,4,23,28,No,0.6507,8,2077.03,2077.03,1114.97,High Risk,High Risk,0.29,602.34,Payment retry & Concierge billing call,65.0,537.34,9.3,True
2548,2024-03-04,Standard,399,13.7,0,0,1,16,No,0.0889,4,141.88,141.88,1454.12,Low Risk,Low Risk,0.74,104.99,No action,0.0,104.99,105.0,False
2549,2024-07-30,Standard,399,12.1,1,1,21,53,Yes,0.2693,8,859.61,859.61,2332.39,Low Risk,Low Risk,0.58,498.57,No action,0.0,498.57,498.6,False
2550,2023-06-11,Basic,199,15.1,1,5,20,42,Yes,0.6874,8,1094.34,1094.34,497.66,High Risk,High Risk,0.21,229.81,Payment retry & Concierge billing call,65.0,164.81,3.5,True
2551,2024-07-27,Premium,699,17.0,4,1,32,38,No,0.337,8,1884.5,1884.5,3707.5,Low Risk,Low Risk,0.51,961.1,No action,0.0,961.1,961.1,False
2552,2024-05-03,Premium,699,11.9,6,4,10,60,No,0.8108,6,3400.5,3400.5,793.5,Critical Risk,Critical Risk,0.05,170.02,Payment retry & Concierge billing call,65.0,105.02,2.6,True
2553,2023-04-01,Premium,699,7.0,5,1,4,45,Yes,0.4969,4,1389.33,1389.33,1406.67,Medium Risk,Medium Risk,0.29,402.91,Payment reminder & Priority billing assistance,35.0,367.91,11.5,True
2554,2024-10-19,Premium,699,3.3,6,0,28,31,No,0.4918,8,2750.15,2750.15,2841.85,Medium Risk,Medium Risk,0.39,1072.56,Customer support follow-up,120.0,952.56,8.9,True
2555,2024-01-22,Basic,199,12.4,8,4,12,14,Yes,0.6739,6,804.64,804.64,389.36,High Risk,High Risk,0.12,96.56,Payment retry & Concierge billing call,65.0,31.56,1.5,True
2556,2024-11-05,Standard,399,19.6,7,4,7,51,No,0.6763,6,1619.06,1619.06,774.94,High Risk,High Risk,0.05,80.95,Payment retry & Concierge billing call,65.0,15.95,1.2,True
2557,2024-10-17,Premium,699,5.0,0,4,26,59,Yes,0.7141,8,3993.25,3993.25,1598.75,High Risk,High Risk,0.25,998.31,Payment retry & Concierge billing call,65.0,933.31,15.4,True
2558,2024-03-15,Standard,399,9.9,3,5,25,16,No,0.4618,8,1474.07,1474.07,1717.93,Medium Risk,Medium Risk,0.16,235.85,Payment retry & Concierge billing call,65.0,170.85,3.6,True
2559,2023-06-06,Basic,199,11.6,4,1,18,4,No,0.2265,6,270.44,270.44,923.56,Low Risk,Low Risk,0.66,178.49,No action,0.0,178.49,178.5,False
2560,2023-09-06,Premium,699,3.0,2,1,22,59,Yes,0.7429,8,4154.3,4154.3,1437.7,High Risk,High Risk,0.45,1869.44,Payment reminder & Priority billing assistance,35.0,1834.44,53.4,True
2561,2024-08-10,Premium,699,7.2,8,1,27,0,No,0.2329,8,1302.38,1302.38,4289.62,Low Risk,Low Risk,0.45,586.07,No action,0.0,586.07,586.1,False
2562,2023-02-12,Basic,199,13.6,8,5,18,32,Yes,0.8173,6,975.86,975.86,218.14,Critical Risk,Critical Risk,0.05,48.79,Payment retry & Concierge billing call,65.0,-16.21,0.8,False
2563,2024-06-23,Standard,399,24.6,6,3,9,9,No,0.474,6,1134.76,1134.76,1259.24,Medium Risk,Medium Risk,0.43,487.95,Payment retry & Concierge billing call,65.0,422.95,7.5,True
2564,2023-04-26,Standard,399,10.9,1,0,5,19,Yes,0.2611,6,625.07,625.07,1768.93,Low Risk,Low Risk,0.67,418.8,No action,0.0,418.8,418.8,False
2565,2023-08-27,Premium,699,9.3,2,1,16,45,No,0.3604,6,1511.52,1511.52,2682.48,Medium Risk,Medium Risk,0.51,770.88,Payment reminder & Priority billing assistance,35.0,735.88,22.0,True
2566,2023-02-14,Basic,199,18.1,0,2,31,11,No,0.1553,8,247.24,247.24,1344.76,Low Risk,Low Risk,0.78,192.85,No action,0.0,192.85,192.8,False
2567,2024-12-18,Standard,399,14.1,1,3,21,21,No,0.5729,8,1828.7,1828.7,1363.3,Medium Risk,Medium Risk,0.48,877.78,Payment retry & Concierge billing call,65.0,812.78,13.5,True
2568,2023-05-08,Basic,199,9.3,4,2,11,31,Yes,0.623,6,743.86,743.86,450.14,High Risk,High Risk,0.25,185.96,Payment retry & Concierge billing call,65.0,120.96,2.9,True
2569,2023-01-29,Premium,699,11.0,0,1,7,44,Yes,0.4656,6,1952.73,1952.73,2241.27,Medium Risk,Medium Risk,0.53,1034.95,Payment reminder & Priority billing assistance,35.0,999.95,29.6,True
2570,2023-03-08,Premium,699,10.4,1,3,27,48,No,0.6551,8,3663.32,3663.32,1928.68,High Risk,High Risk,0.36,1318.8,Payment retry & Concierge billing call,65.0,1253.8,20.3,True
2571,2023-02-12,Premium,699,17.7,8,4,9,48,Yes,0.7941,6,3330.46,3330.46,863.54,High Risk,High Risk,0.05,166.52,Payment retry & Concierge billing call,65.0,101.52,2.6,True
2572,2023-05-29,Premium,699,23.9,0,3,35,29,No,0.4113,8,2299.99,2299.99,3292.01,Medium Risk,Medium Risk,0.62,1425.99,Payment retry & Concierge billing call,65.0,1360.99,21.9,True
2573,2023-04-18,Basic,199,2.5,4,3,18,33,Yes,0.9591,6,1145.17,1145.17,48.83,Critical Risk,Critical Risk,0.05,57.26,Payment retry & Concierge billing call,65.0,-7.74,0.9,False
2574,2024-07-13,Basic,199,15.8,6,5,21,24,No,0.6921,8,1101.82,1101.82,490.18,High Risk,High Risk,0.1,110.18,Payment retry & Concierge billing call,65.0,45.18,1.7,True
2575,2024-09-25,Standard,399,15.6,3,5,35,37,Yes,0.6449,8,2058.52,2058.52,1133.48,High Risk,High Risk,0.14,288.19,Payment retry & Concierge billing call,65.0,223.19,4.4,True
2576,2023-04-03,Premium,699,8.1,8,3,29,36,Yes,0.8727,8,4880.14,4880.14,711.86,Critical Risk,Critical Risk,0.05,244.01,Payment retry & Concierge billing call,65.0,179.01,3.8,True
2577,2024-09-20,Standard,399,14.9,5,5,22,3,Yes,0.6759,8,2157.47,2157.47,1034.53,High Risk,High Risk,0.25,539.37,Payment retry & Concierge billing call,65.0,474.37,8.3,True
2578,2024-01-26,Basic,199,1.9,7,2,12,15,Yes,0.9362,6,1117.82,1117.82,76.18,Critical Risk,Critical Risk,0.05,55.89,Payment retry & Concierge billing call,65.0,-9.11,0.9,False
2579,2023-03-05,Premium,699,9.1,1,3,3,5,No,0.4355,4,1217.66,1217.66,1578.34,Medium Risk,Medium Risk,0.47,572.3,Payment retry & Concierge billing call,65.0,507.3,8.8,True
2580,2023-09-12,Basic,199,18.9,8,3,35,13,Yes,0.7147,8,1137.8,1137.8,454.2,High Risk,High Risk,0.37,420.99,Payment retry & Concierge billing call,65.0,355.99,6.5,True
2581,2024-01-24,Standard,399,3.0,4,2,9,23,Yes,0.9626,6,2304.46,2304.46,89.54,Critical Risk,Critical Risk,0.15,345.67,Payment retry & Concierge billing call,65.0,280.67,5.3,True
2582,2024-08-17,Standard,399,1.7,4,1,1,19,No,0.4161,4,664.1,664.1,931.9,Medium Risk,Medium Risk,0.36,239.08,Payment reminder & Priority billing assistance,35.0,204.08,6.8,True
2583,2024-07-24,Standard,399,1.7,6,3,12,43,Yes,0.9806,6,2347.56,2347.56,46.44,Critical Risk,Critical Risk,0.05,117.38,Payment retry & Concierge billing call,65.0,52.38,1.8,True
2584,2023-09-26,Premium,699,11.1,6,0,28,20,No,0.242,8,1353.26,1353.26,4238.74,Low Risk,Low Risk,0.55,744.29,No action,0.0,744.29,744.3,False
2585,2024-05-16,Basic,199,20.6,4,2,1,27,No,0.5906,4,470.12,470.12,325.88,Medium Risk,Medium Risk,0.45,211.55,Payment retry & Concierge billing call,65.0,146.55,3.3,True
2586,2023-11-12,Standard,399,13.7,0,4,22,28,No,0.4456,8,1422.36,1422.36,1769.64,Medium Risk,Medium Risk,0.42,597.39,Payment retry & Concierge billing call,65.0,532.39,9.2,True
2587,2023-09-06,Standard,399,5.2,8,4,15,1,Yes,0.6258,6,1498.17,1498.17,895.83,High Risk,High Risk,0.13,194.76,Payment retry & Concierge billing call,65.0,129.76,3.0,True
2588,2024-03-04,Standard,399,20.1,6,1,17,54,No,0.4597,6,1100.52,1100.52,1293.48,Medium Risk,Medium Risk,0.46,506.24,Payment reminder & Priority billing assistance,35.0,471.24,14.5,True
2589,2023-12-22,Standard,399,1.8,6,5,19,21,Yes,0.9549,8,3048.04,3048.04,143.96,Critical Risk,Critical Risk,0.05,152.4,Payment retry & Concierge billing call,65.0,87.4,2.3,True
2590,2023-06-29,Basic,199,0.7,6,1,4,54,Yes,0.8763,4,697.53,697.53,98.47,Critical Risk,Critical Risk,0.07,48.83,Payment reminder,15.0,33.83,3.3,True
2591,2024-11-03,Basic,199,4.9,7,3,19,56,Yes,0.8832,8,1406.05,1406.05,185.95,Critical Risk,Critical Risk,0.05,70.3,Payment retry & Concierge billing call,65.0,5.3,1.1,True
2592,2023-04-17,Standard,399,10.3,5,4,20,4,Yes,0.6003,8,1916.16,1916.16,1275.84,High Risk,High Risk,0.3,574.85,Payment retry & Concierge billing call,65.0,509.85,8.8,True
2593,2024-05-30,Basic,199,7.4,1,0,12,23,No,0.247,6,294.92,294.92,899.08,Low Risk,Low Risk,0.63,185.8,No action,0.0,185.8,185.8,False
2594,2024-07-03,Standard,399,20.0,6,0,35,0,No,0.3249,8,1037.08,1037.08,2154.92,Low Risk,Low Risk,0.76,788.18,No action,0.0,788.18,788.2,False
2595,2024-07-26,Basic,199,12.1,8,3,7,30,Yes,0.7372,6,880.22,880.22,313.78,High Risk,High Risk,0.1,88.02,Payment retry & Concierge billing call,65.0,23.02,1.4,True
2596,2024-01-02,Basic,199,21.9,2,4,13,38,No,0.5211,6,622.19,622.19,571.81,Medium Risk,Medium Risk,0.34,211.54,Payment retry & Concierge billing call,65.0,146.54,3.3,True
2597,2024-02-23,Standard,399,23.3,4,3,1,8,No,0.2067,4,329.89,329.89,1266.11,Low Risk,Low Risk,0.49,161.65,No action,0.0,161.65,161.6,False
2598,2023-06-18,Standard,399,16.1,6,0,11,9,No,0.1503,6,359.82,359.82,2034.18,Low Risk,Low Risk,0.64,230.28,No action,0.0,230.28,230.3,False
2599,2023-12-17,Basic,199,13.5,3,5,14,48,No,0.6221,6,742.79,742.79,451.21,High Risk,High Risk,0.11,81.71,Payment retry & Concierge billing call,65.0,16.71,1.3,True
2600,2023-12-25,Basic,199,9.0,6,4,28,3,Yes,0.6658,8,1059.95,1059.95,532.05,High Risk,High Risk,0.25,264.99,Payment retry & Concierge billing call,65.0,199.99,4.1,True
2601,2023-05-07,Premium,699,9.5,4,4,11,11,Yes,0.5049,6,2117.55,2117.55,2076.45,Medium Risk,Medium Risk,0.25,529.39,Payment retry & Concierge billing call,65.0,464.39,8.1,True
2602,2024-01-06,Premium,699,17.5,3,4,36,20,No,0.3936,8,2201.01,2201.01,3390.99,Medium Risk,Medium Risk,0.34,748.34,Payment retry & Concierge billing call,65.0,683.34,11.5,True
2603,2023-10-20,Standard,399,1.3,6,2,4,19,Yes,0.9283,4,1481.57,1481.57,114.43,Critical Risk,Critical Risk,0.05,74.08,Payment retry & Concierge billing call,65.0,9.08,1.1,True
2604,2023-04-25,Premium,699,8.8,2,1,30,54,No,0.3053,8,1707.24,1707.24,3884.76,Low Risk,Low Risk,0.51,870.69,No action,0.0,870.69,870.7,False
2605,2024-05-18,Basic,199,4.3,7,2,13,49,Yes,0.8638,6,1031.38,1031.38,162.62,Critical Risk,Critical Risk,0.05,51.57,Payment retry & Concierge billing call,65.0,-13.43,0.8,False
2606,2024-10-22,Premium,699,11.5,6,1,6,15,No,0.3115,6,1306.43,1306.43,2887.57,Low Risk,Low Risk,0.38,496.44,No action,0.0,496.44,496.4,False
2607,2024-07-05,Premium,699,12.5,0,1,11,55,No,0.3315,6,1390.31,1390.31,2803.69,Low Risk,Low Risk,0.54,750.77,No action,0.0,750.77,750.8,False
2608,2024-07-09,Standard,399,20.6,7,2,11,45,Yes,0.7373,6,1765.1,1765.1,628.9,High Risk,High Risk,0.25,441.28,Payment retry & Concierge billing call,65.0,376.28,6.8,True
2609,2023-12-03,Basic,199,15.4,6,1,5,52,Yes,0.6424,6,767.03,767.03,426.97,High Risk,High Risk,0.33,253.12,Payment reminder,15.0,238.12,16.9,True
2610,2023-05-29,Premium,699,1.3,3,2,13,46,Yes,0.9522,6,3993.53,3993.53,200.47,Critical Risk,Critical Risk,0.17,678.9,Payment retry & Concierge billing call,65.0,613.9,10.4,True
2611,2024-12-17,Standard,399,8.6,3,2,15,0,Yes,0.4017,6,961.67,961.67,1432.33,Medium Risk,Medium Risk,0.57,548.15,Payment retry & Concierge billing call,65.0,483.15,8.4,True
2612,2024-06-10,Premium,699,13.1,6,3,7,30,Yes,0.8012,6,3360.23,3360.23,833.77,Critical Risk,Critical Risk,0.07,235.22,Payment retry & Concierge billing call,65.0,170.22,3.6,True
2613,2024-11-17,Basic,199,9.0,2,2,28,16,Yes,0.4404,8,701.12,701.12,890.88,Medium Risk,Medium Risk,0.49,343.55,Payment retry & Concierge billing call,65.0,278.55,5.3,True
2614,2024-01-06,Standard,399,6.9,0,4,17,13,No,0.2895,6,693.06,693.06,1700.94,Low Risk,Low Risk,0.47,325.74,No action,0.0,325.74,325.7,False
2615,2023-04-20,Premium,699,12.1,3,3,5,45,No,0.6541,6,2743.3,2743.3,1450.7,High Risk,High Risk,0.22,603.53,Payment retry & Concierge billing call,65.0,538.53,9.3,True
2616,2024-05-29,Basic,199,6.4,1,1,21,34,No,0.2373,8,377.78,377.78,1214.22,Low Risk,Low Risk,0.52,196.45,No action,0.0,196.45,196.4,False
2617,2024-08-23,Premium,699,21.9,6,4,17,36,Yes,0.8521,6,3573.71,3573.71,620.29,Critical Risk,Critical Risk,0.06,214.42,Payment retry & Concierge billing call,65.0,149.42,3.3,True
2618,2024-12-20,Premium,699,19.5,0,2,33,20,No,0.3024,8,1691.02,1691.02,3900.98,Low Risk,Low Risk,0.68,1149.89,No action,0.0,1149.89,1149.9,False
2619,2023-08-27,Basic,199,3.1,7,5,31,8,Yes,0.9175,8,1460.66,1460.66,131.34,Critical Risk,Critical Risk,0.05,73.03,Payment retry & Concierge billing call,65.0,8.03,1.1,True
2620,2023-06-29,Basic,199,21.6,8,5,6,24,Yes,0.7445,6,888.93,888.93,305.07,High Risk,High Risk,0.05,44.45,Payment retry & Concierge billing call,65.0,-20.55,0.7,False
2621,2023-06-16,Standard,399,22.7,8,5,9,14,No,0.6419,6,1536.71,1536.71,857.29,High Risk,High Risk,0.13,199.77,Payment retry & Concierge billing call,65.0,134.77,3.1,True
2622,2024-11-06,Premium,699,6.3,1,1,16,7,No,0.1373,6,575.84,575.84,3618.16,Low Risk,Low Risk,0.72,414.6,No action,0.0,414.6,414.6,False
2623,2024-06-13,Premium,699,1.2,2,4,32,13,No,0.5597,8,3129.84,3129.84,2462.16,Medium Risk,Medium Risk,0.33,1032.85,Payment retry & Concierge billing call,65.0,967.85,15.9,True
2624,2023-02-15,Premium,699,17.9,8,1,4,10,Yes,0.4495,4,1256.8,1256.8,1539.2,Medium Risk,Medium Risk,0.48,603.26,Payment reminder & Priority billing assistance,35.0,568.26,17.2,True
2625,2024-06-18,Basic,199,5.0,2,0,1,1,Yes,0.3764,4,299.61,299.61,496.39,Medium Risk,Medium Risk,0.69,206.73,Engagement campaign,10.0,196.73,20.7,True
2626,2024-10-08,Standard,399,11.1,1,0,30,58,Yes,0.3631,8,1159.02,1159.02,2032.98,Medium Risk,Medium Risk,0.67,776.54,Engagement campaign,10.0,766.54,77.7,True
2627,2024-07-14,Premium,699,23.0,7,5,36,24,Yes,0.8866,8,4957.87,4957.87,634.13,Critical Risk,Critical Risk,0.05,247.89,Payment retry & Concierge billing call,65.0,182.89,3.8,True
2628,2023-08-29,Basic,199,5.1,6,0,19,18,Yes,0.4599,8,732.16,732.16,859.84,Medium Risk,Medium Risk,0.49,358.76,Customer support follow-up,120.0,238.76,3.0,True
2629,2024-06-06,Premium,699,23.2,3,5,19,60,Yes,0.6379,8,3567.14,3567.14,2024.86,High Risk,High Risk,0.21,749.1,Payment retry & Concierge billing call,65.0,684.1,11.5,True
2630,2023-11-13,Basic,199,7.3,8,5,31,8,Yes,0.7313,8,1164.23,1164.23,427.77,High Risk,High Risk,0.05,58.21,Payment retry & Concierge billing call,65.0,-6.79,0.9,False
2631,2023-01-18,Standard,399,20.9,1,0,21,0,No,0.1954,8,623.72,623.72,2568.28,Low Risk,Low Risk,0.95,592.53,No action,0.0,592.53,592.5,False
2632,2023-12-04,Standard,399,22.9,0,2,26,52,No,0.3356,8,1071.24,1071.24,2120.76,Low Risk,Low Risk,0.63,674.88,No action,0.0,674.88,674.9,False
2633,2023-02-17,Premium,699,11.2,1,2,25,1,No,0.2964,8,1657.47,1657.47,3934.53,Low Risk,Low Risk,0.67,1110.5,No action,0.0,1110.5,1110.5,False
2634,2023-01-14,Standard,399,24.3,6,3,28,17,Yes,0.6074,8,1938.82,1938.82,1253.18,High Risk,High Risk,0.38,736.75,Payment retry & Concierge billing call,65.0,671.75,11.3,True
2635,2023-08-19,Premium,699,22.9,4,0,26,45,Yes,0.6636,8,3710.85,3710.85,1881.15,High Risk,High Risk,0.67,2486.27,Customer support follow-up,120.0,2366.27,20.7,True
2636,2024-08-28,Standard,399,20.3,8,2,1,6,Yes,0.7007,4,1118.32,1118.32,477.68,High Risk,High Risk,0.4,447.33,Payment retry & Concierge billing call,65.0,382.33,6.9,True
2637,2023-07-19,Standard,399,1.5,0,2,31,49,Yes,0.9486,8,3027.93,3027.93,164.07,Critical Risk,Critical Risk,0.3,908.38,Payment retry & Concierge billing call,65.0,843.38,14.0,True
2638,2024-08-04,Standard,399,13.9,4,4,27,9,Yes,0.562,8,1793.9,1793.9,1398.1,Medium Risk,Medium Risk,0.38,681.68,Payment retry & Concierge billing call,65.0,616.68,10.5,True
2639,2024-03-19,Premium,699,4.4,7,0,26,33,Yes,0.8416,8,4706.23,4706.23,885.77,Critical Risk,Critical Risk,0.24,1129.5,Customer support follow-up,120.0,1009.5,9.4,True
2640,2024-11-07,Premium,699,13.2,1,3,36,33,No,0.5861,8,3277.47,3277.47,2314.53,Medium Risk,Medium Risk,0.39,1278.21,Payment retry & Concierge billing call,65.0,1213.21,19.7,True
2641,2024-08-28,Premium,699,19.6,1,2,32,1,No,0.2578,8,1441.62,1441.62,4150.38,Low Risk,Low Risk,0.76,1095.63,No action,0.0,1095.63,1095.6,False
2642,2023-01-24,Standard,399,9.4,1,4,12,29,No,0.564,6,1350.22,1350.22,1043.78,Medium Risk,Medium Risk,0.25,337.56,Payment retry & Concierge billing call,65.0,272.56,5.2,True
2643,2024-01-03,Premium,699,3.6,1,1,16,27,No,0.575,6,2411.55,2411.55,1782.45,Medium Risk,Medium Risk,0.58,1398.7,Payment reminder & Priority billing assistance,35.0,1363.7,40.0,True
2644,2023-03-22,Standard,399,14.6,2,3,34,0,Yes,0.4142,8,1322.13,1322.13,1869.87,Medium Risk,Medium Risk,0.57,753.61,Payment retry & Concierge billing call,65.0,688.61,11.6,True
2645,2024-04-17,Premium,699,19.1,5,1,1,60,Yes,0.8136,4,2274.83,2274.83,521.17,Critical Risk,Critical Risk,0.29,659.7,Payment reminder & Priority billing assistance,35.0,624.7,18.8,True
2646,2024-12-24,Standard,399,13.0,1,3,22,31,Yes,0.7533,8,2404.53,2404.53,787.47,High Risk,High Risk,0.27,649.22,Payment retry & Concierge billing call,65.0,584.22,10.0,True
2647,2023-04-09,Basic,199,12.5,6,4,9,11,No,0.5837,6,696.94,696.94,497.06,Medium Risk,Medium Risk,0.2,139.39,Payment retry & Concierge billing call,65.0,74.39,2.1,True
2648,2023-05-22,Premium,699,4.0,1,4,36,45,Yes,0.9133,8,5107.17,5107.17,484.83,Critical Risk,Critical Risk,0.08,408.57,Payment retry & Concierge billing call,65.0,343.57,6.3,True
2649,2024-06-08,Standard,399,4.8,2,4,18,60,Yes,0.8947,6,2141.91,2141.91,252.09,Critical Risk,Critical Risk,0.05,107.1,Payment retry & Concierge billing call,65.0,42.1,1.6,True
2650,2023-05-16,Premium,699,11.5,4,5,5,46,Yes,0.7341,6,3078.82,3078.82,1115.18,High Risk,High Risk,0.05,153.94,Payment retry & Concierge billing call,65.0,88.94,2.4,True
2651,2023-02-16,Basic,199,9.0,4,2,36,31,No,0.6981,8,1111.38,1111.38,480.62,High Risk,High Risk,0.33,366.76,Payment retry & Concierge billing call,65.0,301.76,5.6,True
2652,2023-05-10,Standard,399,19.6,2,0,28,54,No,0.2959,8,944.51,944.51,2247.49,Low Risk,Low Risk,0.72,680.05,No action,0.0,680.05,680.0,False
2653,2024-02-13,Standard,399,20.8,0,5,32,3,Yes,0.3509,8,1120.07,1120.07,2071.93,Medium Risk,Medium Risk,0.51,571.24,Payment retry & Concierge billing call,65.0,506.24,8.8,True
2654,2023-05-20,Basic,199,10.5,0,3,22,10,Yes,0.3408,8,542.55,542.55,1049.45,Low Risk,Low Risk,0.6,325.53,No action,0.0,325.53,325.5,False
2655,2023-12-02,Standard,399,24.8,8,1,31,58,No,0.5636,8,1799.01,1799.01,1392.99,Medium Risk,Medium Risk,0.43,773.57,Payment reminder & Priority billing assistance,35.0,738.57,22.1,True
2656,2024-06-13,Premium,699,0.6,1,3,18,33,Yes,0.8672,6,3637.04,3637.04,556.96,Critical Risk,Critical Risk,0.15,545.56,Payment retry & Concierge billing call,65.0,480.56,8.4,True
2657,2024-03-05,Basic,199,17.4,7,1,11,5,Yes,0.32,6,382.08,382.08,811.92,Low Risk,Low Risk,0.51,194.86,No action,0.0,194.86,194.9,False
2658,2023-03-02,Basic,199,23.6,8,2,25,0,Yes,0.7264,8,1156.43,1156.43,435.57,High Risk,High Risk,0.52,601.34,Payment retry & Concierge billing call,65.0,536.34,9.3,True
2659,2023-01-02,Standard,399,16.2,0,0,36,7,No,0.1411,8,450.39,450.39,2741.61,Low Risk,Low Risk,0.95,427.87,No action,0.0,427.87,427.9,False
2660,2024-03-13,Premium,699,21.2,1,5,12,5,Yes,0.4629,6,1941.4,1941.4,2252.6,Medium Risk,Medium Risk,0.39,757.15,Payment retry & Concierge billing call,65.0,692.15,11.6,True
2661,2023-05-20,Basic,199,18.7,3,3,3,3,No,0.589,4,468.84,468.84,327.16,Medium Risk,Medium Risk,0.49,229.73,Payment retry & Concierge billing call,65.0,164.73,3.5,True
2662,2023-01-16,Basic,199,1.3,1,3,3,37,Yes,0.9688,4,771.16,771.16,24.84,Critical Risk,Critical Risk,0.07,53.98,Payment retry & Concierge billing call,65.0,-11.02,0.8,False
2663,2024-07-29,Basic,199,6.8,1,4,31,36,No,0.6224,8,990.86,990.86,601.14,High Risk,High Risk,0.23,227.9,Payment retry & Concierge billing call,65.0,162.9,3.5,True
2664,2024-06-18,Premium,699,17.6,3,5,21,9,No,0.4837,8,2704.85,2704.85,2887.15,Medium Risk,Medium Risk,0.36,973.75,Payment retry & Concierge billing call,65.0,908.75,15.0,True
2665,2023-09-21,Standard,399,15.0,3,3,27,22,Yes,0.7211,8,2301.75,2301.75,890.25,High Risk,High Risk,0.41,943.72,Payment retry & Concierge billing call,65.0,878.72,14.5,True
2666,2024-06-11,Standard,399,19.3,6,5,31,5,No,0.6224,8,1986.7,1986.7,1205.3,High Risk,High Risk,0.25,496.68,Payment retry & Concierge billing call,65.0,431.68,7.6,True
2667,2023-03-14,Basic,199,5.5,4,4,31,5,Yes,0.3809,8,606.39,606.39,985.61,Medium Risk,Medium Risk,0.29,175.85,Payment retry & Concierge billing call,65.0,110.85,2.7,True
2668,2024-09-17,Basic,199,8.6,2,2,17,49,Yes,0.5422,6,647.39,647.39,546.61,Medium Risk,Medium Risk,0.41,265.43,Payment retry & Concierge billing call,65.0,200.43,4.1,True
2669,2024-01-04,Standard,399,17.3,1,3,15,57,Yes,0.7163,6,1714.82,1714.82,679.18,High Risk,High Risk,0.43,737.37,Payment retry & Concierge billing call,65.0,672.37,11.3,True
2670,2024-03-06,Standard,399,13.3,3,2,17,55,No,0.57,6,1364.58,1364.58,1029.42,Medium Risk,Medium Risk,0.41,559.48,Payment retry & Concierge billing call,65.0,494.48,8.6,True
2671,2024-03-15,Premium,699,10.4,4,4,4,27,Yes,0.6952,4,1943.78,1943.78,852.22,High Risk,High Risk,0.14,272.13,Payment retry & Concierge billing call,65.0,207.13,4.2,True
2672,2024-07-08,Standard,399,14.9,3,5,13,16,No,0.5782,6,1384.21,1384.21,1009.79,Medium Risk,Medium Risk,0.21,290.68,Payment retry & Concierge billing call,65.0,225.68,4.5,True
2673,2024-10-07,Premium,699,13.9,2,2,13,51,Yes,0.5964,6,2501.3,2501.3,1692.7,Medium Risk,Medium Risk,0.46,1150.6,Payment retry & Concierge billing call,65.0,1085.6,17.7,True
2674,2024-04-01,Standard,399,22.9,8,0,26,21,Yes,0.7918,8,2527.43,2527.43,664.57,High Risk,High Risk,0.47,1187.89,Customer support follow-up,120.0,1067.89,9.9,True
2675,2023-12-27,Standard,399,17.8,6,2,18,28,Yes,0.7845,6,1878.09,1878.09,515.91,High Risk,High Risk,0.3,563.43,Payment retry & Concierge billing call,65.0,498.43,8.7,True
2676,2023-01-10,Basic,199,24.0,2,1,24,36,Yes,0.4145,8,659.88,659.88,932.12,Medium Risk,Medium Risk,0.66,435.52,Payment reminder,15.0,420.52,29.0,True
2677,2024-10-06,Premium,699,13.8,5,2,3,6,Yes,0.574,4,1604.9,1604.9,1191.1,Medium Risk,Medium Risk,0.46,738.25,Payment retry & Concierge billing call,65.0,673.25,11.4,True
2678,2023-04-13,Premium,699,18.4,1,1,20,6,No,0.1216,8,679.99,679.99,4912.01,Low Risk,Low Risk,0.84,571.19,No action,0.0,571.19,571.2,False
2679,2023-12-03,Standard,399,23.6,1,4,33,43,Yes,0.7727,8,2466.46,2466.46,725.54,High Risk,High Risk,0.28,690.61,Payment retry & Concierge billing call,65.0,625.61,10.6,True
2680,2024-10-11,Standard,399,17.2,0,5,29,44,Yes,0.5445,8,1738.04,1738.04,1453.96,Medium Risk,Medium Risk,0.27,469.27,Payment retry & Concierge billing call,65.0,404.27,7.2,True
2681,2023-10-02,Basic,199,18.1,5,1,26,20,No,0.1208,8,192.31,192.31,1399.69,Low Risk,Low Risk,0.56,107.69,No action,0.0,107.69,107.7,False
2682,2024-03-24,Premium,699,17.2,0,0,6,42,Yes,0.4549,6,1907.85,1907.85,2286.15,Medium Risk,Medium Risk,0.69,1316.42,Engagement campaign,10.0,1306.42,131.6,True
2683,2024-12-17,Standard,399,21.9,0,0,23,10,No,0.1624,8,518.38,518.38,2673.62,Low Risk,Low Risk,0.95,492.46,No action,0.0,492.46,492.5,False
2684,2023-07-07,Basic,199,8.3,5,1,6,55,No,0.4964,6,592.7,592.7,601.3,Medium Risk,Medium Risk,0.3,177.81,Payment reminder,15.0,162.81,11.9,True
2685,2024-05-19,Standard,399,11.3,5,0,17,28,Yes,0.518,6,1240.09,1240.09,1153.91,Medium Risk,Medium Risk,0.59,731.65,Customer support follow-up,120.0,611.65,6.1,True
2686,2023-12-29,Basic,199,17.8,2,3,29,38,Yes,0.6534,8,1040.21,1040.21,551.79,High Risk,High Risk,0.4,416.08,Payment retry & Concierge billing call,65.0,351.08,6.4,True
2687,2023-02-19,Premium,699,16.3,3,5,24,48,No,0.589,8,3293.69,3293.69,2298.31,Medium Risk,Medium Risk,0.14,461.12,Payment retry & Concierge billing call,65.0,396.12,7.1,True
2688,2023-07-28,Basic,199,7.6,3,2,26,49,No,0.5379,8,856.34,856.34,735.66,Medium Risk,Medium Risk,0.36,308.28,Payment retry & Concierge billing call,65.0,243.28,4.7,True
2689,2023-08-08,Premium,699,0.6,5,1,8,60,Yes,0.9421,6,3951.17,3951.17,242.83,Critical Risk,Critical Risk,0.11,434.63,Payment reminder & Priority billing assistance,35.0,399.63,12.4,True
2690,2024-10-03,Standard,399,12.9,4,0,3,4,No,0.118,4,188.33,188.33,1407.67,Low Risk,Low Risk,0.69,129.95,No action,0.0,129.95,130.0,False
2691,2024-07-12,Premium,699,23.9,5,4,7,39,No,0.7329,6,3073.78,3073.78,1120.22,High Risk,High Risk,0.16,491.8,Payment retry & Concierge billing call,65.0,426.8,7.6,True
2692,2023-05-31,Standard,399,19.1,3,2,23,43,Yes,0.663,8,2116.3,2116.3,1075.7,High Risk,High Risk,0.47,994.66,Payment retry & Concierge billing call,65.0,929.66,15.3,True
2693,2024-08-06,Basic,199,10.0,0,0,24,26,No,0.3067,8,488.27,488.27,1103.73,Low Risk,Low Risk,0.78,380.85,No action,0.0,380.85,380.8,False
2694,2024-07-14,Premium,699,16.3,6,4,1,27,No,0.5928,4,1657.47,1657.47,1138.53,Medium Risk,Medium Risk,0.12,198.9,Payment retry & Concierge billing call,65.0,133.9,3.1,True
2695,2024-12-13,Basic,199,13.9,7,3,5,16,Yes,0.6135,6,732.52,732.52,461.48,High Risk,High Risk,0.16,117.2,Payment retry & Concierge billing call,65.0,52.2,1.8,True
2696,2024-11-09,Basic,199,12.8,2,5,31,56,No,0.5816,8,925.91,925.91,666.09,Medium Risk,Medium Risk,0.15,138.89,Payment retry & Concierge billing call,65.0,73.89,2.1,True
2697,2024-05-17,Basic,199,8.0,5,1,19,1,Yes,0.2609,8,415.35,415.35,1176.65,Low Risk,Low Risk,0.58,240.9,No action,0.0,240.9,240.9,False
2698,2023-06-14,Standard,399,19.1,2,2,25,20,Yes,0.4981,8,1589.94,1589.94,1602.06,Medium Risk,Medium Risk,0.59,938.06,Payment retry & Concierge billing call,65.0,873.06,14.4,True
2699,2023-11-17,Premium,699,20.8,1,3,23,13,No,0.4263,8,2383.87,2383.87,3208.13,Medium Risk,Medium Risk,0.67,1597.19,Payment retry & Concierge billing call,65.0,1532.19,24.6,True
2700,2023-09-18,Standard,399,22.5,2,2,9,6,No,0.4792,6,1147.2,1147.2,1246.8,Medium Risk,Medium Risk,0.66,757.15,Payment retry & Concierge billing call,65.0,692.15,11.6,True
2701,2023-12-05,Basic,199,15.9,2,1,4,50,Yes,0.6234,4,496.23,496.23,299.77,High Risk,High Risk,0.5,248.12,Payment reminder,15.0,233.12,16.5,True
2702,2024-03-07,Basic,199,0.9,0,4,5,2,No,0.1666,6,198.92,198.92,995.08,Low Risk,Low Risk,0.33,65.64,No action,0.0,65.64,65.6,False
2703,2024-07-23,Premium,699,9.2,0,5,3,48,No,0.5119,4,1431.27,1431.27,1364.73,Medium Risk,Medium Risk,0.11,157.44,Payment retry & Concierge billing call,65.0,92.44,2.4,True
2704,2023-04-01,Standard,399,6.7,0,1,33,56,No,0.1486,8,474.33,474.33,2717.67,Low Risk,Low Risk,0.57,270.37,No action,0.0,270.37,270.4,False
2705,2024-11-25,Standard,399,11.4,2,4,26,59,Yes,0.691,8,2205.67,2205.67,986.33,High Risk,High Risk,0.23,507.3,Payment retry & Concierge billing call,65.0,442.3,7.8,True
2706,2024-08-02,Standard,399,8.7,8,4,30,28,Yes,0.8863,8,2829.07,2829.07,362.93,Critical Risk,Critical Risk,0.05,141.45,Payment retry & Concierge billing call,65.0,76.45,2.2,True
2707,2023-08-25,Basic,199,4.7,6,2,6,10,Yes,0.8789,6,1049.41,1049.41,144.59,Critical Risk,Critical Risk,0.21,220.38,Payment retry & Concierge billing call,65.0,155.38,3.4,True
2708,2024-04-13,Basic,199,16.9,2,0,27,56,No,0.2455,8,390.84,390.84,1201.16,Low Risk,Low Risk,0.69,269.68,No action,0.0,269.68,269.7,False
2709,2023-01-26,Standard,399,13.3,1,2,23,29,No,0.5595,8,1785.92,1785.92,1406.08,Medium Risk,Medium Risk,0.57,1017.97,Payment retry & Concierge billing call,65.0,952.97,15.7,True
2710,2023-06-15,Premium,699,0.5,7,0,9,5,No,0.0902,6,378.3,378.3,3815.7,Low Risk,Low Risk,0.44,166.45,No action,0.0,166.45,166.4,False
2711,2023-04-12,Basic,199,0.6,3,3,36,44,No,0.4042,8,643.49,643.49,948.51,Medium Risk,Medium Risk,0.19,122.26,Payment retry & Concierge billing call,65.0,57.26,1.9,True
2712,2024-05-15,Premium,699,2.2,8,0,11,33,Yes,0.7775,6,3260.84,3260.84,933.17,High Risk,High Risk,0.1,326.08,Customer support follow-up,120.0,206.08,2.7,True
2713,2024-05-30,Premium,699,17.3,1,3,1,6,No,0.364,4,1017.74,1017.74,1778.26,Medium Risk,Medium Risk,0.55,559.76,Payment retry & Concierge billing call,65.0,494.76,8.6,True
2714,2024-08-25,Standard,399,13.6,5,4,14,35,Yes,0.7889,6,1888.63,1888.63,505.37,High Risk,High Risk,0.05,94.43,Payment retry & Concierge billing call,65.0,29.43,1.5,True
2715,2024-01-26,Standard,399,17.4,7,1,30,45,No,0.287,8,916.1,916.1,2275.9,Low Risk,Low Risk,0.39,357.28,No action,0.0,357.28,357.3,False
2716,2024-07-01,Premium,699,1.6,0,2,34,58,Yes,0.9038,8,5054.05,5054.05,537.95,Critical Risk,Critical Risk,0.3,1516.22,Payment retry & Concierge billing call,65.0,1451.22,23.3,True
2717,2024-08-18,Premium,699,2.1,6,4,14,60,Yes,0.9921,6,4160.87,4160.87,33.13,Critical Risk,Critical Risk,0.05,208.04,Payment retry & Concierge billing call,65.0,143.04,3.2,True
2718,2023-02-24,Standard,399,20.2,4,2,12,56,Yes,0.6629,6,1586.98,1586.98,807.02,High Risk,High Risk,0.36,571.31,Payment retry & Concierge billing call,65.0,506.31,8.8,True
2719,2023-06-16,Premium,699,24.9,2,1,7,46,No,0.4754,6,1993.83,1993.83,2200.17,Medium Risk,Medium Risk,0.59,1176.36,Payment reminder & Priority billing assistance,35.0,1141.36,33.6,True
2720,2024-10-02,Basic,199,4.9,3,4,4,18,Yes,0.8476,4,674.69,674.69,121.31,Critical Risk,Critical Risk,0.05,33.73,Payment retry & Concierge billing call,65.0,-31.27,0.5,False
2721,2023-10-13,Basic,199,16.7,2,0,9,16,Yes,0.2319,6,276.89,276.89,917.11,Low Risk,Low Risk,0.69,191.05,No action,0.0,191.05,191.0,False
2722,2023-04-23,Standard,399,16.5,2,5,18,55,Yes,0.6329,6,1515.16,1515.16,878.84,High Risk,High Risk,0.18,272.73,Payment retry & Concierge billing call,65.0,207.73,4.2,True
2723,2024-12-18,Basic,199,24.4,5,4,27,38,Yes,0.8896,8,1416.24,1416.24,175.76,Critical Risk,Critical Risk,0.12,169.95,Payment retry & Concierge billing call,65.0,104.95,2.6,True
2724,2023-02-21,Basic,199,18.5,0,1,9,2,No,0.1258,6,150.21,150.21,1043.79,Low Risk,Low Risk,0.8,120.17,No action,0.0,120.17,120.2,False
2725,2024-01-03,Standard,399,5.9,2,1,10,45,No,0.3038,6,727.3,727.3,1666.7,Low Risk,Low Risk,0.4,290.92,No action,0.0,290.92,290.9,False
2726,2023-05-14,Basic,199,6.5,3,0,7,57,No,0.3233,6,386.02,386.02,807.98,Low Risk,Low Risk,0.46,177.57,No action,0.0,177.57,177.6,False
2727,2023-01-03,Premium,699,10.7,0,3,6,16,No,0.4987,6,2091.55,2091.55,2102.45,Medium Risk,Medium Risk,0.41,857.54,Payment retry & Concierge billing call,65.0,792.54,13.2,True
2728,2024-02-12,Premium,699,8.9,3,3,4,29,Yes,0.6558,4,1833.62,1833.62,962.38,High Risk,High Risk,0.27,495.08,Payment retry & Concierge billing call,65.0,430.08,7.6,True
2729,2023-01-24,Premium,699,15.5,3,1,7,49,Yes,0.4667,6,1957.34,1957.34,2236.66,Medium Risk,Medium Risk,0.45,880.8,Payment reminder & Priority billing assistance,35.0,845.8,25.2,True
2730,2024-12-03,Premium,699,24.8,1,3,11,43,No,0.5403,6,2266.02,2266.02,1927.98,Medium Risk,Medium Risk,0.43,974.39,Payment retry & Concierge billing call,65.0,909.39,15.0,True
2731,2023-06-12,Premium,699,12.0,6,4,5,2,No,0.3992,6,1674.24,1674.24,2519.76,Medium Risk,Medium Risk,0.2,334.85,Payment retry & Concierge billing call,65.0,269.85,5.2,True
2732,2024-07-08,Premium,699,5.8,0,2,34,15,No,0.184,8,1028.93,1028.93,4563.07,Low Risk,Low Risk,0.54,555.62,No action,0.0,555.62,555.6,False
2733,2023-07-27,Standard,399,15.7,6,1,5,9,No,0.2773,6,663.86,663.86,1730.14,Low Risk,Low Risk,0.54,358.48,No action,0.0,358.48,358.5,False
2734,2024-01-13,Basic,199,12.4,8,0,27,23,Yes,0.6769,8,1077.62,1077.62,514.38,High Risk,High Risk,0.48,517.26,Customer support follow-up,120.0,397.26,4.3,True
2735,2023-06-06,Standard,399,11.8,0,3,26,14,No,0.3375,8,1077.3,1077.3,2114.7,Low Risk,Low Risk,0.62,667.93,No action,0.0,667.93,667.9,False
2736,2023-10-21,Basic,199,20.2,5,2,33,3,Yes,0.6286,8,1000.73,1000.73,591.27,High Risk,High Risk,0.6,600.44,Payment retry & Concierge billing call,65.0,535.44,9.2,True
2737,2024-12-02,Standard,399,16.6,7,3,20,25,No,0.8072,8,2576.58,2576.58,615.42,Critical Risk,Critical Risk,0.15,386.49,Payment retry & Concierge billing call,65.0,321.49,5.9,True
2738,2024-09-11,Standard,399,18.1,6,2,13,0,Yes,0.5817,6,1392.59,1392.59,1001.41,Medium Risk,Medium Risk,0.54,752.0,Payment retry & Concierge billing call,65.0,687.0,11.6,True
2739,2023-05-01,Standard,399,11.6,2,1,11,24,Yes,0.2548,6,609.99,609.99,1784.01,Low Risk,Low Risk,0.54,329.39,No action,0.0,329.39,329.4,False
2740,2023-05-21,Basic,199,24.2,4,1,19,50,Yes,0.6317,8,1005.67,1005.67,586.33,High Risk,High Risk,0.58,583.29,Payment reminder,15.0,568.29,38.9,True
2741,2023-06-04,Premium,699,23.6,8,5,22,20,Yes,0.7383,8,4128.57,4128.57,1463.43,High Risk,High Risk,0.1,412.86,Payment retry & Concierge billing call,65.0,347.86,6.4,True
2742,2024-08-31,Basic,199,21.3,0,4,33,47,Yes,0.5345,8,850.92,850.92,741.08,Medium Risk,Medium Risk,0.41,348.88,Payment retry & Concierge billing call,65.0,283.88,5.4,True
2743,2023-11-15,Premium,699,18.6,6,1,7,40,Yes,0.6357,6,2666.13,2666.13,1527.87,High Risk,High Risk,0.37,986.47,Payment reminder & Priority billing assistance,35.0,951.47,28.2,True
2744,2023-12-13,Premium,699,16.6,6,2,6,14,Yes,0.5955,6,2497.53,2497.53,1696.47,Medium Risk,Medium Risk,0.45,1123.89,Payment retry & Concierge billing call,65.0,1058.89,17.3,True
2745,2024-11-13,Basic,199,18.1,4,3,9,11,No,0.4083,6,487.51,487.51,706.49,Medium Risk,Medium Risk,0.44,214.5,Payment retry & Concierge billing call,65.0,149.5,3.3,True
2746,2023-02-05,Basic,199,13.5,3,1,24,16,No,0.1858,8,295.79,295.79,1296.21,Low Risk,Low Risk,0.6,177.47,No action,0.0,177.47,177.5,False
2747,2023-01-29,Premium,699,2.4,5,5,16,33,Yes,0.9692,6,4064.82,4064.82,129.18,Critical Risk,Critical Risk,0.05,203.24,Payment retry & Concierge billing call,65.0,138.24,3.1,True
2748,2024-07-31,Standard,399,9.6,7,5,18,24,No,0.8126,6,1945.36,1945.36,448.64,Critical Risk,Critical Risk,0.05,97.27,Payment retry & Concierge billing call,65.0,32.27,1.5,True
2749,2023-10-02,Premium,699,12.7,7,3,18,37,Yes,0.8018,6,3362.75,3362.75,831.25,Critical Risk,Critical Risk,0.05,168.14,Payment retry & Concierge billing call,65.0,103.14,2.6,True
2750,2024-04-28,Premium,699,23.7,5,1,22,27,Yes,0.6562,8,3669.47,3669.47,1922.53,High Risk,High Risk,0.62,2275.07,Payment reminder & Priority billing assistance,35.0,2240.07,65.0,True
2751,2023-08-02,Standard,399,10.0,8,3,26,51,Yes,0.7928,8,2530.62,2530.62,661.38,High Risk,High Risk,0.05,126.53,Payment retry & Concierge billing call,65.0,61.53,1.9,True
2752,2024-12-15,Standard,399,2.4,5,2,9,23,Yes,0.9763,6,2337.26,2337.26,56.74,Critical Risk,Critical Risk,0.1,233.73,Payment retry & Concierge billing call,65.0,168.73,3.6,True
2753,2023-07-09,Basic,199,23.2,4,4,22,5,No,0.4636,8,738.05,738.05,853.95,Medium Risk,Medium Risk,0.47,346.88,Payment retry & Concierge billing call,65.0,281.88,5.3,True
2754,2024-04-02,Standard,399,8.4,5,4,10,24,Yes,0.7394,6,1770.12,1770.12,623.88,High Risk,High Risk,0.08,141.61,Payment retry & Concierge billing call,65.0,76.61,2.2,True
2755,2023-10-10,Basic,199,21.4,3,0,8,29,No,0.3539,6,422.56,422.56,771.44,Medium Risk,Medium Risk,0.69,291.57,Customer support follow-up,120.0,171.57,2.4,True
2756,2023-10-20,Basic,199,9.5,1,2,16,11,No,0.3685,6,439.99,439.99,754.01,Medium Risk,Medium Risk,0.66,290.39,Payment retry & Concierge billing call,65.0,225.39,4.5,True
2757,2024-03-01,Basic,199,16.4,3,1,17,50,No,0.4261,6,508.76,508.76,685.24,Medium Risk,Medium Risk,0.54,274.73,Payment reminder,15.0,259.73,18.3,True
2758,2024-04-08,Basic,199,19.5,4,1,20,45,No,0.4383,8,697.77,697.77,894.23,Medium Risk,Medium Risk,0.53,369.82,Payment reminder,15.0,354.82,24.7,True
2759,2024-11-28,Premium,699,5.9,7,1,27,6,No,0.1697,8,948.96,948.96,4643.04,Low Risk,Low Risk,0.48,455.5,No action,0.0,455.5,455.5,False
2760,2023-12-31,Basic,199,13.6,1,3,2,60,Yes,0.7865,4,626.05,626.05,169.95,High Risk,High Risk,0.2,125.21,Payment retry & Concierge billing call,65.0,60.21,1.9,True
2761,2023-04-05,Basic,199,23.3,1,2,10,46,Yes,0.6742,6,804.99,804.99,389.01,High Risk,High Risk,0.51,410.54,Payment retry & Concierge billing call,65.0,345.54,6.3,True
2762,2023-10-14,Premium,699,8.3,3,2,18,52,No,0.4564,6,1914.14,1914.14,2279.86,Medium Risk,Medium Risk,0.36,689.09,Payment retry & Concierge billing call,65.0,624.09,10.6,True
2763,2024-11-27,Premium,699,11.1,8,3,12,16,Yes,0.6145,6,2577.21,2577.21,1616.79,High Risk,High Risk,0.09,231.95,Payment retry & Concierge billing call,65.0,166.95,3.6,True
2764,2024-10-25,Premium,699,1.7,7,1,32,41,No,0.5947,8,3325.56,3325.56,2266.44,Medium Risk,Medium Risk,0.24,798.13,Payment reminder & Priority billing assistance,35.0,763.13,22.8,True
2765,2023-06-01,Premium,699,17.4,6,2,2,56,Yes,0.8232,4,2301.67,2301.67,494.33,Critical Risk,Critical Risk,0.13,299.22,Payment retry & Concierge billing call,65.0,234.22,4.6,True
2766,2023-11-28,Basic,199,11.8,2,4,29,27,Yes,0.7324,8,1165.98,1165.98,426.02,High Risk,High Risk,0.32,373.11,Payment retry & Concierge billing call,65.0,308.11,5.7,True
2767,2024-10-23,Standard,399,5.3,0,0,13,17,No,0.156,6,373.46,373.46,2020.54,Low Risk,Low Risk,0.73,272.63,No action,0.0,272.63,272.6,False
2768,2024-01-12,Basic,199,20.5,7,4,23,4,Yes,0.7086,8,1128.09,1128.09,463.91,High Risk,High Risk,0.32,360.99,Payment retry & Concierge billing call,65.0,295.99,5.6,True
2769,2024-05-10,Standard,399,16.6,0,0,34,1,No,0.1351,8,431.24,431.24,2760.76,Low Risk,Low Risk,0.95,409.68,No action,0.0,409.68,409.7,False
2770,2024-11-09,Premium,699,18.4,1,2,12,11,Yes,0.3073,6,1288.82,1288.82,2905.18,Low Risk,Low Risk,0.66,850.62,No action,0.0,850.62,850.6,False
2771,2023-05-07,Basic,199,10.9,4,1,8,36,No,0.343,6,409.54,409.54,784.46,Low Risk,Low Risk,0.37,151.53,No action,0.0,151.53,151.5,False
2772,2023-07-23,Basic,199,13.5,1,3,26,10,No,0.368,8,585.86,585.86,1006.14,Medium Risk,Medium Risk,0.59,345.66,Payment retry & Concierge billing call,65.0,280.66,5.3,True
2773,2024-02-05,Basic,199,9.8,5,2,13,45,Yes,0.7532,6,899.32,899.32,294.68,High Risk,High Risk,0.18,161.88,Payment retry & Concierge billing call,65.0,96.88,2.5,True
2774,2024-05-11,Basic,199,15.2,2,4,2,46,No,0.8218,4,654.15,654.15,141.85,Critical Risk,Critical Risk,0.07,45.79,Payment retry & Concierge billing call,65.0,-19.21,0.7,False
2775,2024-11-06,Basic,199,3.6,5,4,23,22,Yes,0.9229,8,1469.26,1469.26,122.74,Critical Risk,Critical Risk,0.05,73.46,Payment retry & Concierge billing call,65.0,8.46,1.1,True
2776,2024-03-29,Premium,699,22.8,2,1,14,9,No,0.2025,6,849.29,849.29,3344.72,Low Risk,Low Risk,0.85,721.9,No action,0.0,721.9,721.9,False
2777,2024-04-30,Basic,199,22.4,2,0,13,18,No,0.2329,6,278.08,278.08,915.92,Low Risk,Low Risk,0.82,228.03,No action,0.0,228.03,228.0,False
2778,2023-03-31,Premium,699,19.7,3,1,15,14,No,0.2309,6,968.39,968.39,3225.61,Low Risk,Low Risk,0.78,755.34,No action,0.0,755.34,755.3,False
2779,2024-07-18,Premium,699,24.3,7,3,23,5,No,0.4663,8,2607.55,2607.55,2984.45,Medium Risk,Medium Risk,0.46,1199.47,Payment retry & Concierge billing call,65.0,1134.47,18.5,True
2780,2023-05-04,Standard,399,13.0,6,4,3,31,No,0.7331,4,1170.03,1170.03,425.97,High Risk,High Risk,0.05,58.5,Payment retry & Concierge billing call,65.0,-6.5,0.9,False
2781,2024-05-18,Premium,699,20.8,3,3,11,2,Yes,0.5141,6,2156.14,2156.14,2037.86,Medium Risk,Medium Risk,0.51,1099.63,Payment retry & Concierge billing call,65.0,1034.63,16.9,True
2782,2024-07-20,Basic,199,10.2,5,5,10,54,No,0.7765,6,927.14,927.14,266.86,High Risk,High Risk,0.05,46.36,Payment retry & Concierge billing call,65.0,-18.64,0.7,False
2783,2024-05-19,Basic,199,17.1,2,5,36,5,No,0.2818,8,448.63,448.63,1143.37,Low Risk,Low Risk,0.39,174.97,No action,0.0,174.97,175.0,False
2784,2024-02-17,Premium,699,23.1,4,4,28,55,Yes,0.7918,8,4427.75,4427.75,1164.25,High Risk,High Risk,0.15,664.16,Payment retry & Concierge billing call,65.0,599.16,10.2,True
2785,2023-08-10,Standard,399,8.4,4,1,13,9,Yes,0.1466,6,350.96,350.96,2043.04,Low Risk,Low Risk,0.62,217.6,No action,0.0,217.6,217.6,False
2786,2023-04-19,Premium,699,4.0,2,5,10,32,Yes,0.9162,6,3842.54,3842.54,351.46,Critical Risk,Critical Risk,0.05,192.13,Payment retry & Concierge billing call,65.0,127.13,3.0,True
2787,2024-08-02,Premium,699,6.7,2,2,19,35,No,0.4737,8,2648.93,2648.93,2943.07,Medium Risk,Medium Risk,0.39,1033.08,Payment retry & Concierge billing call,65.0,968.08,15.9,True
2788,2024-09-24,Basic,199,4.9,5,3,12,3,Yes,0.7861,6,938.6,938.6,255.4,High Risk,High Risk,0.15,140.79,Payment retry & Concierge billing call,65.0,75.79,2.2,True
2789,2024-10-12,Standard,399,9.6,0,3,14,15,No,0.3563,6,852.98,852.98,1541.02,Medium Risk,Medium Risk,0.48,409.43,Payment retry & Concierge billing call,65.0,344.43,6.3,True
2790,2024-06-28,Premium,699,21.7,3,0,31,54,No,0.2444,8,1366.68,1366.68,4225.32,Low Risk,Low Risk,0.7,956.68,No action,0.0,956.68,956.7,False
2791,2023-01-07,Basic,199,10.2,7,2,18,6,No,0.5274,6,629.72,629.72,564.28,Medium Risk,Medium Risk,0.42,264.48,Payment retry & Concierge billing call,65.0,199.48,4.1,True
2792,2024-07-29,Standard,399,6.1,8,2,21,49,Yes,0.7573,8,2417.3,2417.3,774.7,High Risk,High Risk,0.05,120.86,Payment retry & Concierge billing call,65.0,55.86,1.9,True
2793,2024-02-15,Standard,399,0.8,1,1,10,49,Yes,0.7908,6,1893.18,1893.18,500.82,High Risk,High Risk,0.27,511.16,Payment reminder & Priority billing assistance,35.0,476.16,14.6,True
2794,2024-04-29,Premium,699,13.0,4,5,4,25,Yes,0.6871,4,1921.13,1921.13,874.87,High Risk,High Risk,0.07,134.48,Payment retry & Concierge billing call,65.0,69.48,2.1,True
2795,2023-02-16,Premium,699,10.0,5,5,24,17,No,0.6068,8,3393.23,3393.23,2198.77,High Risk,High Risk,0.08,271.46,Payment retry & Concierge billing call,65.0,206.46,4.2,True
2796,2023-03-10,Standard,399,6.7,1,1,21,59,No,0.3203,8,1022.4,1022.4,2169.6,Low Risk,Low Risk,0.53,541.87,No action,0.0,541.87,541.9,False
2797,2024-11-20,Standard,399,11.0,4,0,6,4,No,0.1498,6,358.62,358.62,2035.38,Low Risk,Low Risk,0.67,240.28,No action,0.0,240.28,240.3,False
2798,2024-08-13,Standard,399,11.0,0,4,22,59,No,0.5261,8,1679.31,1679.31,1512.69,Medium Risk,Medium Risk,0.31,520.59,Payment retry & Concierge billing call,65.0,455.59,8.0,True
2799,2024-05-23,Premium,699,15.0,3,4,25,20,No,0.4958,8,2772.51,2772.51,2819.49,Medium Risk,Medium Risk,0.31,859.48,Payment retry & Concierge billing call,65.0,794.48,13.2,True
2800,2024-03-21,Standard,399,2.0,0,1,12,1,Yes,0.5218,6,1249.19,1249.19,1144.81,Medium Risk,Medium Risk,0.64,799.48,Payment reminder & Priority billing assistance,35.0,764.48,22.8,True
